,author_last,author_first,title,year,genre_3,filename,beginnings
0,Storm, Theodor,Sämtliche Werke. Fünfter Band,1919,"Romane, Novellen und Erzählungen",Theodor_Storm_-_Sämtliche_Werke._Fünfter_Band.txt,"Eigentlich hieß er Carsten Carstens und war der Sohn eines Kleinbürgers, von dem er ein schon vom Großvater erbautes Haus an der Twiete des Hafenplatzes ererbt hatte und außerdem einen Handel mit gestrickten Wollwaren und solchen Kleidungsstücken, wie deren die Schiffer von den umliegenden Inseln auf ihren Seefahrten zu gebrauchen pflegten."
1,Leppin, Paul,Severins Gang in die Finsternis: Ein Prager Gespensterroman,1914,Historische Romane und Erzählungen,"Leppin,_Paul_-_Severins_Gang_in_die_Finsternis:_Ein_Prager_Gespensterroman-41320.txt",In diesem Herbste war Severin dreiundzwanzig Jahre alt geworden. 
2,Lindau, Rudolf,Das Glückspendel,1909,"Romane, Novellen und Erzählungen",Rudolf_Lindau_-_Das_Glückspendel.txt,Seit langen Jahren hatte Hermann Fabricius seinen alten Freund Heinrich Warren aus den Augen verloren – und vergessen. 
3,Olfers,Marie von,Frost in Blüthen,1876,"Romane, Novellen und Erzählungen",Marie_von_Olfers_-_Frost_in_Blüthen.txt,"Mit vieler Müh' hatte sich Dorothee von Ort zu Ort geschleppt – es gab gute Leute am Weg, sonst wäre sie wohl verkommen wie viele Ihresgleichen."
4,Pierson, Karoline,Das graue Haus in der Rue Richelieu / Eine Criminalgeschichte,1867,"Krimis, Thriller, Spionage",Karoline_Pierson_-_Das_graue_Haus_in_der_Rue_Richelieu_|_Eine_Criminalgeschichte.txt,"An einem sonnigen Maimorgen gingen zwei Herren über die Brücke in Paris, die den Namen pont neuf führt."
5,Paalzow, Henriette,Thomas Thyrnau – Dritter Theil,1843,Historische Romane und Erzählungen,Henriette_Paalzow_-_Thomas_Thyrnau_–_Dritter_Theil.txt,Der Oktober-Morgen lag mit seinem vollen magischen Reichthum über der Erde ausgebreitet – der Boden war mit Thauperlen besäet und der Rasen von dem saftigsten Grün. 
6,Wassermann, Jakob,Melusine,1896,"Romane, Novellen und Erzählungen",Jakob_Wassermann_-_Melusine.txt,"Wenige Menschen verstehen es, ihre Wünsche im Bereich des Möglichen zu lassen. "
7,Dominik, Hans,Atomgewicht 500,1934,Science Fiction,Hans_Dominik_-_Atomgewicht_500.txt,"»In Gottes Namen los!« Hart und gepreßt kamen die Worte aus dem Munde Robert Slawters, während seine Rechte den großen Stromschalter umlegte.  "
8,Pötzl, Eduard,Kriminal Humoresken,1906,"Krimis, Thriller, Spionage",Eduard_Pötzl_-_.txt,"Ueber Haarkräusler ist schon viel geschrieben worden, aber lange nicht genug. "
9,Alexis, Willibald,Walladmor,1824,"Romane, Novellen und Erzählungen",Willibald_Alexis_-_Walladmor.txt,"Sir! Wenn Sie sich noch eines jungen Mannes erinnern, den Sie vor ungefähr fünfundzwanzig Jahren auf Ihrem reizenden Landsitze bei Ellismern mit zuvorkommender Gastfreundschaft aufnahmen, so möchte Ihnen auch vielleicht noch eine, vom schönsten Herbstwetter begünstigte, Wasserpartie, welche von einer geistreichen Gesellschaft unter Ihren Auspicien von Chester aus nach der Insel Man und auf dem Rückwege nach Anglesea unternommen wurde, im Angedenken leben. Sie äußerten späterhin Ihre Verwunderung, daß, während Jedermann sich der Freude hingab, der junge Mann allein verschlossen im Hintertheil des Schiffes gesessen, und wenig Antheil an der allgemeinen Lust genommen habe. "
10,Kubitschek, Rudolf,Schnurren und Schwänke aus dem Böhmerwald,1939,"Humor, Satire",Rudolf_Kubitschek_-_Schnurren_und_Schwänke_aus_dem_Böhmerwald.txt,Beim Heimkommen ruft mir jedes Mal aus dem ersten Häuslein ein alter Mann zum blumengeschmückten Fenster heraus: »Grüaß Gott im Böhmerwald!«
11,Hübener, Helene,Maria und Lisa,1904,"Romane, Novellen und Erzählungen",Helene_Hübener_-_Maria_und_Lisa.txt,"Beginn eines Tagebuches am 16. Juli »Liebes Kind, nimm dir irgendeine Arbeit vor, das Ferienleben bringt sowieso viele Stunden des Nichtstuns mit sich«, sagte meine Mutter gestern, die nie sehen kann, wenn ihre Tochter unbeschäftigt dasitzt."
12,Eckstein, Ernst,Vielliebchen,1905,"Romane, Novellen und Erzählungen",Ernst_Eckstein_-_Vielliebchen.txt,Über dem altfränkischen Hausgarten lag die Septembersonne. 
13,Frommel, Emil,Eingeschneit: Eine Studentengeschichte,1899,"Romane, Novellen und Erzählungen","Frommel,_Emil_-_Eingeschneit:_Eine_Studentengeschichte-21917.txt","Es war in den Jahren, da einen weder die Wissenschaft noch der Geldbeutel durch ihre Schwere drücken, als sich etliche Studenten von Erlangen aufmachten, um die Welt zu besehen, ob sie auch wirklich so rund sei,wie der Herr Professor sagte."
14,Gerstäcker, Friedrich,Nach Amerika! Ein Volksbuch. Fünfter Band,1855,"Romane, Novellen und Erzählungen","Gerstäcker,_Friedrich_-_Nach_Amerika!_Ein_Volksbuch._Fünfter_Band-29102.txt","Ehe Hopfgarten das Haus erreichte, mußte er noch über ein Stück frischgepflügten und aufgeweichten Feldes, in dem er beinah stecken blieb."
15,Hackländer, Friedrich Wilhelm,Humoristische Erzählungen,1847,"Humor, Satire",Friedrich_Wilhelm_Hackländer_-_Humoristische_Erzählungen.txt,"Wenn man heutzutage etwas über eine Tour liest, die Dieser oder Jener gemacht hat, so kann man sich sicher darauf verlassen, gleich beim ersten Kapitel, neben Klagen über schlechte Wirthshäuser und theure Rechnungen und dergleichen Fatalitäten mehr, die Engländer, die dem Erzähler begegneten oder nicht begegneten, nach Kräften lächerlich gemacht zu finden."
16,Nettelbeck, Joachim,Des Seefahrers Nettelbeck Lebensgeschichte,1821,Romanhafte Biographien,Joachim_Nettelbeck_-_Des_Seefahrers_Nettelbeck_Lebensgeschichte.txt,Am 20. September 1738 ward ich zu Kolberg geboren und bekam den Taufnamen Joachim. 
17,Kretzer, Max,Der Mann ohne Gewissen,1904,"Romane, Novellen und Erzählungen",Max_Kretzer_-_Der_Mann_ohne_Gewissen.txt,"Draußen war es noch stockdunkel, als August Gläser mit einem lauten Schrei aus einem wüsten Traume erwachte."
18,Baudissin, Ulrich Graf,Der Albatros. Erster Band,1864,"Romane, Novellen und Erzählungen",Graf_Ulrich_Baudissin_-_Der_Albatros._Erster_Band.txt,Bequem in seinem weichgepolsterten Fauteuil hingestreckt saß der reiche Kaufmann Lüders und trank seinen Morgenkaffee. 
19,Stratz, Rudolf,Der mysteriöse Cavalier und andere Novellen,1924,"Romane, Novellen und Erzählungen",Rudolph_Stratz_-_Der_mysteriöse_Cavalier_und_andere_Novellen.txt,"So kamen, wie mit dem Westwind die grauen Wolken, die grauen Sorgen über den Rhein, seitdem Buonaparte und die Franzosen an seinem linken Ufer ihre Zelte aufgeschlagen, und flogen hinüber in das Reich und bis in die einsamen Wälder und Berge rechts vom Rhein, in denen, mit vielen anderen edlen Häusern, auch mein altes und distinguiertes, glaubhaft von Äneas stammendes, alle Zeit mit Rothwachs-Freiheit und dem Prädikat: »hoch- und wohlgeboren« begabtes Geschlecht, seit tausend Jahren frei, nur Seiner römischen Majestät in Wien und sonst Niemandem unterthan, gesessen und väterlich über nun, zu meinen, des Grafen Florentin VII., Zeiten nahe an achthundert Stück Unterthanen regieret. "
20,Kafka,Franz,Die Verwandlung,1916,Phantastische Literatur,Franz_Kafka_-_Die_Verwandlung.txt,"Als Gregor Samsa eines Morgens aus unruhigen Träumen erwachte, fand er sich in seinem Bett zu einem ungeheueren Ungeziefer verwandelt."
21,Storm,Theodor,Viola Tricolor,1873,"Romane, Novellen und Erzählungen",Theodor_Storm_-_Viola_Tricolor.txt,Es war sehr still in dem großen Hause; aber selbst auf dem Flur spürte man den Duft von frischen Blumensträußen.
22,Rilke,Rainer Maria,Die Aufzeichnungen des Malte Laurids Brigge,1910,"Romane, Novellen und Erzählungen",Rainer_Maria_Rilke_-_Die_Aufzeichnungen_des_Malte_Laurids_Brigge.txt,"So, also hierher kommen die Leute, um zu leben, ich würde eher meinen, es stürbe sich hier."
23,Sternheim, Carl,Napoleon: Eine Novelle,1918,Historische Romane und Erzählungen,"Sternheim,_Carl_-_Napoleon:_Eine_Novelle-41384.txt","Napoleon wurde 1820 zu Waterloo im Eckhaus, vor dem sich die Steinwege nach Nivelles und Genappes trennen, geboren. "
24,Einstein, Carl,Der Gaukler der Ebene und andere afrikanische Märchen und Legenden,1912,"Märchen, Sagen, Legenden",Carl_Einstein_-_Der_Gaukler_der_Ebene_und_andere_afrikanische_Märchen_und_Legenden.txt,"Uwolowu sprach zu den Untergöttern: So ein Mensch stirbt, möge er auferstehen. "
25,May, Karl,Schloß Rodriganda,1882,"Romane, Novellen und Erzählungen",Karl_May_-_Schloß_Rodriganda.txt,Es war im Herbst 1847. 
26,Wichert, Ernst,Endrik Kraupatis,1891,"Romane, Novellen und Erzählungen",Ernst_Wichert_-_Endrik_Kraupatis.txt,Die große Mühle in Kraupatischken war vor zwei Jahren abgebrannt. 
27,Christ, Lena,Erinnerungen einer Überflüssigen,1912,"Romane, Novellen und Erzählungen","Christ,_Lena_-_Erinnerungen_einer_Überflüssigen-57853.txt","Oft habe ich versucht, mir meine früheste Kindheit ins Gedächtnis zurückzurufen, doch reicht meine Erinnerung nur bis zu meinem fünften Lebensjahr und ist auch da schon teilweise ausgelöscht. "
28,Hammerstein, Hans Frhr. von,Mangold von Eberstein,1922,"Romane, Novellen und Erzählungen",Hans_Freiherrn_von_Hammerstein_-_Mangold_von_Eberstein.txt,Die Bauern tanzten. 
29,Federer, Heinrich,Spitzbube über Spitzbube,1921,"Romane, Novellen und Erzählungen",Heinrich_Federer_-_Spitzbube_über_Spitzbube.txt,"Ums Jahr 1482 waren in der groben und wildwüchsigen Schweiz zwei Bäume so hoch über alles Gefilde gewachsen, daß man sie weitum im Ausland mit Respekt bemerkte und eifersüchtig von ihrem Schirm und Schatten zu profitieren suchte. "
30,Strubberg, Friedrich (Armand),Sclaverei in Amerika oder Schwarzes Blut. Erster Band,1862,Historische Romane und Erzählungen,Friedrich_Armand_Strubberg_-_Sclaverei_in_Amerika_oder_Schwarzes_Blut._Erster_Band.txt,"Der Himmel, der sich beinahe das ganze Jahr hindurch rein und durchsichtig blau über dem Golf von Mexico, dem schönsten Gewässer der Erde, wölbt, war an einem Oktobertage mit schweren Wolken bedeckt, die gegen Abend immer eiliger und immer niedriger vor dem heftigen, rasch an Gewalt zunehmenden Wind über die Wogen hinjagten und das Tageslicht in ein schauerliches Düster verwandelten. "
31,Stucken, Eduard,Die weißen Götter – Erster Band,1934,Historische Romane und Erzählungen,Eduard_Stucken_-_Die_weißen_Götter_–_Erster_Band.txt,Die Menschheit ist gefangen auf der Erde –: der blaue Äther ist ihre Kerkermauer.  
32,Schurig, Arthur,Der Doppelgänger. Neun neue Beethoven-Novellen,1928,"Romane, Novellen und Erzählungen",Arthur_Schurig_-_Der_Doppelgänger._Neun_neue_Beethoven-Novellen.txt,"Um die Mitte des Juli 1796 trifft Ludwig van Beethoven, von Leipzig kommend, wo er niemanden aufgesucht hat, in Nürnberg ein, niedergeschlagen und krank."
33,Fallada, Hans,Der Trinker,1944,"Romane, Novellen und Erzählungen",Hans_Fallada_-_Der_Trinker.txt,"Ich habe natürlich nicht immer getrunken, es ist sogar nicht sehr lange her, daß ich mit Trinken angefangen habe."
34,Freytag, Gustav,Das Nest der ZaunkönigeErzählung aus dem Anfang des 11. Jahrhunderts,1873,"Romane, Novellen und Erzählungen","Freytag,_Gustav_-_Das_Nest_der_ZaunkönigeErzählung_aus_dem_Anfang_des_11._Jahrhunderts-51151.txt","Wo die Geisa das Wasser ihrer Quellen in die Fulda gießt, lag zwischen Wiesen und fruchtbaren Feldern das Kloster Herolfsfeld."
35,Mann, Thomas,Gladius Dei; Schwere Stunde,1902,"Romane, Novellen und Erzählungen","Mann,_Thomas_-_Gladius_Dei;_Schwere_Stunde-12053.txt",München leuchtete.
36,Meßner, Josef,Waldgeschichten,1857,"Romane, Novellen und Erzählungen",Josef_Meßner_-_Waldgeschichten.txt,"Urkund dessen unsere und zweier erbetenen Zeugen – eigenhändige Unterschrift!« las in kurzen Absätzen im Schreiben der Gemeindeschriftführer des Dorfes Hummelberg, sonst und nebenbei mit dem schlecht rentierenden Amte des Dorfschullehrers bekleidet, worauf er sich von seinem Sitze erhob, die Feder frisch eintunkte und selbe mit der verbindlichen Aufforderung: »Also unterschreiben, meine Herren!« den beiden Bauern hinhielt, die seine Rechtshilfe bei Verfassung des Kaufkontraktes über das Bauernstift Nr. C. 6 im Dorfe in Anspruch genommen hatten."
37,Dahn," Felix / Dahn, Therese",Walhall,1889,"Märchen, Sagen, Legenden",Felix_Dahn_und_Therese_Dahn_-_Walhall.txt,"Der Götterglaube der Germanen war ein Lichtkult, eine Verehrung der wohltätigen, dem Menschen segensreichen Mächte des Lichts, wie sie im Himmel, in der Sonne, den Gestirnen, dem Frühling oder Sommer gegenüber den schädlichen, unheimlichen Gewalten der Nacht, der Finsternis erschienen; auch Heiliges und Böses, Leben und Tod stellte sich ihnen als dieser Gegensatz von Licht und Finsternis dar."
38,Jungnickel, Max,Aus den Papieren eines Wanderkopfes,1918,"Romane, Novellen und Erzählungen",Max_Jungnickel_-_Aus_den_Papieren_eines_Wanderkopfes.txt,Ums rotdächrige Dorf eine Schwarzdornhecke.
39,Platen, August von,Prosatexte,1820,"Romane, Novellen und Erzählungen",August_von_Platen_-_Prosatexte.txt,"Das Königreich Talmyris beherrschte einmal ein gar weiser und trefflicher König, Pherias mit Namen, welcher sich bald nach seiner Thronbesteigung mit dem schönsten Fräulein im Lande vermählte.  "
40,Hoffmann,E.T.A.,Das Fräulein von Scuderi,1819,"Krimis, Thriller, Spionage",E._T._A._Hoffmann_-_Das_Fräulein_von_Scuderi.txt,"In der Straße St. Honoré war das kleine Haus gelegen, welches Magdaleine von Scuderi, bekannt durch ihre anmutigen Verse, durch die Gunst Ludwigs XIV. und der Maintenon, bewohnte."
41,Bern, Maximilian,Ein stummer Musikant,1880,"Romane, Novellen und Erzählungen",Maximilian_Bern_-_Ein_stummer_Musikant.txt,"Auf einsamen Spaziergängen wie im bunten Gewühl des Theaters, im dichten Gedränge der Straßenbummler wie in den lauschigen Winkeln stiller Kirchen, überall ist er mir begegnet, der blasse, hagere Mann mit der Duldermiene eines Christuskopfes. "
42,Gerstäcker, Friedrich,Die Colonie: Brasilianisches Lebensbild. Dritter Band,1864,"Romane, Novellen und Erzählungen","Gerstäcker,_Friedrich_-_Die_Colonie:_Brasilianisches_Lebensbild._Dritter_Band-39545.txt","In der Wohnung der Frau Gräfin sollte heute Abend große Gesellschaft sein, und die Zimmer waren deshalb alle festlich mit Blumen geschmückt, die Cigarrentische ängstlich bei Seite geschafft und einige Dutzend Stearinlichte in den verschiedenen Räumen angezündet, ja, selbst Helenens Instrument in das Empfangszimmer gebracht worden."
43,Saphir, Moritz Gottlieb,Album geselliger Thorheiten,1890,"Romane, Novellen und Erzählungen",Moritz_Gottlieb_Saphir_-_Album_geselliger_Thorheiten.txt,"Moritz Gottlieb Saphir, geboren am 8. Februar 1795 zu Lovas-Bereny bei Pest, von seinen jüdischen Eltern zum Studium des Talmud angehalten und früh in rabbinischem Witz geübt, entfloh 1808 von Hause, lebte in Prag, dem Handelsstand angehörig, und kehrte 1814 nach Pest zurück, wo er sich zuerst journalistischer Thätigkeit widmete."
44,Brentano,Clemens,Das Märchen von dem Myrtenfräulein,1811,"Märchen, Sagen, Legenden",Johannes_Scherr_-_Werther-Graubart.txt,"Im sandigen Lande, wo nicht viel Grünes wächst, wohnten einige Meilen von der prozellanenen Hauptstadt, wo der Prinz Wetschwuth residierte, ein Töpfer und seine Frau mitten auf ihrem Tonfeld neben ihrem Töpferofen, beide ohne Kinder, einsam und allein. "
45,Wildermuth, Ottilie,Perlen aus dem Sande,1867,"Romane, Novellen und Erzählungen",Ottilie_Wildermuth_-_Perlen_aus_dem_Sande.txt,"Echte Perlen wachsen tief auf dem geheimnißvollen Grunde des Meeres, und der Taucher, der diese Schätze der Tiefe heraufholt mit Gefahr seines Lebens, giebt Gesundheit, Lebenslust und Lebensblüthe daran, um den kostbaren Gewinn."
46,Franz, Agnes,Die Schwingen des Lebens,1840,"Romane, Novellen und Erzählungen",Agnes_Franz_-_Die_Schwingen_des_Lebens.txt,"Um das verirrte Geschlecht der Erde zu seinem höhern Ursprung zurückzuführen und seinem Uebermute zu steuern, der über vergänglichem Sinnenrausch die Freuden der Tugend, über irdischem Gewinn seine ewige Bestimmung sich in ihren Herzen verbarg, in einem Spiegel zu offenbaren. Zugleich war ihr Antlitz mit einem so siegenden Glanze bekleidet, daß jeder, ihre göttliche Abkunft erkennend, ihren Worten hingegeben vertraute. "
47,Lienert, Meinrad,Der doppelte Matthias und seine Töchter / 1,1929,"Romane, Novellen und Erzählungen",Meinrad_Lienert_-_Der_doppelte_Matthias_und_seine_Töchter_|_1.txt,Es war aber ein Hirte kleinen Wuchses aber aufrechten Hauptes und mit umtunlichen Augen und Armen und flott ausrückenden kurzen Beinen.    
48,Möllhausen, Balduin,Die Hyänen des Kapitals,1905,"Romane, Novellen und Erzählungen",Balduin_Möllhausen_-_Die_Hyänen_des_Kapitals.txt,Eine nächtliche Zusammenkunft. 
49,Armand,,Carl Scharnhorst. Abenteuer eines deutschen Knaben in Amerika.,1863,Spannung und Abenteuer,Armand_-_Carl_Scharnhorst._Abenteuer_eines_deutschen_Knaben_in_Amerika.-48322.txt,"In dem schönen, gesegneten Werrathale lebte eine Familie, Namens Turner, die aus den beiden Eltern, zwei Söhnen und einer Tochter bestand."
50,Wolzogen, Ernst von,Die tolle Komteß,1889,"Romane, Novellen und Erzählungen",Ernst_von_Wolzogen_-_Die_tolle_Komteß.txt,"In welchem der fremde Herr die Bekanntschaft des alten Hinrichs macht, der Leser einiges über die Leute von Räsendorf erfährt, und Fräulein Sophie vergebens erwartet wird."
51,Jensen, Wilhelm,Auf dem Vestenstein,1912,"Romane, Novellen und Erzählungen",Wilhelm_Jensen_-_Auf_dem_Vestenstein.txt,"Fuchs und Wolf konnten an dem fast rundum senkrechten Absturz des Felspfeilers nicht hinauf, höchstens mocht es da und dort Luchs und Wildkatze gelingen. "
52,Pfeffel, Gottlieb Konrad,Prosaische Versuche / 7. Theil,1811,"Romane, Novellen und Erzählungen",Gottlieb_Conrad_Pfeffel_-_Prosaische_Versuche_|_7._Theil.txt,"Ein großer Mann, bei Gott, ein großer Mann!"
53,Achleitner, Arthur,Der Bezirkshauptmann. Zweiter Teil,1901,"Romane, Novellen und Erzählungen",Arthur_Achleitner_-_Der_Bezirkshauptmann._Zweiter_Teil.txt,"Wenn der Bäckermeister Zoderer zu seinem Freunde Piffrader gesagt hatte, die Verlobung des Steuerinspektors Gritz mit Hedwig solle vorerst nicht publik werden, so war das so wenig ernst gemeint als manche Bürgerrede über das Beamtentum und die absichtlich zur Schau getragene Geringschätzung."
54,Albrecht, Sophie,Das höfliche Gespenst,1797,"Romane, Novellen und Erzählungen",Sophie_Albrecht_-_Das_höfliche_Gespenst.txt," Wenn wir die Zeiten der Vergangenheit überdenken, und uns ihre blutigen Schlachten, ihre fürchterlichen Kriege Schaudern erregen, so verweilt unsere bebende Fantasie mehrentheils bey brennenden Städten, öden Landstrichen, und unter  der grauenvollen Stille todtenreicher Gefilde."
55,Scherr, Johannes,Michel,1858,"Romane, Novellen und Erzählungen",Johannes_Scherr_-_Michel.txt,Wie meine Mutter strickte und mein Vater einen wunderlichen Heiligen anrief.
56,Glauser, Friedrich,Der Chinese,1939,"Krimis, Thriller, Spionage","Glauser,_Friedrich_-_Der_Chinese.txt","Studer stellte das Gas ab, stieg von seinem Motorrad und wunderte sich über die plötzliche Stille, die von allen Seiten auf ihn eindrang."
57,Gerstäcker, Friedrich,Die Regulatoren in Arkansas,1845,Spannung und Abenteuer,Friedrich_Gerstäcker_-_Die_Regulatoren_in_Arkansas.txt,"Wenige Worte werden genügen, diese Erzählung aus den westlichen Wäldern Amerikas bei dem Leser einzuführen und ihn darauf vorzubereiten, was er überhaupt darin zu erwarten hat."
58,Gotthelf, Jeremias,Der Oberamtmann und der Amtsrichter,1853,"Romane, Novellen und Erzählungen",Jeremias_Gotthelf_-_Der_Oberamtmann_und_der_Amtsrichter.txt,"Es war ein schöner Herbsttag; der rote Apfel im grünen Laube, die langen Reihen auf großen Äckern, wahre Schatzgräber, die aus dem Boden schlugen die rauhen Kartoffeln, wichtiger der Menschheit als Silber und Gold, der Sämann, der mit ernstem Gesichte und langen, gemessenen Schritten den Samen strömen läßt aus kundiger Hand, bezeugen es, daß man in die dritte Zeit des Jahres gekommen."
59,Dahn, Felix,Ebroin,1897,Historische Romane und Erzählungen,Felix_Dahn_-_Ebroin.txt,In einer Sommernacht des Jahres sechshundertachtunddreißig nach Christus wurden vor den Thoren von Poitiers zwei Kinder geboren.
60,Jensen, Wilhelm,Hunnenblut,1892,Historische Romane und Erzählungen,Wilhelm_Jensen_-_Hunnenblut.txt,"Wenn der Inn, und ungefähr zehn Meilen östlich von ihm sein größter Zufluß, die Salzach, aus den letzten Alpenbergen hervorbrechen, wendet die letztere sich nordwärts, der erstere sich in einem Halbbogen nach Nordosten."
61,Federn, Karl,Abenteuer und Magie. Band I,1926,"Romane, Novellen und Erzählungen",Karl_Federn_-_Abenteuer_und_Magie._Band_I.txt,"Als Antoine von Chamillac – von den Cloré-Chamillac, die sich seit langem für die erste Familie von Aix hielten, – die Tochter des Marquis von Irville als Gattin heimgeführt hatte, wuchs sein Stolz über die Maßen."
62,Droste-Hülshoff,Annette von,Die Judenbuche,1842,"Romane, Novellen und Erzählungen",Annette_von_Droste-Hülshoff_-_Die_Judenbuche.txt,"Friedrich Mergel, geboren 1738, war der einzige Sohn eines sogenannten Halbmeiers oder Grundeigentümers geringerer Klasse im Dorfe B., das, so schlecht gebaut und rauchig es sein mag, doch das Auge jedes Reisenden fesselt durch die überaus malerische Schönheit seiner Lage in der grünen Waldschlucht eines bedeutenden und geschichtlich merkwürdigen Gebirges."
63,Steinhausen, Heinrich,IrmelaEine Geschichte aus alter Zeit,1881,"Romane, Novellen und Erzählungen","Steinhausen,_Heinrich_-_IrmelaEine_Geschichte_aus_alter_Zeit-24390.txt","Die heitre Sonne des Pfingstsonntages im Jahre des HErrn 13.. sank hinter die rebenbepflanzten Berge, welche von Westen her das liebliche Thal einschließen, in dem die stattlichen Gebäude der wohlbekannten Cisterzienser-Abtei Maulbronn sich erheben."
64,Chamisso,Adelbert von,Peter Schlemihls wundersame Geschichte,1813,"Romane, Novellen und Erzählungen",Adelbert_von_Chamisso_-_Peter_Schlemihls_wundersame_Geschichte.txt,"Nach einer glücklichen, jedoch für mich sehr beschwerlichen Seefahrt, erreichten wir endlich den Hafen. "
65,Heimann, Moritz,Dr. Wislizenus,1921,"Romane, Novellen und Erzählungen",Moritz_Heimann_-_Dr._Wislizenus.txt,"In seinem Hause, das, vom Dorf eine halbe Stunde entfernt, mit Garten und Gehöft, völlig für sich allein im Ausschnitt eines Kiefernwaldes lag, saß an einem Abend gegen Oktoberende der Dr. Wislizenus vor seinem Tische und las."
66,Reuter, Fritz,Memoiren eines alten Fliegenschimmels,1863,"Romane, Novellen und Erzählungen",Fritz_Reuter_-_Memoiren_eines_alten_Fliegenschimmels.txt,"So nenne ich Dich, weil Deine unvergeßliche Mutter, die herrliche Miß Shrimp, aus der Ayescha, aus der Penelope, aus der Merry Maid, aus der mir noch im alten, verschrumpften Herzen thronenden, ewig von mir angebeteten Miß Diamond, die Quellen ihres durch keine Mésalliance verunreinigten Blutes auf diese Letztere zurückführt, und weil Du zu Deines Hauses Glanz durch die Siege auf den Rennbahnen zu Doberan und Güstrow weithinleuchtende Erfolge gefügt hast, kurz weil Du der rechte Spahn vom alten Holze, das rechte Reis vom alten Stamme bist."
67,Olden, Balder,Madumas Vater,1928,"Romane, Novellen und Erzählungen",Balder_Olden_-_Madumas_Vater.txt,"Mitten in Deutschland, in einer so untropisch deutschen Stadt wie Hannover, hatten Schukrins sechs Jahre lang Afrika gespielt."
68,Fischer, Caroline Auguste,Krauskopf und Goldlöckchen,1802,"Romane, Novellen und Erzählungen",Caroline_Auguste_Fischer_-_Krauskopf_und_Goldlöckchen.txt,Die Fee Soline hatte seit mehreren Jahren über verschiedne Königreiche regiert.
69,Rheiner, Walter,Kokain,1918,Phantastische Literatur,"Rheiner,_Walther_-_Kokain.txt","Nacht hing groß in den Bäumen der Allee und tropfte auf seine Schultern nieder, da Tobias unter den flüsternden Ästen dahinschritt."
70,Keller,Paul,Die alte Krone: Ein Roman aus dem Spreewald,1909,"Romane, Novellen und Erzählungen","Keller,_Paul_-_Die_alte_Krone:_Ein_Roman_aus_dem_Spreewald-51722.txt","Gar nicht fern von dem schreienden, lachenden, gellenden Berlin wohnt die große Stille in hohen Föhrenwäldern, ist eine andere Welt, wohnt ein anderes Volk, ist eine andere Zeit."
71,Bonsels, Waldemar,"Himmelsvolk: Ein Buch von Blumen, Tieren und Gott",1915,Phantastische Literatur,"Bonsels,_Waldemar_-_Himmelsvolk:_Ein_Buch_von_Blumen,_Tieren_und_Gott-27220.txt","Bei der Waldwiese, auf der alten Linde, die sich noch kaum belaubt hatte, saß Kuno, der Star, vor Sonnenaufgang und putzte sich im Frühlicht."
72,Richter, Jean Paul,Biographische Belustigungen unter der Gehirnschale einer Riesin,1796,"Romane, Novellen und Erzählungen",Jean_Paul_-_Biographische_Belustigungen_unter_der_Gehirnschale_einer_Riesin.txt,"Auf nichts ist die Welt in Büchern so erpicht als auf das, wovor ihr auf den Theatern so ekelt – aufs Erzählen."
73,Kolb, Annette,Das Exemplar,1913,"Romane, Novellen und Erzählungen","Kolb,_Annette_-_Das_Exemplar-44298.txt","Zwei Monate aus Mariclées seltsamem Leben seien hier preisgegeben und der Vorhang weit davon zurückgeschlagen; dann falle er wieder zu, und sie mag wieder ihres Weges ziehen."
74,Lafontaine, August,Klara du Plessis und Klairant. Zweiter Theil,1801,"Romane, Novellen und Erzählungen",August_Heinrich_Julius_Lafontaine_-_Klara_du_Plessis_und_Klairant._Zweiter_Theil.txt,"Ich habe deinen lezten Brief, meine Klara, und bin nicht unglüklicher, als ich war. "
75,Pfleghar, Artur Jost,Nordleute,1937,"Romane, Novellen und Erzählungen",Artur_Jost_Pfleghar_-_Nordleute.txt,Die Kajüte achteraus liegt zur Hälfte unter der Wasserlinie.
76,Rose, Felicitas,Kerlchen als Erzieher. Provinzmädel Band 3,1903,"Romane, Novellen und Erzählungen",Felicitas_Rose_-_Kerlchen_als_Erzieher._Provinzmädel_Band_3.txt,"Als neulich der Wagen in der Kirchallee vor Villa Käfermann hielt, da stockte mir doch ein klein wenig der Herzschlag."
77,Meyrink, Gustav,Der Golem,1915,Phantastische Literatur,Gustav_Meyrink_-_Der_Golem.txt,"Das Mondlicht fällt auf das Fußende meines Bettes und liegt dort wie ein großer, heller, flacher Stein."
78,Roth, Joseph,Das falsche Gewicht,1937,"Romane, Novellen und Erzählungen",Joseph_Roth_-_Das_falsche_Gewicht.txt,"Es war einmal im Bezirk Zlotogrod ein Eichmeister, der hieß Anselm Eibenschütz."
79,Lossow, Rudolf von,Das Licht am Styx,1943,"Krimis, Thriller, Spionage",Rudolf_von_Lossow_-_Das_Licht_am_Styx.txt,Viel Unruhe liegt in der Luft.
80,Hoffmann, E.T.A.,Prinzessin Brambilla,1820,"Märchen, Sagen, Legenden",E._T._A._Hoffmann_-_Prinzessin_Brambilla.txt,"Die Dämmerung brach ein, es läutete in den Klöstern zum Ave: da warf das holde hübsche Kind, Giacinta Soardi geheißen, das reiche Frauenkleid von rotem schweren Atlas, an dessen Besatz sie emsig gearbeitet, beiseite und schaute aus dem hohen Fenster unmutig hinab, in die enge, öde, menschenleere Gasse."
81,Sylva, Carmen,Briefe einer einsamen Königin,1916,"Romane, Novellen und Erzählungen",Carmen_Sylva_-_Briefe_einer_einsamen_Königin.txt,"Mit diesem Telegramm wurde mir am 2. März 1916 der Tod der Königin Elisabeth von Rumänien durch ihre Freundin mitgeteilt, und wirklich, ich wüßte mir für ihr Ableben keinen schöneren, bezeichnenderen Ausdruck."
82,Schmitthenner, Adolf,Kopf und Herz,1896,"Romane, Novellen und Erzählungen",Adolf_Schmitthenner_-_Kopf_und_Herz.txt,"Beide hatte ich heute gesehen, Luise bei meinem Buchhändler, Isolde auf der Eisbahn."
83,Apel/Laun,,Gespensterbuch. Viertes Bändchen,1811,Phantastische Literatur,August_Apel_-_Gespensterbuch._Viertes_Bändchen.txt,Es schlug Elf. 
84,Lindau, Paul,Mein Freund Hilarius,1910,"Romane, Novellen und Erzählungen",Paul_Lindau_-_Mein_Freund_Hilarius.txt,"Da saß er im Café des Kaiserhofs und folgte mit gespannter Aufmerksamkeit dem Kampfe zweier Schachspieler, ohne der Umgebung irgendwelche Teilnahme zuzuwenden."
85,Reinhard,Luise,Aus dem Strome der Gegenwart,1865,"Romane, Novellen und Erzählungen",Luise_Reinhardt_-_Aus_dem_Strome_der_Gegenwart.txt,"Es ist Frühling, aber noch fliegen die Schneeflocken und der Wind tobt, als wolle er sich den Spaß machen, die Dächer abzudecken."
86,Dominik, Hans,Befehl aus dem Dunkel,1933,Science Fiction,Hans_Dominik_-_Befehl_aus_dem_Dunkel.txt,"Wäre der Blitz in das Gouvernementsgebäude von Irkutsk geschlagen, Verwirrung und Aufregung hätten nicht größer sein können. "
87,Hoefer, Edmund,An der Grenze,1849,"Romane, Novellen und Erzählungen",Edmund_Hoefer_-_An_der_Grenze.txt,"An der Grenze 1849 Bei der Stadt –t, dem letzten bedeutenden und ummauerten Ort gegen das Nachbarland zu, zweigte sich rechts von der breiten Kunststraße ein wenig befahrener und, wie gewöhnlich dort zu Lande, schlecht unterhaltener Weg ab, der sich etwa eine Stunde weit durch gut bebautes Land und ansehnliche Dörfer wand, dann die mäßigen Hügel hinanstieg, welche von Südost gegen Nordwest sich in's Land ziehen, und darauf sich plötzlich und ziemlich steil wieder in eine Ebene hinabstürzte."
88,Meyer, Conrad Ferdinand,Gustav Adolfs Page,1882,"Romane, Novellen und Erzählungen",Conrad_Ferdinand_Meyer_-_Gustav_Adolfs_Page.txt,"In dem Kontor eines unweit St. Sebald gelegenen nürembergischen Patrizierhauses saßen sich Vater und Sohn an einem geräumigen Schreibtische gegenüber, der Abwickelung eines bedeutenden Geschäftes mit gespanntester Aufmerksamkeit obliegend."
89,Titelius, Maria,Der Geigenheiner vom Karwendel. Eine liebe Last,1862,"Romane, Novellen und Erzählungen",M._Titelius_-_Der_Geigenheiner_vom_Karwendel._Eine_liebe_Last.txt,"Das blutige Ringen des Tages war beendet, der Donner der Geschütze verstummt, die Stille der Nacht lag über Weißenburg und den Höhen der umgebenden Berge, welche noch gestern der Schauplatz so großer Heldentaten unserer preußischen und bayrischen Soldaten gewesen waren."
90,Schubin, Ossip,Der Rosenkavalier,1924,"Romane, Novellen und Erzählungen",Ossip_Schubin_-_Der_Rosenkavalier.txt,"Es war in Wien, nach einem Bankett, bei dem der siebzigste Geburtstag eines weithin bekannten Schriftstellers gefeiert worden war."
91,Tieck, Ludwig,Franz Sternbalds Wanderungen,1798,"Romane, Novellen und Erzählungen",Ludwig_Tieck_-_Franz_Sternbalds_Wanderungen.txt," »So sind wir denn endlich aus den Toren der Stadt«, sagte Sebastian, indem er stille stand und sich freier umsah.  "
92,Becker, Herbert,Gripse,1928,"Romane, Novellen und Erzählungen",Herbert_Becker_-_Gripse.txt,Spänesammler Krikoreit war bei der letzten Rationalisierung geflogen.
93,Schücking, Levin,Der Familienschild,1841,"Romane, Novellen und Erzählungen",Levin_Schücking_und_Annette_von_Droste-Hülshoff_-_Der_Familienschild.txt,"Unfern des in unsern Tagen so bekannt gewordenen Forts Ham in der Picardie lag im siebzehnten Jahrhundert eine Burg, oder besser, eine Art ritterlichen Manoirs, das den Namen Moyencourt führte.  "
94,Schefer, Leopold,Der heimliche König der Armenier,1857,"Romane, Novellen und Erzählungen",Leopold_Schefer_-_Der_heimliche_König_der_Armenier.txt,"Aus dem Gesandschaftshotel in Pera ging ich, der Sicherheit wegen als Türke gekleidet, zum Hafen hinab, um mich einzuschiffen, am liebsten sogleich!"
95,Kellermann, Bernhard,Die Heiligen,1922,"Romane, Novellen und Erzählungen",Bernhard_Kellermann_-_Die_Heiligen.txt,Schon vor Tagesgrauen erhob sich der Advokat von seinem Lager.
96,Ertl, Emil,Auf der Wegwacht,1911,"Romane, Novellen und Erzählungen",Emil_Ertl_-_Auf_der_Wegwacht.txt,"Eine schwarzgekleidete Frau, in noch jugendlicher Fülle blühend, saß in dem kleinen Kontor am Schreibtisch, ein schweres kaufmännisches Buch vor sich, und reihte mit ihrer leichten, heiteren Schrift Eintragungen geschäftlichen Inhalts aneinander."
97,Kafka, Franz,Das Urteil: Eine Geschichte,1913,"Romane, Novellen und Erzählungen","Kafka,_Franz_-_Das_Urteil:_Eine_Geschichte-21593.txt",Es war an einem Sonntagvormittag im schönsten Frühjahr. 
98,Raabe, Wilhelm,Gutmanns Reisen,1892,"Romane, Novellen und Erzählungen",Wilhelm_Raabe_-_Gutmanns_Reisen.txt,"Das Haus Gutmann und Frau (die Frau hieß Line wie in Gutmanns Reisen) war in der norddeutschen Kleinstadt so wohl und so übel angesehen, wie man es nur wünschen konnte."
99,Körner, Theodor,Die Reise nach Wörlitz,1810,"Romane, Novellen und Erzählungen",Theodor_Körner_-_Die_Reise_nach_Wörlitz.txt,"Jeder Mensch hat Augenblicke, wo ihm das Leben recht freundlich begegnet, Lichtmomente in dem lieblosen Zwielichte seines Schicksals wo er hinaussehen kann in die frohere Zukunft oder in das ferne Wesen seiner Ideale, die er nimmer erreichen darf."
100,Schefer, Leopold,Der Zwerg,1845,"Romane, Novellen und Erzählungen",Leopold_Schefer_-_Der_Zwerg.txt,Sir Richard war in Bengalen ein Nabob an Reichthum geworden. 
101,Enking, Ottoma,Matthias Tedebus der Wandersmann,1913,"Romane, Novellen und Erzählungen",Ottomar_Enking_-_Matthias_Tedebus_der_Wandersmann.txt,"Der Zug schob sich pfeifend, immer langsamer, auf seinem stark gekrümmten Eisenwege bis an den offenen Bahnhofssteig heran. "
102,Boy-Ed, Ida,Empor!,1892,"Romane, Novellen und Erzählungen",Ida_Boy-Ed_-_Empor!.txt,Es klopfte hart und kurz an die Tür.
103,Zedelius, Marie,Ein unheilvoller Augenblick,1874,"Romane, Novellen und Erzählungen",Marie_Zedelius_-_Ein_unheilvoller_Augenblick.txt," Ich will Deiner Versicherung glauben, Clotilde, daß keine Heimlichkeit vorhergegangen, daß der Antrag auch Dir überraschend gekommen ist; damit aber genug – überlaß jetzt mir das Weitere!« "
104,Ebner-Eschenbach, Marie Freifrau von,Zwei Comtessen,1891,"Romane, Novellen und Erzählungen",Marie_von_Ebner-Eschenbach_-_Zwei_Comtessen.txt,"Die Treibjagden sind vorbei, alle Gäste abgereist. "
105,Spielhagen, Friedrich,Hans und Grete,1867,"Romane, Novellen und Erzählungen",Friedrich_Spielhagen_-_Hans_und_Grete.txt,"Heute ging's im Dorf noch lustiger zu, als die Tage vorher, obgleich das rechte, echte Kirmeßtage gewesen waren. "
106,Goethe, Johann Wolfgang von,Die Wahlverwandtschaften,1809,"Romane, Novellen und Erzählungen",Johann_Wolfgang_von_Goethe_-_Die_Wahlverwandtschaften.txt,"Eduard – so nennen wir einen reichen Baron im besten Mannesalter – Eduard hatte in seiner Baumschule die schönste Stunde eines Aprilnachmittags zugebracht, um frisch erhaltene Pfropfreiser auf junge Stämme zu bringen."
107,Zweig, Friderike Maria Burger Winternitz,Vögelchen,1919,"Romane, Novellen und Erzählungen","Zweig,_Friderike_Maria_Burger_Winternitz_-_Vögelchen-57114.txt","Etwa um das Jahr 1860 fand in Wien, im Hause einer adeligen Dame, eine Ausstellung von Miniaturen statt, in der besonders zwei Sammlungen, die Adalbert Mannsthals, des Besitzers oder Großaktionärs der Mannsthal-Werke, und die des Nervenarztes Dr. Clemens Urbacher, Aufmerksamkeit erregten."
108,Rose, Felicitas,Die jungen Eulenrieds,1936,"Romane, Novellen und Erzählungen",Felicitas_Rose_-_Die_jungen_Eulenrieds.txt,"Die Glocken des kleinen Kirchleins von Ilmenbach, droben im Thüringer Wald, taten ihre letzten Schläge. "
109,Lasker-Schüler, Else,Das Hebräerland,1937,"Romane, Novellen und Erzählungen",Else_Lasker-Schüler_-_Das_Hebräerland.txt,"Ihr aber sollt mir sein ein Reich von Priestern, ein heiliges Volk Aus der Höhe Jerusalems stürzt der Geier und ordnet sein Gefieder, bevor er sich in einer Grube niederläßt."
110,Steub, Ludwig,Die Rose der Sewi,1879,"Romane, Novellen und Erzählungen",Ludwig_Steub_-_Die_Rose_der_Sewi.txt,"Im Unterinntal, welches ein Teil der gefürsteten Grafschaft Tirol ist, lebte vor vielen Jahren ein reicher Wirt, der eine schöne Tochter hatte."
111,Watzlik, Hans,Bayrische Erzählungen,1944,"Romane, Novellen und Erzählungen",Hans_Watzlik_-_Bayrische_Erzählungen.txt,"Der Riese Türsch hauste einsam in einer Mooskluft, und die lag so abgeschieden in der Wildnis, dass dort nicht einmal ein Vogel nisten wollte und Sonne und Mond in der verstrüppten Gegend ihren Schein verloren."
112,Bleibtreu, Karl,Bismarck – Ein Weltroman – Band 2,1915,Historische Romane und Erzählungen,Karl_Bleibtreu_-_Bismarck_–_Ein_Weltroman_–_Band_2.txt,"So verlief die Neuenburger Sache unrühmlich im Sande, ohne ein anderes Ergebnis als neue pathologische Belastung des Königs."
113,Mügge, Theodor,Cosimo,1862,"Romane, Novellen und Erzählungen",Theodor_Mügge_-_Cosimo.txt,"Im Jahre 1779, als Alviso Mocenigo Doge in Venedig war, begab es sich eines Abends, daß zwei junge Edelleute noch in später Stunde unter den Arkaden des Marcusplatzes auf und abgingen. "
114,Hildebrand, Theodor,"Der Vampyr, oder: Die Todtenbraut. Zweiter Theil.Ein Roman nach neugriechischen Volkssagen",1828,Horror,"Hildebrand,_Theodor_-_Der_Vampyr,_oder:_Die_Todtenbraut._Zweiter_Theil.Ein_Roman_nach_neugriechische-51695.txt","Der Knall der beiden Pistolenschüsse hallte durch das ganze Schloß wider, und verbreitete darin sogleich einen unbeschreiblichen Schrecken."
115,Stegemann, Hermann,Die Himmelspacher,1912,"Romane, Novellen und Erzählungen",Hermann_Stegemann_-_Die_Himmelspacher.txt,"Als die Frau ›Zu Allen Winden‹ zu sterben kam, war sie mit dem Herrgott uneins über ihre Todesstunde."
116,Musil,Robert,Die Verwirrungen des Zöglings Törleß,1906,"Romane, Novellen und Erzählungen",Robert_Musil_-_Die_Verwirrungen_des_Zöglings_Törleß.txt,"Sobald wir etwas aussprechen, entwerten wir es seltsam."
117,Sperl, August,Der Bildschnitzer von Würzburg,1925,Romanhafte Biographien,August_Sperl_-_Der_Bildschnitzer_von_Würzburg.txt,"Auf die schneebedeckten Giebel Würzburgs fielen schrägher die roten Strahlen der abendlichen Februarsonne, und in der engen Gasse beim alten Hof zum Wolfmannszichlein war es dämmerig genug."
118,Raabe, Wilhelm,Zum wilden Mann,1873,"Romane, Novellen und Erzählungen",Wilhelm_Raabe_-_Zum_wilden_Mann.txt,"Sie machten weit und breit ihre Bemerkungen über das Wetter, und es war wirklich ein Wetter, über das jedermann seine Bemerkungen laut werden lassen durfte, ohne Schaden an seiner Reputation zu leiden. "
119,Supper, Auguste,Die Mühle im kalten Grund,1912,"Romane, Novellen und Erzählungen",Auguste_Supper_-_Die_Mühle_im_kalten_Grund.txt,"Niemand weiß, warum die Wassergasse ihren Namen trägt."
120,Lersch, Heinrich,Die Pioniere von Eilenburg,1934,"Romane, Novellen und Erzählungen",Heinrich_Lersch_-_Die_Pioniere_von_Eilenburg.txt,"Auf der großen Landstraße, die von Delitzsch nach Torgau führt, marschiert ein Handwerksbursche."
121,May, Karl,In den Cordilleren,1888,"Romane, Novellen und Erzählungen",Karl_May_-_In_den_Cordilleren.txt,"Die Stadt Palmar liegt in der Provinz Corrientes, dem Argentinischen Mesopotamien, und zwar an dem Flusse, welcher denselben Namen wie die Provinz selbst führt."
122,Lindau, Rudolf,Schweigen,1895,"Romane, Novellen und Erzählungen",Rudolf_Lindau_-_Schweigen.txt,"Als ich vor fünf Jahren in leidenschaftlicher Liebe für Susanne entbrannte, da warnte mich meine Mutter: »Du bist vierzig Jahre alt, sie ist achtzehn. – Nimm dich in acht!« "
123,Niese, Charlotte,Der verrückte Flinsheim,1914,"Romane, Novellen und Erzählungen",Charlotte_Niese_-_Der_verrückte_Flinsheim.txt,"Keiner der Herren, die nachmittags in der Weinstube saßen und Punsch tranken, wußte soviel Geschichten wie der alte Geheimrat, und keiner erzählte sie so gut."
124,Döblin, Alfred,Die Lobensteiner reisen nach Böhmen: Zwölf Novellen und Geschichten,1917,"Romane, Novellen und Erzählungen","Döblin,_Alfred_-_Die_Lobensteiner_reisen_nach_Böhmen:_Zwölf_Novellen_und_Geschichten-36779.txt",Vor der Abfahrt des Zuges lächelte Frau Barinianu auf dem Bahnhof Bukarest.
125,Blei, Franz,Frauen und Männer der Renaissance,1927,"Romane, Novellen und Erzählungen",Franz_Blei_-_Frauen_und_Männer_der_Renaissance.txt,Längst schon war der Parnaß nicht mehr das steile Felsgebirg und nur dem geflügelten Rosse zugänglich.
126,Hyan, Hans,Strafsache van Geldern,1930,"Krimis, Thriller, Spionage",Hans_Hyan_-_Strafsache_van_Geldern.txt,"Am blauen, durchsichtigen Himmel zogen weiße Wölkchen friedlich von Osten nach Westen."
127,Fallada, Hans,Der eiserne Gustav,1938,"Romane, Novellen und Erzählungen",Hans_Fallada_-_Der_eiserne_Gustav.txt,"Vielleicht war es das Pferd im Stall gewesen, die Schimmelstute, das Lieblingstier des alten Hackendahl: Es ließ pausenlos die Halfterkette durch den Krippenring rasseln und schlug, sein Futter fordernd, unablässig mit dem Huf gegen das Stallpflaster. "
128,Stilling, Heinrich,Eine wahre englische Katze,1942,"Romane, Novellen und Erzählungen",Heinrich_Stilling_-_Eine_wahre_englische_Katze.txt,"Die in dieser Geschichte vorkommenden Menschen und Tiere haben niemals gelebt, ihre Namen sind frei erfunden."
129,Kuhn, Gottlieb Jakob,Die Papierstreifen,1860,"Romane, Novellen und Erzählungen",Gottlieb_Jakob_Kuhn_-_Die_Papierstreifen.txt,"»Wo ist mein neues Maß hingekommen? Da, auf den Tisch hatt' ich's hingelegt!"
130,Tieck, Ludwig,Wunderlichkeiten,1837,"Romane, Novellen und Erzählungen",Ludwig_Tieck_-_Wunderlichkeiten.txt,"Und wenn sie uns nicht das Wenige bezahlt, was sie uns schuldig ist? fragte das junge blonde Mädchen mit höchst bekümmertem Ton. "
131,Reiser, Hans,Der geliebte Strolch,1928,"Romane, Novellen und Erzählungen",Hans_Reiser_-_Der_geliebte_Strolch.txt,Im Dezember bin ich von Berlin zurückgekommen. 
132,Heyse, Paul,Novellen [1],1855,"Romane, Novellen und Erzählungen",Paul_Heyse_-_Novellen_[1].txt,"Am offnen Fenster, das auf den kleinen Blumengarten hinausging, stand die blinde Tochter des Dorfküsters und erquickte sich am Winde, der über ihr heißes Gesicht flog."
133,Boy-Ed, Ida,Vor der Ehe,1915,"Romane, Novellen und Erzählungen",Ida_Boy-Ed_-_Vor_der_Ehe.txt,Die Tagesarbeit war abgeschlossen.
134,Eschstruth, Nataly von,Der verlorene Sohn,1902,"Romane, Novellen und Erzählungen",Nataly_von_Eschstruth_-_Der_verlorene_Sohn.txt,Man nannte sie einen wunderlichen Charakter.  
135,Parabellum,,Bansai!,1908,"Romane, Novellen und Erzählungen",Parabellum_-_Bansai!.txt,"Es hatte ganz harmlos und unauffällig angefangen, wie immer."
136,Augusti, Brigitte,Mädchenlose,1888,"Romane, Novellen und Erzählungen",Brigitte_Augusti_-_Mädchenlose.txt,"Eine zahlreiche Menschenmenge drängte sich um den Altar der alten ehrwürdigen Pfarrkirche zu D.; heute sollte die Einsegnung durch den ersten Geistlichen stattfinden, welchem vorzugsweise die besten Familien der Stadt ihre Kinder anvertrauten."
137,Hackländer, Friedrich Wilhelm,Handel und Wandel,1850,Romanhafte Biographien,Friedrich_Wilhelm_Hackländer_-_Handel_und_Wandel.txt,"In den für mich so denkwürdigen Tagen, wo ich Schulbank und Spielplatz verlassen mußte, um als Glied in die Kette einzutreten, an der unter dem Namen Geschäftsleben die ganze Welt zappelt und vergebens nach der verlorenen Freiheit ringt, in jener Zeit war noch viel weniger als jetzt von einer Kunst die Rede, in der man es freilich bis auf diesen Tag noch nicht weit gebracht hat."
138,Kafka, Franz,Das Schloß,1926,"Romane, Novellen und Erzählungen",Franz_Kafka_-_Das_Schloß.txt,"Es war spät abends, als K. ankam."
139,Tieck, Ludwig,Waldeinsamkeit,1839,"Romane, Novellen und Erzählungen",Ludwig_Tieck_-_Waldeinsamkeit.txt,Es war der Geburtstag des schon ältlichen Barons von Wangen.
140,Ganghofer, Ludwig,Waldrausch,1908,"Romane, Novellen und Erzählungen",Ludwig_Ganghofer_-_Waldrausch.txt,In ihrem ganzen Leben waren die zwei Kameraden noch nie so weit in die Welt hinausgekommen wie an diesem Morgen. 
141,Fontane, Theodor,Frau Jenny Treibel,1892,"Romane, Novellen und Erzählungen",Theodor_Fontane_-_Frau_Jenny_Treibel.txt,"An einem der letzten Maitage, das Wetter war schon sommerlich, bog ein zurückgeschlagener Landauer vom Spittelmarkt her in die Kur- und dann in die Adlerstraße ein und hielt gleich danach vor einem, trotz seiner Front von nur fünf Fenstern, ziemlich ansehnlichen, im Uebrigen aber altmodischen Hause, dem ein neuer, gelbbrauner Oelfarbenanstrich wohl etwas mehr Sauberkeit, aber keine Spur von gesteigerter Schönheit gegeben hatte, beinahe das Gegenteil. "
142,Hyan, Hans,Das Rätsel von Ravensbrok,1943,"Krimis, Thriller, Spionage",Hans_Hyan_-_Das_Rätsel_von_Ravensbrok.txt,"Meiners war ein Mann, der trotz seines lahmen Beines Tag und Nacht auf den Füßen war.   "
143,Dahn, Felix,Die Bataver,1892,Historische Romane und Erzählungen,Felix_Dahn_-_Die_Bataver.txt,"Wo der Rheinstrom in zahlreichen Mündungen die Nordsee, – »das germanische Meer« – erreicht, da wohnten um die Mitte des ersten Jahrhunderts unserer Zeitrechnung, auf der heute noch nach ihnen benannten »batavischen« Insel und auf dem linken Ufer des Flusses die Bataver und, als ihre Nachbarn im Norden, auf dem rechten Ufer, die kleinere Völkerschaft der Kánnenefáten."
144,Knauf, Erich,Ça-ira!,1930,Historische Romane und Erzählungen,Erich_Knauf_-_Ça-ira!.txt,"Am liebsten ist es mir, wenn ich allein im Coupé sitze."
145,Zschokke, Heinrich,Jonathan Frock,1842,"Romane, Novellen und Erzählungen",Heinrich_Zschokke_-_Jonathan_Frock.txt,"In der Hauptstadt des Königreichs, und vielleicht im ganzen Königreiche, war geraume Zeit lang kein gepriesenerer Mann, als der auch durch einige Schriften dem Ausland schätzbar gewordene Oberkriminalrat von Schwarz.  "
146,Busson, Paul,Sebaldusnacht,1914,Historische Romane und Erzählungen,Paul_Busson_-_Sebaldusnacht.txt,Der Eisenschild der Herberge drehte sich unaufhörlich in rostigen Angeln mit ächzendem Laut.
147,Rose, Felicitas,"Wien Sleef, der Knecht",1933,"Romane, Novellen und Erzählungen","Felicitas_Rose_-_Wien_Sleef,_der_Knecht.txt",Es geschehen noch Zeichen und Wunder. 
148,Eichacker, Reinhold,Panik,1922,Science Fiction,Reinhold_Eichacker_-_Panik.txt,Der Funkentelegrafist der Michigansternwarte riß wie ein Rasender an der Kurbel des Telefonapparates.  
149,May, Karl,Im Lande des Mahdi II,1888,"Romane, Novellen und Erzählungen",Karl_May_-_Im_Lande_des_Mahdi_II.txt,"Der Mahdi Kordofan, dieses ganz eigenartige Land, ist von jeher das Durchzugsgebiet vieler wandernder Stämme und darum war die Bevölkerung desselben schon vor der Eroberung durch Mehemed Ali eine außerordentlich gemischte."
150,Dahn, Felix,Sind Götter?,1878,Historische Romane und Erzählungen,Felix_Dahn_-_Sind_Götter?.txt,"Es wuchs da vor bald fünfzig Wintern im Nordland ein Knabe, der hieß Halfred."
151,Megede, Johann Richard zur,Der Ueberkater Band II,1905,"Romane, Novellen und Erzählungen",Johann_Richard_zur_Megede_-_Der_Ueberkater_Band_II.txt,"Nun, was habe ich gesagt? – Carlo war wieder einmal der Wissende."
152,Rüdiger,Minna,Die Forschungsreise das Afrikaners Lukanga Mukara ins innerste Deutschland,1898,Historische Romane und Erzählungen,M._Rüdiger_-_Die_Frau_des_Ratmannen.txt,Es war im Jahre des Heils 1521 zu Ende des Monats Februar.
153,Raabe, Wilhelm,Sankt Thomas,1866,"Romane, Novellen und Erzählungen",Wilhelm_Raabe_-_Sankt_Thomas.txt,"Im großen Meerbusen von Guinea, fünfzehn bis fünfzig Seemeilen von der Küste des afrikanischen Kontinents, liegt die Gruppe der Guineainseln, einzeln genannt: Fernao do Po, Isola do Principe, Annobon und Sankt Thomas. "
154,Frank, Leonhard,Die Räuberbande,1914,"Romane, Novellen und Erzählungen","Frank,_Leonhard_-_Die_Räuberbande-30281.txt","Plötzlich rollten die Fuhrwerke unhörbar auf dem holprigen Pflaster, die Bürger gestikulierten, ihre Lippen bewegten sich -- man hörte keinen Laut; Luft und Häuser zitterten, denn die dreißig Kirchturmglocken von Würzburg läuteten dröhnend zusammen zum Samstagabendgottesdienst. "
155,Böhlau, Helene,Das Haus zur Flamm',1907,"Romane, Novellen und Erzählungen",Helene_Böhlau_-_Das_Haus_zur_Flamm'.txt,Aus Mottens Tagebuch.
156,Frapan, Ilse,Querköpfe,1895,"Romane, Novellen und Erzählungen",Ilse_Frapan-Akunian_-_Querköpfe.txt,Sturm und Schnee seit vierundzwanzig Stunden.
157,Heun, Karl Gottlieb Samuel,Die Versuchung,1826,"Romane, Novellen und Erzählungen",Karl_Gottlieb_Samuel_Heun_-_Die_Versuchung.txt,"Die trigonometrischen Größen, lehrte mir mein Herr Professor, und legte dazu, im Eifer für das schwere Studium der Mathematik, beide Zeigefinger an die Nase: machen eine eigene Art von transcendenten Größen aus."
158,Sacher-Masoch,Leopold,Venus im Pelz,1870,"Romane, Novellen und Erzählungen",Leopold_von_Sacher-Masoch_-_Venus_im_Pelz.txt,Ich hatte liebenswürdige Gesellschaft.
159,Heun, Carl,Die Gräfin Cherubim,1824,"Romane, Novellen und Erzählungen",H._Clauren_-_Die_Gräfin_Cherubim.txt,"Der Hausmarschall, von der Last mehrerer ihm bereits ertheilten Aufträge niedergedrückt, verbeugte sich tief, und wollte das Kabinet verlassen, aber der Fürst rief: »Noch eins! – Kennen Sie dieß Gesicht?« und reichte ihm ein Miniaturgemälde, was auf dem Schreibtische unter Papieren verborgen gelegen hatte, und dem Gefragten lächelte ein mildes Engelsköpfchen entgegen."
160,Schnitzler,Arthur,Frau Berta Garlan,1901,"Romane, Novellen und Erzählungen",Arthur_Schnitzler_-_Frau_Berta_Garlan.txt,"Langsam schritt sie den Hügel hinab; nicht über die breite Fahrstraße, die in Windungen zur Stadt hinunterlief, sondern über den schmalen Weg zwischen den Weingeländen."
161,Conrad, M. G. (Michael Georg),In Purpurner FinsternißRoman-Improvisation aus dem dreißigsten Jahrhundert,1895,"Romane, Novellen und Erzählungen","Conrad,_M._G._(Michael_Georg)_-_In_Purpurner_FinsternißRoman-Improvisation_aus_dem_dreißigsten_Jahrh-39565.txt","Grege wußte, daß kein Abmahnen fruchtete, wenn Jala ihren Willen durchsetzen wollte."
162,Adlersfeld-Ballestrem, Eufemia von,Amönenhof,1927,"Romane, Novellen und Erzählungen",Eufemia_von_Adlersfeld-Ballerstrem_-_Amönenhof.txt,"Friedrich XV., Herzog von Weißenfels, hatte seine Regierungsgeschäfte für heute erledigt, das heißt, er hatte seine schwungvolle Namensunterschrift unter ein halbes Dutzend Dokumente gesetzt und lehnte sich nun mit einem Gähnen in den bequemen Sessel vor seinem Schreibtisch zurück, das vielleicht unfürstlich, aber menschlich durchaus berechtigt war."
163,Spielhagen, Friedrich,Was will das werden? Erster Theil,1885,"Romane, Novellen und Erzählungen",Friedrich_Spielhagen_-_Was_will_das_werden?_Erster_Theil.txt,"Ich habe es später stets als seltsam, aber auch als für mich charakteristisch angesehen, daß ein wirklicher Traum die Pforte war, durch welche ich aus der traumhaften Dämmerung der Kinderzeit in das hellere Licht getreten bin, welches das erwachende Bewußtsein über die Knabenjahre breitet."
164,Bettauer, Hugo,Der Frauenmörder,1926,"Krimis, Thriller, Spionage",Hugo_Bettauer_-_Der_Frauenmörder.txt,"»Lieber Krause, Sie müssen Klarheit in die Sache bringen!"
165,Blüthgen, Clara,Götzendienst,1930,"Romane, Novellen und Erzählungen",Clara_Blüthgen_-_Götzendienst.txt,Der alte Löwe war gestorben.
166,Baierlein, Josef,Der Derotero des Indianers,1915,"Romane, Novellen und Erzählungen",Josef_Baierlein_-_Der_Derotero_des_Indianers.txt,"Im Jahre 1860 am 1. Dezember, also zu jener Jahreszeit, in welcher in Südamerika der Sommer beginnt und wo die fortwährenden Regengüsse aufhören, die ein Kennzeichen des südlichen Winters und Frühlings sind, hatte sich hinter den alten Festungsmauern von Valdivia auf einer vom Stadtverkehr ziemlich abgeschnittenen Wiese eine Schar von Leuten versammelt, deren Aussehen verriet, daß sie den niedrigsten Ständen der chilenischen See- und Handelsstadt angehörten."
167,Kröger, Timm,Eine stille Welt - Novellen,1891,"Romane, Novellen und Erzählungen",Timm_Kröger_-_Eine_stille_Welt_-_Novellen.txt,"Sparrenwerk alter Bauernhäuser ... Wenn ein Winddruck auf dem Rethdach liegt, beginnt ein Wiegen und Rauschen, man kann, vorausgesetzt, daß einem die alten Kasten lieb sind, ihre Sprache deuten."
168,Mathies, Paul de,Der Pessimist. Zweiter Band,1899,"Romane, Novellen und Erzählungen",Paul_de_Mathies_-_Der_Pessimist._Zweiter_Band.txt,"Ungefähr um dieselbe Zeit, als die Activitas der Vangionia sich im Garten des Gasthofes von Neckarsteinach zur praktischen Lösung der Magenfrage versammelt hatte, saßen Theos Eltern mit Mathilde, Dolores und Carlito auf der Veranda der Göhringschen Sommerwohnung zu Flottbek an der Elbe."
169,Geßner, Salomon,Der Tod Abels,1758,"Romane, Novellen und Erzählungen",Salomon_Geßner_-_Der_Tod_Abels.txt,"Ich habe mich an einen hœhern Gegenstand gewaget, um zu wissen, ob meine Fæhigkeiten weiter hinaus reichten, als ich sie bisher versucht hatte."
170,Stifter,Adalbert,Witiko,1865,"Romane, Novellen und Erzählungen",Adalbert_Stifter_-_Witiko.txt,"In meiner Kindheit traten mir schon öfter Spuren eines Geschlechtes entgegen, das im mittäglichen Böhmen gehaust hat, und in der Erinnerung und in den Erzählungen des Volkes fortlebte."
171,Ernst, Paul,Prinzessin des Ostens,1918,"Romane, Novellen und Erzählungen",Paul_Ernst_-_Prinzessin_des_Ostens.txt,"Die Römer hatten die Welt in zwei Hälften geteilt und jede einem besonderen Kaiser untergeben, welche zusammen und in Übereinstimmung miteinander alle Menschen beherrschen sollten."
172,Supper, Auguste,Die große Kraft der Eva Auerstein,1937,"Romane, Novellen und Erzählungen",Auguste_Supper_-_Die_große_Kraft_der_Eva_Auerstein.txt,"Mit mächtiger Schleife umzieht der glasgrüne Fluß ein Gelände, das seit alten Zeiten der Riesenkopf heißt."
173,Sealsfield, Charles,Das Kajütenbuch oder Nationale Charakteristiken,1843,"Romane, Novellen und Erzählungen",Charles_Sealsfield_-_Das_Kajütenbuch_oder_Nationale_Charakteristiken.txt,"Über den Madeiras und Sherries und Chambertins und Lafittes und den gewonnenen und verlorenen Wetten und Cottonpreisen und Sklavenpreisen und Banksystemen und Subtreasury-Systemen begannen denn doch allmählich die Köpfe heiß zu werden – noch immer aber herrschte ein heiter zuvorkommender, gentlemanischer Ton."
174,Arnim,"Ludwig Achim, Freiherr von",Die Majoratsherren,1820,"Romane, Novellen und Erzählungen","Arnim,_Ludwig_Achim,_Freiherr_von_-_Die_Majoratsherren-50833.txt","Wir durchblätterten eben einen ältern Kalender, dessen Kupferstiche manche Torheiten seiner Zeit abspiegeln."
175,Klinger, Friedrich Maximilian,Reisen vor der Sündfluth,1794,"Romane, Novellen und Erzählungen",Friedrich_Maximilian_Klinger_-_Reisen_vor_der_Sündfluth.txt,Der Khalife lag auf dem Sopha.
176,Lindau, Paul,Hängendes Moos,1897,"Romane, Novellen und Erzählungen",Paul_Lindau_-_Hängendes_Moos.txt,Felix Welsheim war seines Glückes Schmied.
177,Herzog, Rudolf,Die Welt in Gold: Novelle,1911,"Romane, Novellen und Erzählungen","Herzog,_Rudolf_-_Die_Welt_in_Gold:_Novelle-62737.txt","Da lag die alte, liebe Stadt zu Füßen."
178,Schwerin, Otto,Kurier des Präsidenten,1920,"Krimis, Thriller, Spionage",Otto_Schwerin_-_Kurier_des_Präsidenten.txt,"Professor Jules Delacoste, Privatdozent der Medizin an der Universität Lausanne, schloß sein Vormittagskolleg."
179,Goll, Iwan,Die Eurokokke,1927,"Romane, Novellen und Erzählungen",Yvan_Goll_-_Die_Eurokokke.txt,"Ich bin aufgewacht aus einem Traum, der sich hinter mir schloß wie ein vergoldetes Gittertor."
180,Dreyer, Max,Das Riesenspielzeug,1923,"Romane, Novellen und Erzählungen",Max_Dreyer_-_Das_Riesenspielzeug.txt,"Hinter der Düne stehen zwei Häuser, ein größeres, ein kleineres, sich ähnlich wie Geschwister, die letzten des Dorfs."
181,Halm, Friedrich,Das Haus an der Veronabrücke,1864,"Romane, Novellen und Erzählungen",Friedrich_Halm_-_Das_Haus_an_der_Veronabrücke.txt,"Zu Venedig im Pfarrbezirke Santa Maria Zobenigo, hart an der Veronabrücke ( Ponte della Verona), die von S. Fantino her über den Kanal, Rio menuo genannt, nach S. Benedetto und S. Lucia oder links hinüber nach S. Angelo und S. Stefano führt, stand noch im Anfange des 17. Jahrhunderts ein ansehnliches, palastartiges Gebäude."
182,Goethe, Johann Wolfgang von,Die pilgernde Törin,1809,"Romane, Novellen und Erzählungen",Johann_Wolfgang_von_Goethe_-_Die_pilgernde_Törin.txt,"Herr von Revanne, ein reicher Privatmann, besitzt die schönsten Ländereien seiner Provinz."
183,Storm,Theodor,Waldwinkel,1874,"Romane, Novellen und Erzählungen",Theodor_Storm_-_Waldwinkel.txt,"Über dem Dache des Rathauses, das zugleich die Wohnung des städtischen Bürgermeisters bildete, kreuzten die ersten Schwalben in der Frühjahrssonne;
auf der Vorstraße standen die »Bürgermeistersbuben« und suchten vergebens die Königin der Luft mit den Lehmkugeln ihres Pustrohrs zu erreichen."
184,Stinde, Julius,Hôtel Buchholz. Ausstellungs-Erlebnisse der Frau Wilhelmine Buchholz,1897,"Romane, Novellen und Erzählungen","Stinde,_Julius_-_Hôtel_Buchholz._Ausstellungs-Erlebnisse_der_Frau_Wilhelmine_Buchholz-53359.txt",Ich ging lange mit mir zu Rath.
185,Löns, Hermann,Der Wehrwolf,1910,"Romane, Novellen und Erzählungen",Hermann_Löns_-_Der_Wehrwolf.txt, Im Anfange war es wüst und leer in der Haide.
186,Hofbauer, Josef,Dorf in Scherben,1937,"Romane, Novellen und Erzählungen",Josef_Hofbauer_-_Dorf_in_Scherben.txt,"»Mein Häusl ist fertig, Vorsteher! Du kannst mir gratulieren!« "
187,Hegeler, Wilhelm,Die Entscheidung,1936,Historische Romane und Erzählungen,Wilhelm_Hegeler_-_Die_Entscheidung.txt,Man schreibt das Jahr 1811.
188,Schaeffer, Albrecht,Janna Ducoeur,1949,"Romane, Novellen und Erzählungen",Albrecht_Schaeffer_-_Janna_Ducoeur.txt,"Sechzehnhundertneunundvierzig – das ist das Jahr; und ein Wintertag ist es, in London, der Nebelstadt, fast der Nacht gleich, düster von Rauch und Nebel. "
189,Duncker, Dora,Lottes Glück / Totgelacht,1903,"Romane, Novellen und Erzählungen",Dora_Duncker_-_Lottes_Glück_|_Totgelacht.txt,Conrad Elje ging mit langen Schritten in den Anlagen auf und nieder.
190,Greinz, Rudolf,Krähwinkel,1918,"Romane, Novellen und Erzählungen",Rudolf_Greinz_-_Krähwinkel.txt,"Daß sein Erscheinen in der kleinen Stadt Aufsehen erregen würde, das hatte sich der Hans Stampfl wohl gedacht."
191,Hyan, Hans,Mord im Bankhaus Lindström,1949,"Krimis, Thriller, Spionage",Hans_Hyan_-_Mord_im_Bankhaus_Lindström.txt,Der alte Martin brachte den Tee in das Arbeitszimmer des Konsuls.
192,Ortmann, Reinhold,Schönheitszauber,1910,"Romane, Novellen und Erzählungen",Reinhold_Ortmann_-_Schönheitszauber.txt,"Der schöne Sommertag ging zur Rüste und die Dämmerung wob ihre feinen, silbergrauen Schleier um die beiden gotischen Kirchtürme und die spitzen Giebeldächer der tief in den Talgrund eingebetteten alten Stadt, als Doktor Walter Relling von seinen gewohnten Krankenbesuchen nach Hause zurückkehrte."
193,Heine, Heinrich,Memoiren,1854,Romanhafte Biographien,Heinrich_Heine_-_Memoiren.txt,"Ich habe in der Tat, teure Dame, die Denkwürdigkeiten meiner Zeit, insofern meine eigene Person damit als Zuschauer oder als Opfer in Berührung kam, so wahrhaft und getreu als möglich aufzuzeichnen gesucht."
194,Wiechert, Ernst,Die blauen Schwingen,1925,"Romane, Novellen und Erzählungen",Ernst_Wiechert_-_Die_blauen_Schwingen.txt,"Harro saß auf der Mittelbank des Bootes und ließ mit dem Winde die ausgebreiteten Netze von seinen Knien über die Bootswand gleiten, gedankenlos die Finger öffnend, wenn Borke und Blei in regelmäßigen Abständen seine Hände berührten."
195,Möllhausen, Balduin,Der Piratenlieutenant - Teil 1,1869,"Romane, Novellen und Erzählungen",Balduin_Möllhausen_-_Der_Piratenlieutenant_-_Teil_1.txt,"»Bis hierher und nicht einen Schritt weiter, lieber Johannes, gestatte ich Dir, mich zu begleiten."
196,Wiechert, Ernst,Der einfache Tod,1936,"Romane, Novellen und Erzählungen",Ernst_Wiechert_-_Der_einfache_Tod.txt,Der Bauer Wladimir Wladimirowitsch Merslikow lag in seinem Bett mit den gewürfelten Kissenbezügen und wartete auf den Tod.
197,May, Karl,Weihnacht,1897,"Romane, Novellen und Erzählungen",Karl_May_-_Weihnacht.txt,"Weihnacht! Welch ein liebes, liebes, inhaltsreiches Wort!"
198,Duncker, Dora,Grossstadt,1900,"Romane, Novellen und Erzählungen",Dora_Duncker_-_Grossstadt.txt,"In einem geräumigen Zimmer, dessen Einrichtung so einfach war, dass sie beinahe an Armut grenzte, sassen zwei junge Mädchen in tiefer Trauerkleidung und ein Mann, der die Höhe der Sechzig erreicht haben mochte, um einen runden, mit einer blau und rot gewürfelten Decke bedeckten Tisch. "
199,Salten, Felix,Der Schrei der Liebe,1928,"Romane, Novellen und Erzählungen",Felix_Salten_-_Der_Schrei_der_Liebe.txt,"Drunten am Meere, an der weißen Marmortreppe, die zum Königsschlosse aufwärts führte, schaukelte die Barke des heimgekehrten Gesandten; teppichbehangen, mit einem rotseidenen Baldachin und mit der blitzenden Krone auf vergoldetem Bug."
200,Schmid, Herman,Mütze und Krone. Zweiter Band,1869,Historische Romane und Erzählungen,Herman_Schmid_-_Mütze_und_Krone._Zweiter_Band.txt,"In der Schenke zum rothen Stern herrschte lautes, fröhliches Treiben."
201,Vischer, Friedrich Theodor,Auch Einer,1879,"Romane, Novellen und Erzählungen",Friedrich_Theodor_Vischer_-_Auch_Einer.txt,"Auch Einer von denjenigen nämlich – – – kurz, man versteht mich."
202,Essig, Hermann,Taifun,1919,"Romane, Novellen und Erzählungen",Hermann_Essig_-_Taifun.txt,Susanne Flaubert gefiel es längst nicht mehr in Brüssel. 
203,Gerstäcker, Friedrich,Das alte Haus,1857,"Romane, Novellen und Erzählungen",Friedrich_Gerstäcker_-_Das_alte_Haus.txt,"In einer der Hauptstraßen von Hellburg stand noch vor gar nicht so langen Jahren ein steinernes, uraltes Gebäude aus früherer Zeit – wie Viele sogar behaupteten, das älteste Gebäude der Stadt – mit wunderlich geschnitzten Giebeln und Gewänden, künstlich gespannten Fenster- und Thürbogen und großen eisernen drachen- und lindwurmköpfigen Dachrinnen, die der Zeit, wie allen die Straßen auf- oder abwehenden Stürmen die langen, grimmig ausgeschnittenen Zähne gezeigt hatten, und bei heftigen Regengüssen, zum Aerger der Vorübergehenden, ganze Ströme Wassers in die Mitte der Straße sprudelten."
204,Schott, Anton,Einer der Stillen im Lande,1948,"Romane, Novellen und Erzählungen",Anton_Schott_-_Einer_der_Stillen_im_Lande.txt,"Obwohl Anton Schott von den Nöten der Zeit nicht verschont blieb und seine wirtschaftliche Existenz oft bedroht war, verlief sein Leben doch ohne große äußerliche Erschütterungen."
205,Herder, Johann Gottfried,Die ewige Bürde/Der afrikanische Rechtsspruch,1788,"Romane, Novellen und Erzählungen",Johann_Gottfried_Herder_-_Die_ewige_Bürde|Der_afrikanische_Rechtsspruch.txt,"Alexander aus Mazedonien kam einst in eine entlegne goldreiche Provinz von Afrika; die Einwohner gingen ihm entgegen und brachten ihm Schalen dar, voll goldner Äpfel und Früchte."
206,Roland, Egon,Der Fall Landru,1922,Historische Kriminalromane und -fälle,Egon_Roland_-_Der_Fall_Landru.txt,31 Monate lang dauerte die Untersuchung.
207,Groller, Balduin,Der olle ehrliche Lehmann und andere Geschichten,1910,"Romane, Novellen und Erzählungen",Balduin_Groller_-_Der_olle_ehrliche_Lehmann_und_andere_Geschichten.txt,Den ganzen Vormittag von fünf Uhr früh an war heiß gekämpft worden. 
208,Heyse, Paul,Der Novellen zehnte Sammlung,1871,"Romane, Novellen und Erzählungen",Paul_Heyse_-_Der_Novellen_zehnte_Sammlung.txt,"Wie oft, liebe Freundin, denke ich jener Freitagabende, die ich in Ihrem Hause zugebracht, und die auch Sie, wie ich weiß, in guter Erinnerung behalten haben."
209,Werfel, Franz,"Nicht der Mörder, der Ermordete ist schuldig",1920,"Romane, Novellen und Erzählungen","Franz_Werfel_-_Nicht_der_Mörder,_der_Ermordete_ist_schuldig.txt","Wie habe ich immer die Knaben beneidet, deren Väter in den Portierlogen oder auf den Türbänken gelassen und freundlich an Sonntagnachmittagen ihre Pfeife rauchten, und wie erst die Buben in den Bürgerzimmern, wo der Hausherr behaglich gerötet, in Hemdsärmeln, die Virginier im Munde und ein halbgeleertes Bierglas vor sich, an dem weißen Tisch saß."
210,Gutzkow, Karl,Blasedow und seine Söhne. Dritter Theil,1838,"Romane, Novellen und Erzählungen",Karl_Gutzkow_-_Blasedow_und_seine_Söhne._Dritter_Theil.txt,"»Das ist freilich etwas Anderes« – sagte der Amtmann betroffen, und Thespis, der Schauspieldirector, wiederholte sich mit erzürntem Nachdruck, blutroth vor Ingrimm und mit mehr natürlicher als Kunstwärme: »Ja, auf Stempelpapier!"
211,Déry, Juliane,Katastrophen,1895,"Romane, Novellen und Erzählungen",Juliane_Déry_-_Katastrophen.txt,"Zur hundertjährigen Jubelfeier der französischen Revolution rüstete auch Karl Faber, ein junger österreichischer Dichter, zur Reise nach Paris."
212,Meier, J. Alois,Begegnisse eines jungen Thierquälers oder »Der Gerechte erbarmt sich auch seines Thieres.«Eine neue Erzählung für die Jugend,1843,"Romane, Novellen und Erzählungen","Meier,_J._Alois_-_Begegnisse_eines_jungen_Thierquälers_oder_»Der_Gerechte_erbarmt_sich_auch_seines_T-48090.txt","An einem stürmischen Tage befanden sich viele Knaben auf der Wiese nächst einem Städtchen unfern Bremen, welche alle lebhaft beschäftigt waren, einen papiernen Drachen steigen zu lassen."
213,Bloem, Walter,Mörderin?!,1924,"Krimis, Thriller, Spionage",Walter_Bloem_-_Mörderin?!.txt,"Frau Helene saß beim Frühstück und starrte immerfort auf den gelben, häßlichen Briefumschlag, der an ihren Mann adressiert war von Frau Susannes Hand."
214,Böhlau,Helene,In frischem Wasser,1891,"Romane, Novellen und Erzählungen",Helene_Böhlau_-_In_frischem_Wasser.txt,Eine große Gemäldeausstellung in der Reichshauptstadt.
215,Wohlbrück, Olga,Du sollst ein Mann sein,1908,"Romane, Novellen und Erzählungen",Olga_Wohlbrück_-_Du_sollst_ein_Mann_sein.txt,"Er wurde auf einem großen Amerikadampfer geboren, während eines heftigen Sturmes."
216,Marlitt, Eugenie,Reichsgräfin Gisela,1869,"Romane, Novellen und Erzählungen",Eugenie_Marlitt_-_Reichsgräfin_Gisela.txt,Es war noch früh am Abend... Die kleine Neuenfelder Turmglocke erhob pflichtschuldigst ihre Stimme und schlug sechsmal an – das klang wie ein halbersticktes Wimmern; denn der Sturm sauste durch die Schallöcher und zerblies die dünnen Schläge nach allen vier Winden.
217,Goethe, Johann Wolfgang von,Die Geschichte von Mignons Eltern,1796,"Romane, Novellen und Erzählungen",Johann_Wolfgang_von_Goethe_-_Die_Geschichte_von_Mignons_Eltern.txt,"»Meinen Vater«, sagte der Marchese, »muß ich, so viel Welt ich auch gesehen habe, immer für einen der wunderbarsten Menschen halten. "
218,Auer, Adelheid von,Fußstapfen im Sande. Zweiter Band,1868,"Romane, Novellen und Erzählungen",Adelheid_von_Auer_-_Fußstapfen_im_Sande._Zweiter_Band.txt,"»Heda, guter Freund, wo geht der Weg nach der Försterei?« rief ein mit einem grünen Jagdrock bekleideter junger Mann, der, das Felleisen auf dem Rücken, eben in die Hauptstraße des Fischerdörfchens Häringsdorf eingebogen war, einem vor seinem Hause mit dem Ausbessern eines Bootes beschäftigten Fischer zu."
219,Ernst, Paul,Komödianten- und Spitzbubengeschichten,1938,"Romane, Novellen und Erzählungen",Paul_Ernst_-_Komödianten-_und_Spitzbubengeschichten.txt,"Die Vorstellung ist längst zu Ende, die Zuschauer sind nach Hause gegangen, auch die Komödianten."
220,Tavel, Rudolf von,Heinz Tillmann,1919,"Romane, Novellen und Erzählungen",Rudolf_von_Tavel_-_Heinz_Tillmann.txt,"Mir ist mitten in dieser öden Winterszeit, da bleigraue Wolken das Land überwölben, als sähe ich ihn noch, den kleinen Heini Tillmann mit den — ja, auch bleigrauen, aber in warmer Treuherzigkeit leuchtenden Augensternen und dem immer verstrubelten braunen Lockenschopf, wie er im Riedgras liegt und mit einem dürren Ästchen winzige feine Bächlein auf die «heiße Platte» leitet."
221,Appenzeller, Johann Conrad,Ein Tag in der Diligence,1860,"Romane, Novellen und Erzählungen",I._C._Appenzeller_-_Ein_Tag_in_der_Diligence.txt,"Der Kirchthurm von Heilig-Kreuz – in der weiten, ungeheuren Ebne zwischen Mühlhausen und Kolmar – erhob sich am Horizonte des sinkenden Tages, gleich einem schwarzen Obeliske, in ruhiger, stiller Majestät."
222,Giseke, Robert,Moderne Titanen,1850,"Romane, Novellen und Erzählungen",Robert_Giseke_-_Moderne_Titanen.txt,Hoch wölbt sich der dunkelblaue Himmel über der Erde.
223,Dahn, Felix,Kaiser Karl und seine Paladine,1880,"Märchen, Sagen, Legenden",Felix_und_Therese_Dahn_-_Kaiser_Karl_und_seine_Paladine.txt,Karl ist geboren (höchst wahrscheinlich) am 2. April 742.
224,Boy-Ed,Ida,Annas Ehe,1922,"Romane, Novellen und Erzählungen",Ida_Boy-Ed_-_Annas_Ehe.txt,Die beiden Gräfinnen v. Geyer schmückten sich zur Hochzeit ihres Bruders.
225,Zweig,Stefean,Die Schachnovelle,1943,"Romane, Novellen und Erzählungen",Stefan_Zweig_-_Schachnovelle.txt,"Auf dem großen Passagierdampfer, der um Mitternacht von New York nach Buenos Aires abgehen sollte, herrschte die übliche Geschäftigkeit und Bewegung der letzten Stunde."
226,Willkomm, Ernst,Reeder und Matrose,1857,"Romane, Novellen und Erzählungen",Ernst_Willkomm_-_Reeder_und_Matrose.txt,"Nach einem heftigen Gewitter, das unter Sturm und Regen über die Niederelbe von Süden nach Norden zog, trat ein erquickend milder Abend ein. "
227,Hyan, Hans,Der Rächer,1925,"Krimis, Thriller, Spionage",Hans_Hyan_-_Der_Rächer.txt,"Der Regulator schlug gerade sechs, als Heinz Marquardt erwachte."
228,Bröger, Karl,Das Buch vom Eppele,1926,Historische Romane und Erzählungen,Karl_Bröger_-_Das_Buch_vom_Eppele.txt,"Herr Arnold von Gailing, Reichslehenmann auf Feste Wald bei Gunzenhausen und Burgherr von Gailnau, Illesheim, Röllinghausen und Drameysl im fränkischen Land, durfte sich nur etlicher Wochen seines erstgeborenen Sohnes freuen."
229,Bernoulli, Carl Albrecht,Ull,1931,"Romane, Novellen und Erzählungen",Carl_Albrecht_Bernoulli_-_Ull.txt,Auf der Hohen Koppe war Pulverschnee gefallen. 
230,Ganghofer, Ludwig,Das Kasermanndl,1911,"Romane, Novellen und Erzählungen",Ludwig_Ganghofer_-_Das_Kasermanndl.txt,Zur Sommerzeit mag es kaum ein schöneres Flecklein Erde geben als den Roßmooserhof.
231,Hauff, Wilhelm,"Der Mann im MondOder der Zug des Herzens ist des Schicksals Stimme, nebst der Kontrovers-Predigt über H. Clauren und den Mann im Mond",1825,"Märchen, Sagen, Legenden","Hauff,_Wilhelm_-_Der_Mann_im_MondOder_der_Zug_des_Herzens_ist_des_Schicksals_Stimme,_nebst_der_Kontr-13451.txt","Über Freilingen lag eine kalte, stürmische Novembernacht; der Wind rumorte durch die Straßen, als seie er allein hier Herr und Meister, und eine löbliche Polizeiinspektion habe nichts über den Straßenlärm zu sagen."
232,Holtei, Karl von,Der letzte Komödiant - Dritter Teil,1863,"Romane, Novellen und Erzählungen",Karl_von_Holtei_-_Der_letzte_Komödiant_-_Dritter_Teil.txt,"Im Hoftheater zu D. wurde »Das Bild,« ein Trauerspiel von Ernst von Houwald aufgeführt."
233,Mereau,Sophie,Amanda und Eduard,1803,"Romane, Novellen und Erzählungen",Sophie_Mereau_-_Amanda_und_Eduard.txt,"Ich habe den geliebten, vaterländischen Boden wieder betreten, und bin Dir nun wieder um vieles näher, meine Julie! "
234,Meier, Emerenz,Die Madlhüttler,1897,"Romane, Novellen und Erzählungen",Emerenz_Meier_-_Die_Madlhüttler.txt,"Frühling war es geworden im Waldgebirge, das schon sechs Monate hindurch unter der grimmigen Herrschaft des Winters getrauert hatte."
235,Adlersfeld-Ballestrem, Eufemia von,Rosazimmer,1920,"Romane, Novellen und Erzählungen",Eufemia_von_Adlersfeld-Ballestrem_-_Rosazimmer.txt,"Der Schnellzug Rom-Wien donnerte, von Mestre kommend, über die Eisenbahnbrücke, die das Festland mit Venedig verbindet, um von dort, nach kurzer Rast, denselben Weg bis Mestre zurückzunehmen und dann die Reise über Pontebba-Villach fortzusetzen."
236,Heyse, Paul,Novellen und Terzinen. Siebente Sammlung der Novellen,1868,"Romane, Novellen und Erzählungen",Paul_Heyse_-_Novellen_und_Terzinen._Siebente_Sammlung_der_Novellen.txt,Einem jungen Förster im Badischen nahe bei Kehl war seine liebe Frau im ersten Wochenbette gestorben und hatte bald darauf das Kind sich nachgezogen. 
237,Pfeffel, Gottlieb Konrad,Prosaische Versuche / 2. Theil,1810,"Romane, Novellen und Erzählungen",Gottlieb_Conrad_Pfeffel_-_Prosaische_Versuche_|_2._Theil.txt,"Marianens Geschichte ist buchstäblich wahr; der Freund dieser Unglücklichen, der sie aufgesezt hat, haftet mit seiner Ehre für ihre Aechtheit."
238,Meding, Oskar,Plewna,1884,"Romane, Novellen und Erzählungen",Gregor_Samarow_-_Plewna.txt,"An der Kuschitza, südöstlich von Plewna in Bulgarien, einige Meilen von Gorni-Studen entfernt, das später durch das Hauptquartier des Kaisers Alexander weltbekannt werden sollte, liegt das bulgarische Dorf Muschina, ein für die Verhältnisse der dortigen Gegend wohlhabender und ziemlich stark bevölkerter Ort."
239,Tieck, Ludwig,Liebeswerben,1839,"Romane, Novellen und Erzählungen",Ludwig_Tieck_-_Liebeswerben.txt,"Es war in den hellen Frühlingstagen, als sich am Rhein zwei Schul- und Universitätsfreunde wieder fanden."
240,Weiß, Ernst,Franziska,1916,"Romane, Novellen und Erzählungen",Ernst_Weiß_-_Franziska.txt,Eine Mutter starb.
241,Nordhausen, Richard,Das Gespenst,1896,"Romane, Novellen und Erzählungen",Richard_Nordhausen_-_Das_Gespenst.txt," »Daß Sie aber nie wieder von ihm gehört haben –« »Nein, nie wieder.« "
242,Salzmann, Christian Gotthilf,Ausführliche Erzählung wie Ernst Haberfeld aus einem Bauer ein Freiherr geworden ist,1845,"Romane, Novellen und Erzählungen",Christian_Gotthilf_Salzmann_-_Ausführliche_Erzählung_wie_Ernst_Haberfeld_aus_einem_Bauer_ein_Freiher.txt,"Die irdischen Güter sind, wie wir alle wissen, sehr ungleich unter die Menschen vertheilt; einer hat fast alles, der andere nichts bekommen."
243,Gerstäcker, Friedrich,Eine MutterRoman im Anschluß an »die Colonie«,1867,"Romane, Novellen und Erzählungen","Gerstäcker,_Friedrich_-_Eine_MutterRoman_im_Anschluß_an_»die_Colonie«-45977.txt",Ein gar reges und geräuschvolles Leben und Treiben erfüllte heute die überhaupt nicht unbedeutende und besonders viel von Fremden besuchte Provinzialstadt Haßburg.
244,Daiber, Albert,Die Weltensegler. Drei Jahre auf dem Mars.,1910,Science Fiction,"Daiber,_Albert_-_Die_Weltensegler._Drei_Jahre_auf_dem_Mars.-41522.txt","Der glänzende Abendstern, die Venus, war im Westen untergegangen."
245,Herzog, Rudolf,Wieland der Schmied,1924,"Romane, Novellen und Erzählungen",Rudolf_Herzog_-_Wieland_der_Schmied.txt,"Dieses war das Bild, das Friedrich Thorsberg vor Augen sah, wo er ging und stand, unter den Menschen und in der Einsamkeit ... dieses war das Bild: Windgepeitscht der Abend."
246,Kohlhaas, Michael,Der zweite Schuß,1926,"Humor, Satire",Michael_Kohlhaas_-_Der_zweite_Schuß.txt,Traf ich beim ersten Mal ins Schwarze?
247,Zweig, Stefan,Die unsichtbare Sammlung,1929,"Romane, Novellen und Erzählungen",Stefan_Zweig_-_Die_unsichtbare_Sammlung.txt,"Zwei Stationen hinter Dresden stieg ein älterer Herr in unser Abteil, grüßte höflich und nickte mir dann, aufblickend, noch einmal ausdrücklich zu wie einem guten Bekannten."
248,Kraft, Robert,"Die Vestalinnen, Band 3",1903,Spannung und Abenteuer,"Robert_Kraft_-_Die_Vestalinnen,_Band_3.txt","Die ›Vesta‹ wie der ›Amor‹ lagen auf ihrem alten Ankerplatze im Hafen von Scha-tou, und die Besatzungen erwarteten sehnsüchtig die Rückkunft des Mister Wood oder doch wenigstens ein Zeichen, daß es ihm gelungen sei, die Spur der beiden Mädchen aufzufinden."
249,Riesbeck, Johann Kaspar,Briefe über das Mönchswesen,1780,"Romane, Novellen und Erzählungen",Johann_Jakob_Brechter_-_Briefe_über_das_Mönchswesen.txt,"Gott sey Dank, daß einmal das Jubiläum vorbey ist, und ich meinem l. Herrn Bruder, nach einem halbjährigen Verzug, ein vertrautes Wort zu schreiben die Zeit finde."
250,Christ,Lena,Mathias Bichler,1914,"Romane, Novellen und Erzählungen",Lena_Christ_-_Mathias_Bichler.txt,"Es schickte sich um Laurenzi desselben Jahres, da ich wieder auf der Alm saß, daß unsere Schwaigerin, die Hosennandl, über allerhand Beschwernisse und Gebresten klagte und mit Schmerzen die Zeit herbeisehnte, wo wir wieder heimtreiben durften von der Alm."
251,Mann,Thomas,Tod in Venedig,1911,"Romane, Novellen und Erzählungen","Mann,_Thomas_-_Der_Tod_in_Venedig-12108.txt","Gustav Aschenbach oder von Aschenbach, wie seit seinem fünfzigsten Geburtstag amtlich sein Name lautete, hatte an einem Frühlingsnachmittag des Jahres 19.., das unserem Kontinent monatelang eine so gefahrdrohende Miene zeigte, von seiner Wohnung in der Prinz-Regentenstraße zu München aus, allein einen weiteren Spaziergang unternommen."
252,Musil, Robert,Der Mann ohne Eigenschaften. Zweites Buch,1932,"Romane, Novellen und Erzählungen",Robert_Musil_-_Der_Mann_ohne_Eigenschaften._Zweites_Buch.txt,"Die vergessene Schwester Als Ulrich gegen Abend des gleichen Tags in . . . * ankam und aus dem Bahnhof trat, lag ein breiter, seichter Platz vor ihm, der an beiden Enden in Straßen auslief und eine beinahe schmerzliche Wirkung auf sein Gedächtnis ausübte, wie es einer Landschaft eigentümlich ist, die man schon oft gesehen und wieder vergessen hat."
253,Baudissin, Ulrich Graf,Der Albatros. Vierter Band,1864,"Romane, Novellen und Erzählungen",Graf_Ulrich_Baudissin_-_Der_Albatros._Vierter_Band.txt,Der folgende Tag verlief in dem Lüders'schen Hause noch stiller und trauriger als gewöhnlich. 
254,Paalzow, Henriette,Jakob van der Nees. Dritter Theil. Floripes,1844,"Romane, Novellen und Erzählungen",Henriette_Paalzow_-_Jakob_van_der_Nees._Dritter_Theil._Floripes.txt,Um das Jahr 1649 kehren wir nach Amsterdam in das alte Purmurandsche Haus zurück.
255,Müller-Guttenbrunn,Adam,Die Glocken der Heimat,1910,"Romane, Novellen und Erzählungen",Adam_Müller_Guttenbrunn_-_Die_Glocken_der_Heimat.txt,Das Schwabendorf lag still und friedlich in der warmen Aprilsonne.
256,Schnitzler, Arthur,Sterben,1892,"Romane, Novellen und Erzählungen",Arthur_Schnitzler_-_Sterben.txt,"Die Dämmerung nahte schon, und Marie erhob sich von der Bank, auf der sie eine halbe Stunde lang gesessen hatte, anfangs in ihrem Buche lesend, dann aber den Blick auf den Eingang der Allee gerichtet, durch die Felix zu kommen pflegte."
257,Werfel, Franz,Eine blaßblaue Frauenschrift,1941,"Romane, Novellen und Erzählungen",Franz_Werfel_-_Eine_blaßblaue_Frauenschrift.txt,Die Post lag auf dem Frühstückstisch.
258,Meyer, Conrad Ferdinand,Das Amulett,1873,"Romane, Novellen und Erzählungen",C._F._Meyer_-_Das_Amulett.txt,"Heute am vierzehnten März 1611 ritt ich von meinem Sitze am Bieler See hinüber nach Courtion zu dem alten Boccard, den Handel um eine mir gehörige mit Eichen und Buchen bestandene Halde in der Nähe von Münchweiler abzuschließen, der sich schon eine Weile hingezogen hatte."
259,Rosegger, Hans Ludwig,Der rosa Saphir,1915,"Krimis, Thriller, Spionage",Hans_Ludwig_Rosegger_-_Der_rosa_Saphir.txt,"Peter Florian vertiefte sich eben ins »Handbuch für Untersuchungsrichter« von Professor Hans Groß, als sein alter Schulkamerad und Freund Friedrich Neck, Privatdozent für Ethnologie und Ethnographie – auf deutsch: für Völkerkunde – an der Universität Heidelberg mit allen Merkmalen einer ungewöhnlichen Erregung ins Zimmer stürzte und dabei ganz vergaß, seinen Hut abzunehmen, um statt dessen alsogleich sein Anliegen hervorzusprudeln: »Du mußt mir helfen, lieber Peter, mir ist ganz Schreckliches passiert!« "
260,Storm, Theodor,John Riew',1885,"Romane, Novellen und Erzählungen",Theodor_Storm_-_John_Riew'.txt,"Mein Haus steht auf dem Lande, in einer holzreichen Gegend zwischen einem Kirchdorf und einem kleinen, in breiten Kastanienalleen fast vergrabenen Orte, welcher allmählich um einen Gutshof aufgewachsen ist, von beiden kaum zehn Minuten fern."
261,Hoerner, Herbert von,Der große Baum,1938,"Romane, Novellen und Erzählungen",Herbert_von_Hoerner_-_Der_große_Baum.txt,"Drüben, jenseits des Moores, dort, wo umsäumt von dichtem Ellerngebüsch wieder der Hochwald beginnt, steht sie, die alte Kiefer, der Baum."
262,Storm, Theodor,Bulemanns Haus,1864,"Romane, Novellen und Erzählungen","Storm,_Theodor_-_Bulemanns_Haus-8916.txt","In einer norddeutschen Seestadt, in der sogenannten Düsternstraße, steht ein altes verfallenes Haus."
263,Lubowski, Käte,Der Uebel grösstes ...,1919,"Romane, Novellen und Erzählungen","Lubowski,_Käte_-_Der_Uebel_grösstes_...-64416.txt","Um die elfte Vormittagsstunde war derjenige Teil des Oeynhausener Kurparkes, dem die Gäste den Namen „Schweiz“ gegeben hatten, von Rollstühlen und Spaziergängern nahezu frei."
264,Molo, Walter von,Lebenswende,1918,"Romane, Novellen und Erzählungen","Molo,_Walter_von_-_Lebenswende-54671.txt",»Willst du noch ein Butterbrot?« fragte zum zweitenmal Hilde Tiedemann ihren jüngeren Bruder Leo und sah über den Frühstückstisch.
265,Werfel, Franz,Die Geschwister von Neapel,1931,"Romane, Novellen und Erzählungen",Franz_Werfel_-_Die_Geschwister_von_Neapel.txt,"Der Sonntag hat in jeder Stadt seine besondere Art, und nicht nur der Sonntag als solcher, sondern jeder Sonntag des Jahres und der Jahreszeit anders, und nicht nur in jeder Stadt, sondern in jedem Bezirk und Kirchsprengel verschieden."
266,Heyse, Paul,Das Bild der Mutter,1858,"Romane, Novellen und Erzählungen",Paul_Heyse_-_Das_Bild_der_Mutter.txt,"Seit vielen Jahren schon lebte in der Stadt die Wittwe eines reichen Mannes, der in hohem Alter gestorben war und seiner jungen Frau Haus und Garten und ihre Freiheit hinterlassen hatte. "
267,Seidel, Heinrich,Das Atelier,1899,"Romane, Novellen und Erzählungen",Heinrich_Seidel_-_Das_Atelier.txt,Einziehen! Die Dachstube ist der Kopf des Hauses.
268,Bahr,Hermann,Die Rahl,1909,"Romane, Novellen und Erzählungen",Hermann_Bahr_-_Die_Rahl.txt,"Nein, ist es denn möglich?"
269,Hesse, Hermann,Rosshalde,1914,"Romane, Novellen und Erzählungen","Hesse,_Hermann_-_Rosshalde-64466.txt","Als vor zehn Jahren Johann Veraguth Roßhalde gekauft und bezogen hatte, war sie ein verwahrloster alter Herrensitz mit zugewachsenen Gartenwegen, vermoosten Bänken, brüchigen Treppenstufen und undurchdringlich verwildertem Park gewesen, und es standen damals auf dem wohl acht Morgen großen Grundstück keine anderen Gebäude als das schöne, etwas verkommene Herrenhaus mit dem Stall und ein kleines tempelartiges Lusthäuschen im Park, dessen Portal schief in verbogenen Angeln hing und an dessen einst mit blauer Seide tapezierten Wänden Moos und Schimmel wuchs."
270,Gaudy, Franz Freiherr von,Novellen und Erzählungen 2,1837,"Romane, Novellen und Erzählungen",Franz_von_Gaudy_-_Novellen_und_Erzählungen_2.txt,Ich rannte hastig auf der Chaussee fort.
271,Harder, Agnes,Franzinens Geschichte,1906,"Romane, Novellen und Erzählungen",Agnes_Harder_-_Franzinens_Geschichte.txt,"Gestern noch stand ich an dem Pier in Bremerhaven und winkte dem Dampfer nach, auf dem die Kinder langsam an mir vorbeigeglitten waren, als er aus der Mündung der Weser fuhr."
272,Zedelius, Marie,Lorbeeren,1873,"Romane, Novellen und Erzählungen",Marie_Zedelius_-_Lorbeeren.txt,"In der duftigen Fliederlaube des Pfarrgartens saßen zwei junge, glückliche Menschen beisammen."
273,Mann, Heinrich,Der Vater,1917,"Romane, Novellen und Erzählungen","Mann,_Heinrich_-_Der_Vater-33329.txt","Als Färber heiraten konnte, hatte er hinter sich schon achtzehn Jahre der Arbeit, des Suchens, des wechselvollen Kampfes mit der Menschenmasse, durch die man hindurch muß, den Zufällen, die man entwaffnen muß, mit dem Leben."
274,Hansjakob, Heinrich,Afra,1897,"Romane, Novellen und Erzählungen",Heinrich_Hansjakob_-_Afra.txt,"Auf wunderschöner Waldeshöhe, ringsum bewacht von den düstern Bergkuppen des oberen Kinzigtals, steht eine Kultur-Oase mitten im Waldmeer, der Fohrengrund genannt. "
275,Schrader, August,"Thekla, oder die Flucht nach der Türkei.Epilog zum Staatsgefängniß. Nebst zwei andern Novellen.",1831,"Romane, Novellen und Erzählungen","Schrader,_August_-_Thekla,_oder_die_Flucht_nach_der_Türkei.Epilog_zum_Staatsgefängniß._Nebst_zwei_an-46576.txt","In einer der lebhaftesten Straßen Semlin's prangte an einem freundlichen einstöckigen Wohnhause ein blaues Schild, auf welchem mit großen goldenen Buchstaben die Worte standen »Löwen-Apotheke.«"
276,Hesse,Hermann,Unterm Rad,1906,"Romane, Novellen und Erzählungen","Hesse,_Hermann_-_Unterm_Rad-49908.txt","Herr Joseph Giebenrath, Zwischenhändler und Agent, zeichnete sich durch keinerlei Vorzüge oder Eigenheiten vor seinen Mitbürgern aus."
277,Croissant-Rust,Anna,Kaleidoskop,1921,"Romane, Novellen und Erzählungen",Anna_Croissant-Rust_-_Kaleidoskop.txt,Da sitz' ich und lauere auf meine Gedanken und will sie fangen. 
278,Schilling, Gustav,Die Ignoranten. Zweiter Theil,1810,"Romane, Novellen und Erzählungen",Gustav_Schilling_-_Die_Ignoranten._Zweiter_Theil.txt," Hör' endlich auf, ein Kind zu seyn! sprach Rosemunde, als Herr von Lassen täglich wiederkam und ihr Gatte sie mit sanftem Ernst beschwor, den falschen Bruder zu entfernen."
279,Hoechstetter,Sopie,Kapellendorf :  Roman,1908,"Romane, Novellen und Erzählungen","Hoechstetter,_Sophie_-_Kapellendorf_:__Roman-70296.txt","Dort, wo immer der Wind weht, ein zärtlicher Sommerwind, der den Thymian berührt und heiße Luftwellen über das reifende Korn streifen läßt, dort, wo Herbst- und Frühlingsstürme die Melodie von Fernweh und Heimweh singen und die einzigen Töne des Lebens zu bringen scheinen -- in der weiten Flurhochebene alten weimarischen Landes liegt die Wasserburg Kapellendorf."
280,Heine, Heinrich,Der Rabbi von Bacherach,1840,"Romane, Novellen und Erzählungen",Heinrich_Heine_-_Der_Rabbi_von_Bacherach.txt,"Unterhalb des Rheingaus, wo die Ufer des Stromes ihre lachende Miene verlieren, Berg und Felsen, mit ihren abenteuerlichen Burgruinen, sich trotziger gebärden, und eine wildere, ernstere Herrlichkeit emporsteigt, dort liegt, wie eine schaurige Sage der Vorzeit, die finstre, uralte Stadt Bacherach."
281,Fontane, Theodor,"Irrungen, Wirrungen",1888,"Romane, Novellen und Erzählungen","Theodor_Fontane_-_Irrungen,_Wirrungen.txt","An dem Schnittpunkte von Kurfürstendamm und Kurfürstenstraße, schräg gegenüber dem »Zoologischen«, befand sich in der Mitte der siebziger Jahre noch eine große, feldeinwärts sich erstreckende Gärtnerei, deren kleines, dreifenstriges, in einem Vorgärtchen um etwa hundert Schritte zurückgelegenes Wohnhaus, trotz aller Kleinheit und Zurückgezogenheit, von der vorübergehenden Straße her sehr wohl erkannt werden konnte."
282,Zapp, Arthur,Das Liebesleben eines deutschen Jünglings,1921,"Romane, Novellen und Erzählungen",Arthur_Zapp_-_Das_Liebesleben_eines_deutschen_Jünglings.txt,"Ich lernte Albert Zell, der in den nachfolgenden Blättern die erotischen Erlebnisse seiner Jugendzeit erzählt, während des Feldzuges 1870/71 kennen, den wir als blutjunge Pennäler in demselben Regiment mitmachten."
283,Alexis, Willibald,Pommerische Gespenster,1840,Horror,Willibald_Alexis_-_.txt,"Mein Oheim war ein wunderlicher Kauz, aber an Geister glaubte er nicht. "
284,Rosegger, Peter,Der Gottsucher,1883,"Romane, Novellen und Erzählungen",Peter_Rosegger_-_Der_Gottsucher.txt,"Wir finden es im Waldschulmeister, im Ewigen Licht, in Jakob der Letzte und vielfältig in Erzählungen und Geschichten. "
285,Schulz, Friedrich,Moriz: ein kleiner Roman,1786,"Romane, Novellen und Erzählungen","Schulz,_Friedrich_-_Moriz:_ein_kleiner_Roman-47977.txt","»Er darf es noch nicht wissen, Martha,« sagte mein Papa zu seiner Haushälterin: »Du weißt, daß der Junge, so klein er ist, schon einen gewaltigen Nagel im Kopfe hat."
286,Ernst, Otto,Der süße Willy,1895,"Romane, Novellen und Erzählungen",Otto_Ernst_-_Der_süße_Willy.txt,Es war an einem Sonntag; denn der süße Willy sollte ein Sonntagskind werden.
287,Silberstein, August,Herkules Schwach. Dritter Band,1863,"Humor, Satire",August_Silberstein_-_Herkules_Schwach._Dritter_Band.txt,Das Fest der neuen Aera und das Geheimniß desselben – auch zeigen sich mehrere Genies im höchsten Glanze und das eine erhält eine großartige Zukunft.
288,Huch, Ricarda,Der Mondreigen von Schlaraffis,1896,"Romane, Novellen und Erzählungen",Ricarda_Huch_-_Der_Mondreigen_von_Schlaraffis.txt,"Schlaraffis ist eine uralte, wunderliche Stadt irgendwo in der westlichen Schweiz, und die Leute halten da fest an manchen Gebräuchen, die anderswo nicht bekannt sind."
289,Zollinger, Albin,Pfannenstiel,1940,"Romane, Novellen und Erzählungen",Albin_Zollinger_-_Pfannenstiel.txt,"Zwei Freunde, Bildhauer, reisten zusammen von Paris nach der Schweiz zurück."
290,Storm, Theodor,Hinzelmeier,1855,"Romane, Novellen und Erzählungen",Theodor_Storm_-_Hinzelmeier.txt,Da dachte Hinzelmeier: »Das ist der Stein der Weisen!« und ging geradewegs auf ihn zu.
291,Dronke, Ernst,Die Maikönigin,1846,"Romane, Novellen und Erzählungen",Ernst_Dronke_-_Die_Maikönigin.txt,"Von der Höhe seines Kammes zieht sich das Gebirge in Kuppen und Tälern mehrere Meilen weit langsam abdachend hinab bis zu jenen Bergwänden, welche den Rhein einschließen."
292,Eschstruth, Nataly von,Polnisch Blut. Erster Band<,1887,"Romane, Novellen und Erzählungen",Nataly_von_Eschstruth_-_Polnisch_Blut._Erster_Band<.txt,Das war ein wilder Novembersturm.
293,Reinhardt, Luise,Novellen. Vierter Band. Zug um Zug,1863,"Romane, Novellen und Erzählungen",Ernst_Fritze_-_Novellen._Vierter_Band._Zug_um_Zug.txt,In Glanz und Frieden sank der Abend eines Frühlingstages auf die Fluren hernieder.
294,Gerstäcker, Friedrich,Der tote Zimmermann,1858,"Romane, Novellen und Erzählungen",Friedrich_Gerstäcker_-_Der_tote_Zimmermann.txt,"Im Westen von Yorkshire, tief im Innern des Landes und von der großen Heerstraße selbst ziemlich abgelegen – denn Eisenbahnen gab es damals noch nicht in dem jetzt von ihnen nach allen Richtungen hin durchschnittenen England – lag ein altes, wohl nicht gerade schon verfallenes, jedoch baufällig genug aussehendes Gebäude."
295,Fallada, Hans,Zwei zarte Lämmchen - weiß wie Schnee,1948,"Romane, Novellen und Erzählungen",Hans_Fallada_-_Zwei_zarte_Lämmchen_-_weiß_wie_Schnee.txt,"Die einseitige Verlobung Gerhard Grote war, im Widerspruch zu seinem Namen, kein großer Mann."
296,Saar, Ferdinand von,Sämtliche Werke 9: Novellen aus Österreich III,1877,"Romane, Novellen und Erzählungen","Saar,_Ferdinand_von_-_Sämtliche_Werke_9:_Novellen_aus_Österreich_III-49971.txt","Bei dem Regiment, in welchem ich meine Militärzeit verbracht hatte, befand sich auch ein Leutnant namens Joseph Burda."
297,Jensen, Wilhelm,Iris und Genziane. Die persianischen Häuser,1899,"Romane, Novellen und Erzählungen",Wilhelm_Jensen_-_Iris_und_Genziane._Die_persianischen_Häuser.txt,Friedrich Lautenschläger war der Sohn eines sehr vermögenden Mannes und lediglich zu seiner geistigen Ausbildung vier Jahre lang auf der Universität Hörer in verschiedenen Fächern der philosophischen Fakultät gewesen.
298,Fallada, Hans,Junger Herr – ganz groß,1948,"Romane, Novellen und Erzählungen",Hans_Fallada_-_Junger_Herr_–_ganz_groß.txt,Es war ganz feierlich.
299,Auerbach, Berthold,Auf der Höhe. Dritter Band,1855,"Romane, Novellen und Erzählungen",Berthold_Auerbach_-_Auf_der_Höhe._Dritter_Band.txt,"Es war im Spätsommer, als der Hof aus dem Seebad zurückkehrte."
300,Gotthelf, Jeremias,Die Frau Pfarrerin,1854,"Romane, Novellen und Erzählungen",Jeremias_Gotthelf_-_Die_Frau_Pfarrerin.txt,"Eine Hauptsache für jeden Menschen, welche bei weitem nicht genug beachtet wird, ist, zu wissen immerdar, was für Zeit es sei. "
301,Decken,Auguste von der,Brausejahre,1885,"Romane, Novellen und Erzählungen",A._v._d._Decken_-_Brausejahre.txt,"»Er ist da, Christel! er ist da!« rief ein frisches hübsches Mädchen, indem es rasch die Tür eines Kämmerchens aufstieß und mehr springend als gehend eintrat."
302,Ehrenstein, Carl,Klagen eines Knaben,1913,"Romane, Novellen und Erzählungen","Ehrenstein,_Carl_-_Klagen_eines_Knaben-40222.txt","Und hundert Jahre nach dem Tode dessen, der kein Erlöser war, kam ich in den Körper eines anderen Menschen. "
303,Gerstäcker, Friedrich,Unter Palmen und Buchen. Zweiter Band.Unter Palmen. Gesammelte Erzählungen.,1865,"Romane, Novellen und Erzählungen","Gerstäcker,_Friedrich_-_Unter_Palmen_und_Buchen._Zweiter_Band.Unter_Palmen._Gesammelte_Erzählungen.-45534.txt","Daß es in jenen Ländern, welche innerhalb der heißen Zone liegen und die wir kurzweg »die Tropen« nennen, auch sehr heiß sein muß, gilt als eine völlig feststehende Thatsache, und man hört gar nicht etwa so selten, daß Leute an einem recht warmen Sommertag bei uns die armen Menschen bemitleiden, die »bei _=der=_ Hitze« auch noch unter dem Aequator sitzen müssen."
304,Kraus, Karl,Glossen bis 1924,1924,"Humor, Satire",Karl_Kraus_-_Glossen_bis_1924.txt,"Wir haben bereits das neueste Kriegsandenken, den eisernen Kriegsbecher, eingehend besprochen."
305,Lindau, Rudolf,Morgenland und Abendland,1898,"Romane, Novellen und Erzählungen",Rudolf_Lindau_-_Morgenland_und_Abendland.txt,"Aber es zeigt sich, daß er im Gegenteil – dem Wesen, nicht der Form nach – Vorläufer einer kommenden Gattung deutscher Schriftsteller war. "
306,Kellermann, Bernhard,Schwedenklees Erlebnis,1923,"Romane, Novellen und Erzählungen",Bernhard_Kellermann_-_Schwedenklees_Erlebnis.txt,"Es gibt Menschen, die vom Glück geradezu verfolgt werden."
307,Storch, Ludwig,Der Diplomat,1834,"Romane, Novellen und Erzählungen",Ludwig_Storch_-_Der_Diplomat.txt,"Für Manche! Mit sehr großem Vergnügen habe ich vernommen, daß hie und da gewisse Leute, vorzüglich des schönen Geschlechts, sich über manche Stellen in meiner Novelle: »Malers Traum,« die unser gesellschaftliches Unwesen etwas scharf rügen, bitter beklagt und weidlich auf mich geschimpft haben."
308,Stratz, Rudolf,Lieb Vaterland,1914,"Romane, Novellen und Erzählungen",Rudolph_Stratz_-_Lieb_Vaterland.txt,Karl Feddersen war an diesem Januar-Nachmittag vor einer Stunde auf der Durchreise von Moskau nach Paris in Berlin eingetroffen. 
309,Kabel, Walther,Der Obstkahn am Elisabethufer,1923,"Krimis, Thriller, Spionage",Walter_Kabel_-_Der_Obstkahn_am_Elisabethufer.txt,"Den Aberglauben, der die Zahl 13 mit einem verhängnisvollen Etwas umkleidet, habe ich bisher stets belächelt. "
310,Däubler, Theodor,Der unheimliche Graf - Der Werwolf - Die fliegenden Lichter,1921,"Krimis, Thriller, Spionage",Theodor_Däubler_-_Der_unheimliche_Graf_-_Der_Werwolf_-_Die_fliegenden_Lichter.txt,Ich saß einmal vor vielen Jahren in Wien beim Nachmittagskonzert in einem Vorstadtgarten.
311,Hango, Hermann,Obertraun,1929,"Romane, Novellen und Erzählungen",Hermann_Hango_-_Obertraun.txt,Im südlichsten Teile des von Naturschönheit erfüllten oberösterreichischen Salzkammergutes ragt über dem Markt Hallstatt und dem Hallstätter See der uralt-heilige Salzberg.
312,Francois, Louise von,"Judith, die Kluswirthin",1868,"Romane, Novellen und Erzählungen","Louise_von_François_-_Judith,_die_Kluswirthin.txt","Man ist es gewohnt, preisend oder spottend, die altsassische Landschaft zwischen Weser und Rhein, die wir unter dem Namen Westphalen zusammenfassen, als eine Provinz strenger, steifer Erhaltung darzustellen."
313,Tieck, Ludwig,Die Wundersüchtigen,1831,"Romane, Novellen und Erzählungen",Ludwig_Tieck_-_Die_Wundersüchtigen.txt,"Der Geheimerath von Seebach lebte in seinem großen, wohleingerichteten Hause glücklich in der Residenz."
314,Hermann, Georg,November Achtzehn,1930,"Romane, Novellen und Erzählungen",Georg_Hermann_-_November_Achtzehn.txt,"Man muß feststellen, daß die Ulmen am Wasser auch keine Blätter mehr hatten."
315,Hildebrand,Gustav,Siebeneichen: Roman aus dem Alt-Meißner Land,1912,Historische Romane und Erzählungen,"Hildebrand,_Gustav_-_Siebeneichen:_Roman_aus_dem_Alt-Meißner_Land-58342.txt",Zu alten Zeiten bedeckte das heutige Sachsen dichter Wald.
316,Bahr,Hermann,Wirkung in die Ferne,1902,"Romane, Novellen und Erzählungen",Hermann_Bahr_-_Wirkung_in_die_Ferne.txt,"Ich hatte mich vor ein paar Jahren aus der Stadt in ein Jägerhaus geflüchtet, das, eine halbe Stunde von einem See, mitten im Walde gelegen war."
317,Mann, Thomas,Tonio Kröger,1903,"Romane, Novellen und Erzählungen","Mann,_Thomas_-_Tonio_Kröger-23313.txt","Die Wintersonne stand nur als armer Schein, milchig und matt hinter Wolkenschichten über der engen Stadt."
318,Mühlbach, Luise,Berlin und Sanssouci oder Friedrich der Große und seine Freunde. Viertes Buch,1858,Historische Romane und Erzählungen,Luise_Mühlbach_-_Berlin_und_Sanssouci_oder_Friedrich_der_Große_und_seine_Freunde._Viertes_Buch.txt,Es war ein wundervoller Sommertag. 
319,Gerstäcker, Friedrich,Der Erbe: Roman. Dritter Band.,1867,"Romane, Novellen und Erzählungen","Gerstäcker,_Friedrich_-_Der_Erbe:_Roman._Dritter_Band.-46465.txt","Staatsanwalt Witte ging in einem wahren Sturmschritte auf das Amt hinauf, denn er hatte in der That keinen Moment Zeit mehr zu versäumen."
320,Presber, Rudolf,Von Ihr und Ihm,1913,"Humor, Satire",Rudolf_Presber_-_Von_Ihr_und_Ihm.txt,Er und Sie sitzen sich in einem Vorortzuge gegenüber.
321,Vollmar, Agnes,Das Pfarrhaus im Harz,1883,"Romane, Novellen und Erzählungen",A._Vollmar_-_Das_Pfarrhaus_im_Harz.txt,"Es war Sonnabend vor Pfingsten, und da mußte zum morgenden Feste alles im höchsten Glanze strahlen."
322,Blei, Franz,Der Persische Dekameron,1927,"Romane, Novellen und Erzählungen",Franz_Blei_-_Der_Persische_Dekameron.txt,"Eine Legende läßt die Geburt der persischen Lyrik – Wort, Rhythmus und Reim – aus dem Echo entstehen, das zum Anlaß die Worte der Liebe hat, welche der König Behram Gor seiner Geliebten Dil Aram und diese ihm auf die Lippen flüstert in der Umarmung."
323,Dedenroth, Eugen Hermann von,Die Bescholtenen,1880,"Krimis, Thriller, Spionage",Eugen_Hermann_von_Dedenroth_-_Die_Bescholtenen.txt,"»Ich habe Dir eine sehr ernste Mittheilung zu machen,« sagte der Major a. D. v. Trotten zu seinem Sohne, den er in sein Arbeitskabinet gerufen, »setze Dich und höre mich mit Ruhe an – es handelt sich um eine wichtige Lebensfrage für Dich.« "
324,Stifter, Adalbert,Der Waldsteig,1847,"Romane, Novellen und Erzählungen",Adalbert_Stifter_-_Der_Waldsteig.txt,"Ich habe einen Freund, der, obwohl er noch am Leben ist, und bei uns von lebenden Leuten nicht leicht Geschichten erzählt zu werden pflegen, mir doch erlaubt hat, eine Begebenheit, die sich mit ihm zugetragen hat, zum Nuzen und zum Frommen aller derer zu erzählen, die große Narren sind; vielleicht schöpfen sie einen ähnlichen Vortheil daraus, wie er. "
325,Gemberg, Adine,Morphium: Novellen,1895,"Romane, Novellen und Erzählungen","Gemberg,_Adine_-_Morphium:_Novellen-64442.txt",In einer Ecke des städtischen Kirchhofes war großer Kehraus.
326,Schieber, Anna,Ludwig Fugeler: Roman,1918,"Romane, Novellen und Erzählungen","Schieber,_Anna_-_Ludwig_Fugeler:_Roman-34424.txt","Ich muß dir etwas erzählen, liebste Frau, was mir gestern begegnet ist, und was ich dir gerne mündlich sagte, wenn du nicht in weiter Ferne am Meeresstrande säßest, du Ausreißerin."
327,Samarow, Gregor,"Der Todesgruß der Legionen, 3. Band",1871,Historische Romane und Erzählungen,"Samarow,_Gregor_-_Der_Todesgruß_der_Legionen,_3._Band-13659.txt","Der Kaiser Napoleon ging in heftiger Bewegung in seinem Cabinet auf und nieder; die krankhafte Abgespanntheit, welche sonst auf seinem Gesicht zu liegen pflegte, war verschwunden, an deren Stelle war eine lebhafte Aufregung getreten, seine Lippen zuckten, seine Augen blickten unruhig hin und her, und sein sonst so wohl geordneter Bart war durch das Spiel seiner zitternden Finger aus der Ordnung gebracht."
328,Aurbacher, Ludwig,Abenteuer der sieben Schwaben und des Spiegelschwaben,1870,"Humor, Satire",Ludwig_Aurbacher_-_Abenteuer_der_sieben_Schwaben_und_des_Spiegelschwaben.txt,"Als man zählte nach Christi Geburt eintausend und etliche hundert Jahr, da begab sich's, daß die sieben Schwaben in die weltberühmte Stadt Augsburg einzogen; und sie gingen sogleich zu dem geschicktesten Meister allda, um sich Waffen machen zu lassen; denn sie gedachten das Ungeheuer zu erlegen, welches zur selbigen Zeit in der Gegend des Bodensees übel hauste und das ganze Schwabenland in Furcht und Schrecken setzte. "
329,Alexander,Arno,Im Schattenkasten,1949,"Krimis, Thriller, Spionage",Arno_Alexander_-_Im_Schattenkasten.txt,Mr. Harrogate hatte seinen Bericht beendet.
330,Hebbel, Friedrich,Schnock: ein niederländisches Gemälde,1848,"Romane, Novellen und Erzählungen","Hebbel,_Friedrich_-_Schnock:_ein_niederländisches_Gemälde-3297.txt","In dem kleinen Marktflecken Y., wo sich jeder Reisende gern so lange aufhält, als er muß, nämlich so lange als die Post ausbleibt, traf ich in den Hundstagen des Jahres 1836 zum letztenmal ein. "
331,Bronner, Benno,Herr von Syllabus,1873,"Krimis, Thriller, Spionage",Benno_Bronner_-_Herr_von_Syllabus.txt," »Wenn der junge Gründling ein Köder für den alten Hecht ist, so sehe ich nach dem Naturrecht keinen Grund, warum ich nicht nach ihm schnappen sollte.« "
332,Nordau, Max,Die Nixe,1915,"Romane, Novellen und Erzählungen",Max_Nordau_-_Die_Nixe.txt,Die Theater waren seit einer Stunde geschlossen und der Strom ihrer Besucher in die Häuser versickert.
333,Weber, Leopold,Gisli der Waldgänger aus Islands Heldenzeit,1927,"Romane, Novellen und Erzählungen",Leopold_Weber_-_Gisli_der_Waldgänger_aus_Islands_Heldenzeit.txt,"Am Lagerfeuer in Serbien Im Winter des Weltkriegs 1915 war's, um die Weihnachtszeit. "
334,Zingerle, Ignaz,Sagen aus Tirol,1891,"Märchen, Sagen, Legenden",Ignaz_Vinzenz_Zingerle_-_Sagen_aus_Tirol.txt,"Der h. Oswald, der ein christlicher König im Etschlande war, wurde von Heiden und anderen bösen Leuten des Thrones beraubt und vertrieben. "
335,Alexis, Willibald,Der neue Pitaval - Band 9,1845,Historische Kriminalromane und -fälle,Alexis_|_Hitzig_-_Der_neue_Pitaval_-_Band_9.txt,"Der erste Proceß eines Reformators gegen einen Reformator, der traurig weltberühmte, den Calvin gegen Serveto erhob und den Verurtheilten als Ketzer verbrennen ließ, war bis da nur in den Grundzügen bekannt; auch diese waren dem größern Publicum wenig vertraut."
336,Schaeffer, Albrecht,Cara,1936,"Romane, Novellen und Erzählungen",Albrecht_Schaeffer_-_Cara.txt,"Sonnenschein flutete schräg von oben durch zwei kleine, weit voneinander liegende Fenster, vor denen außerhalb große Büsche Phlox mit weißen und rosigen Blütenhäuptern sich drängten, die an der Hauswand standen."
337,Brochowska, Alberta von,Tante Toni und ihre Bande,1912,Jugendliteratur,"Brochowska,_Alberta_von_-_Tante_Toni_und_ihre_Bande-24413.txt",Tante Toni kommt!
338,Schücking, Levin,Märtyrer oder Verbrecher?,1862,"Romane, Novellen und Erzählungen",Levin_Schücking_-_Märtyrer_oder_Verbrecher?.txt,"Als ich vor nun schon vielen Jahren meinen jetzigen Wohnsitz in einem von der von der Welt abgelegenen Dorfe bezog, sah ich mich zur Befriedigung jenes Geselligkeitsbedürfnisses, das jedem Sterblichen innewohnt und ihm auch unter den ihm gleichgiltigsten Leuten treu bleibt, auf zwei Personen beschränkt, welche meine nächsten Nachbarn waren."
339,Niese, Charlotte,Mein Freund Kaspar und andere Erzählungen,1911,"Romane, Novellen und Erzählungen",Charlotte_Niese_-_Mein_Freund_Kaspar_und_andere_Erzählungen.txt,Draußen lag der dichte Schnee auf den Bergen und den dunkeln Dächern der kleinen rheinischen Stadt.
340,Reventlow, Franziska zu,Der Geldkomplex,1916,"Romane, Novellen und Erzählungen",Franziska_Gräfin_zu_Reventlow_-_Der_Geldkomplex.txt,"Meine liebe Maria! Aus einem eindringlichen Brief von B..., der mir durch das Konsulat nachgeschickt wurde, sehe ich, daß man sich um meinen Verbleib beunruhigt… "
341,Henne am Rhyn, Otto (Hg.),Clarissa. Aus dunkeln Häusern Belgiens,1892,"Romane, Novellen und Erzählungen",Alexis_Splingard_-_Clarissa._Aus_dunkeln_Häusern_Belgiens.txt,"Es ergeht ein Notruf, ein gellender Schmerzensschrei durch die Länder und Völker der Erde, er erhebt sich klagend und anklagend gegen tiefe und herbe Wunden der Gesellschaft und des sittlichen Lebens, er protestiert gegen die Ausbeutung des schutzlosen, schwachen Geschlechtes, vorzüglich auf Seite der Armen und Elenden, durch die zügellosen und selbstsüchtigen Gelüste des sogenannten starken Geschlechtes, vorzüglich auf Seite der Bevorzugten, der Reichen und Vornehmen dieser Erde."
342,Winsloe, Christa,Mädchen in Uniform,1933,"Romane, Novellen und Erzählungen",Christa_Winslo_-_Mädchen_in_Uniform.txt,"Manuela war ein ersehntes Kind, ein im voraus heiß geliebtes Kind."
343,Heer, Jacob Christoph,Tobias Heider,1923,"Romane, Novellen und Erzählungen",Jakob_Christoph_Heer_-_Tobias_Heider.txt,Die Schmerzen und Nöte der Lehrerprüfung am Seminar sind vorüber. 
344,Busse, Hermann Eris,Heiner und Barbara,1936,"Romane, Novellen und Erzählungen",Hermann_Eris_Busse_-_Heiner_und_Barbara.txt,Der Hang des Unlandes ist schon blau von Leberblümchen.
345,Raabe, Wilhelm,Der Junker von Denow; Ein Geheimnis; Ein Besuch; Auf dem Altenteil: Erzählungen,1859,"Romane, Novellen und Erzählungen","Raabe,_Wilhelm_-_Der_Junker_von_Denow;_Ein_Geheimnis;_Ein_Besuch;_Auf_dem_Altenteil:_Erzählungen-44639.txt","Wer am Abend des sechsten Septembers alten Stils, am Donnerstag vor Mariä Geburt im Jahre unsers Herrn Eintausendfünfhundertneunundneunzig, nach Sonnenuntergang einen Blick aus der Vogelschau über die Rheinebene von Rees bis Emmerich und weit nach Ost und West ins Land hinein hätte werfen können, der würde eines erschrecklichen Schauspiels teilhaftig geworden sein."
346,Green, Anna Katherine,Der Tag der Vergeltung,1896,"Krimis, Thriller, Spionage",Anna_Katharine_Green_-_Der_Tag_der_Vergeltung.txt,"Am Abend des 13. Juli 1863 verließen zwei Männer, der eine in Washington, der andere in Buffalo, ihren Wohnort, und zwar unter merkwürdig ähnlichen Umständen."
347,Mann, Heinrich,Empfang bei der Welt,1956,"Romane, Novellen und Erzählungen",Heinrich_Mann_-_Empfang_bei_der_Welt.txt,"»Hier wird geparkt«, sprach der Vater zu dem Sohn."
348,Ebner-Eschenbach, Marie Freifrau von,Die Resel,1883,"Romane, Novellen und Erzählungen",Marie_von_Ebner-Eschenbach_-_Die_Resel.txt,Es war im März zwischen Okuli und Lätare.
349,Gerstäcker, Friedrich,Nach Amerika! Ein Volksbuch. Vierter Band,1855,"Romane, Novellen und Erzählungen","Gerstäcker,_Friedrich_-_Nach_Amerika!_Ein_Volksbuch._Vierter_Band-28243.txt","Den Mississippi hinauf brauste das kleine, aber tüchtige Dampfboot _Little Rock_, nach Fort Smith, dem Grenzort des Indianischen Territoriums bestimmt, aber auch an allen Zwischenorten, wo eben Passagiere aussteigen oder an Bord kommen wollten, oder wohin Fracht von New-Orleans aus eingeladen war, anlegend."
350,Sacher-Masoch, Leopold,Zur Ehre Gottes!,1863,"Romane, Novellen und Erzählungen",Leopold_Sacher-Masoch_-_Zur_Ehre_Gottes!.txt,Ein böhmisches Dorf.
351,Kabel, Walther,Das Paradies der Enterbten,1929,Spannung und Abenteuer,Walter_Kabel_-_Das_Paradies_der_Enterbten.txt,"Das namenlose Schiff Chuburs braune Gaunervisage lockt mit verheißungsvollem Grinsen ... »Große Brigg, El Gento ...« wiederholte er eindringlich."
352,Hackländer, Friedrich Wilhelm,Europäisches Sklavenleben. Erster Band,1854,"Romane, Novellen und Erzählungen",Friedrich_Wilhelm_Hackländer_-_Europäisches_Sklavenleben._Erster_Band.txt,"Es ist eigentümlich, theurer und geneigter Leser, daß man beim Beginn einer Geschichte so gern Betrachtungen über das Wetter anstellt, – eigentümlich, aber durchaus nothwendig. "
353,Dürr, Max,Die Geschichte von Herrn Steinhausers Uhr,1915,"Krimis, Thriller, Spionage",Max_Dürr_-_Die_Geschichte_von_Herrn_Steinhausers_Uhr.txt,"Geht man durch den alten Gänsturm über die hübsche neue Brücke zur neuen Stadt – sie hat mit der Altstadt aber nur den Namen gemein, sonst hat sie mit ihr nicht viel zu schaffen, denn der Fluß bildet hier die Landesgrenze – so eröffnet sich ein reizender Ausblick."
354,Bierbaum, Otto Julius,Das höllische Automobil: Novellen,1905,"Romane, Novellen und Erzählungen","Bierbaum,_Otto_Julius_-_Das_höllische_Automobil:_Novellen-43914.txt","Der Riese Rumbo konnte die Menschen nicht leiden, weil sie neben ihm so lächerlich klein erschienen, aber doch klüger waren als er, und weil es ihm, wegen seiner unmäßigen Größe und Ungeschlachtheit, nicht möglich war, mit ihnen zusammen zu wohnen, -- was er doch von wegen Kartenspiel und anderer Lustbarkeiten, die man nicht allein besorgen kann, ganz gerne gemocht hätte."
355,Gagern, Friedrich von,Der Marterpfahl,1925,"Romane, Novellen und Erzählungen",Friedrich_von_Gagern_-_Der_Marterpfahl.txt,"Auf einsamen Farmen des westlichen Virginien, wo die Wasser der beiden Kanawha und des Monongahela zum milderen Klima der Ohiolandschaften niederströmen, zeigt sich noch heutigentags bisweilen ein Gespenst."
356,Dauthendey, Max,Lingam: Zwölf asiatische Novellen,1909,"Romane, Novellen und Erzählungen","Dauthendey,_Max_-_Lingam:_Zwölf_asiatische_Novellen-47467.txt","Ich drehe in meiner Hand einen kleinen Kupfernapf mit breitem Rand, der im Licht rötlich blitzt."
357,Ernst, Otto,Heidéde!,1923,"Romane, Novellen und Erzählungen",Otto_Ernst_-_Heidéde!.txt,"Die Macht des Liliencron mochte sechzig und ich demnach zweiundvierzig sein, als er mir eines Tages auf die Schulter klopfte und sprach: »Mein Otto Ernst, wenn du einmal so alt bist wie ich, wirst du über die Menschen ebenso denken wie ich. Ich habe zu tief in dies Schuft- und Schufterle-Treiben hineingeguckt.« "
358,Riesbeck, Johann Kaspar,Briefe eines reisenden Franzosen über Deutschland an seinen Bruder - Band 1,1784,"Romane, Novellen und Erzählungen",Johann_Kaspar_Riesbeck_-_Briefe_eines_reisenden_Franzosen_über_Deutschland_an_seinen_Bruder_-_Band_1.txt,"Was ist es doch für ein Vergnügen, sich für einen Taler belehren zu können und seinen Horizont zu erweitern, ohne aus dem Haus gehen zu müssen!"
359,Bierbaum, Otto Julius,Prinz Kuckuck,1906,"Romane, Novellen und Erzählungen",Otto_Julius_Bierbaum_-_Prinz_Kuckuck.txt,"Neapel wirkte auf Karl wie ein Stimulans von unerhörter, tiefer, brausender Kraft."
360,Rosegger, Peter,Der Höllbart,1903,"Romane, Novellen und Erzählungen",Peter_Rosegger_-_Der_Höllbart.txt,"Das lebensvolle und kräftige Talent Peter Roseggers hat, von der Veröffentlichung seiner ersten Gedichte und Erzählungen an, eine gewisse Volkstümlichkeit gewonnen und zugleich die Teilnahme auch aller Bildungskreise gefesselt, die für die unverkünstelte Unmittelbarkeit und frische Lebendigkeit poetischer Darstellung Sinn und Verständnis bewahrt haben."
361,Gall, Louise von,Gegen den Strom. Erster Band,1851,"Romane, Novellen und Erzählungen",Louise_von_Gall_-_Gegen_den_Strom._Erster_Band.txt,"Die Heldin unserer Geschichte, Agnes von Stein, war ein einziges Kind und besaß in vollem Maaße alle Vorzüge und alle Schwächen eines einzigen Kindes."
362,Schickele, René,Das gelbe Haus,1923,"Romane, Novellen und Erzählungen",René_Schickele_-_Das_gelbe_Haus.txt,"Sie waren, ohne einander zu kennen, am selben Tag aus Deutschland gekommen, stammten beide aus der Kölner Gegend, hatten sich am selben Tag beim Baron verdingt."
363,Tavel, Rudolf von,Bernbiet,1918,"Romane, Novellen und Erzählungen",Rudolf_von_Tavel_-_Bernbiet.txt,"Wo heute der Quaderbau der großen Nydeckbrücke zum gewaltigen Schwung über die Aare ansetzt, stand vor hundert Jahren, eingezwängt zwischen die Häuser an der Mattenenge, ein heimeliges altes Wohnhaus, in dessen tiefliegendem Erdgeschoß Christen Baumgartner seine Drechsler­werkstatt aufgeschlagen hatte."
364,Anzengruber, Ludwig,Kalendergeschichten,1897,"Romane, Novellen und Erzählungen",Ludwig_Anzengruber_-_Kalendergeschichten.txt,"Es ist eine eigene Sache um das Kalendermachen, ich meine nicht, um das Aufteilen der Tage und das Zuteilen heiliger oder profaner Namen für einen jeden derselben, das Vorberichten von Mondes- und Sonnenfinsternissen, Aufzählen der Fest- und Fasttage und Anführen der Bauernregeln, welche so heißen, weil sich wohl die Bauern danach richten, aber leider nicht immer die Witterung, kurz, ich meine nicht das Zusammenstellen alles dessen, wovon laufenden Jahres über jeder Käufer jedes Kalenders aufs beste unterrichtet zu sein verlangt, sondern ich meine die Abfassung des erzählenden Teiles, denn der soll das Büchelchen dem Käufer wert machen, viel mehr wert, als die Pfennige oder Groschen, welche dafür ausgelegt werden."
365,Betsch, Roland,Die Verzauberten,1934,"Romane, Novellen und Erzählungen",Roland_Betsch_-_Die_Verzauberten.txt,"Es macht den Eindruck, als wollte unser Direktor, der in Leid ergraute Komödiant, die Ritterstiefel anziehen."
366,Gutzkow, Karl,Seraphine,1837,"Romane, Novellen und Erzählungen",Karl_Gutzkow_-_Seraphine.txt,Eine Staubwolke ließ auf der Höhe der Landstraße die Ankunft eines Reisewagens signalisiren.
367,Schmitthenner, Adolf,Der Ad'm,1887,"Romane, Novellen und Erzählungen",Adolf_Schmitthenner_-_Der_Ad'm.txt,"Er war ein struppiger Bursche, fünfzehn und ein halbes Jahr alt."
368,Heyse, Paul,Im Grafenschloß,1861,"Romane, Novellen und Erzählungen",Paul_Heyse_-_Im_Grafenschloß.txt,"Einen Sommer lang hatte ich auf der Universität häufigen und vertrauten Verkehr mit einem jungen Manne, dessen seelenvolles Gesicht und edle Sitten auf jeden, der ihm nur flüchtig nahe kam, einen gewinnenden Eindruck machten."
369,Rellstab, Ludwig,1812 – Ein historischer Roman,1910,Historische Romane und Erzählungen,Ludwig_Rellstab_-_1812_–_Ein_historischer_Roman.txt,"Als Napoleon I. im Jahre 1812 seine Truppen gegen Rußland führte und das Glück des übermütigen Korsen in den Flammen Moskaus und auf den russischen Schneefeldern zuschanden wurde, war Ludwig Rellstab, der Verfasser des Romans »1812«, bald dreizehn Jahre alt."
370,Kleist, Heinrich von,Der Zweikampf,1811,"Romane, Novellen und Erzählungen",Heinrich_von_Kleist_-_Der_Zweikampf.txt,"Wilhelm von Breysach, der, seit seiner heimlichen Verbindung mit einer Gräfin, namens Katharina von Heersbruck, aus dem Hause Alt-Hüningen, die unter seinem Range zu sein schien, mit seinem Halbbruder, dem Grafen Jakob dem Rotbart, in Feindschaft lebte, kam gegen Ende des vierzehnten Jahrhunderts, da die Nacht des heiligen Remigius zu dämmern begann, von einer in Worms mit dem deutschen Kaiser abgehaltenen Zusammenkunft zurück, worin er sich von diesem Herrn, in Ermangelung ehelicher Kinder, die ihm gestorben waren, die Legitimation eines, mit seiner Gemahlin vor der Ehe erzeugten, natürlichen Sohnes, des Grafen Philipp von Hüningen, ausgewirkt hatte."
371,Gerstäcker, Friedrich,Sträflinge,1857,"Romane, Novellen und Erzählungen",Friedrich_Gerstäcker_-_Sträflinge.txt,"Reges Leben herrschte heute auf der sonst so still und einsam am Murray gelegenen Station des Squatter Powell, – reges, jubelndes Leben, und der Ruf: »Die Karren kommen!« lief von Mund zu Mund. "
372,Raabe,Wilhelm,Deutscher Mondschein,1873,"Romane, Novellen und Erzählungen","Raabe,_Wilhelm_-_Deutscher_Mondschein-32008.txt",Erzählen wir ruhig und ohne alle Aufregung.
373,Schücking, Levin,Aus der Franzosenzeit,1863,"Romane, Novellen und Erzählungen",Levin_Schücking_-_Aus_der_Franzosenzeit.txt,"In einem der Thäler der Ardennen, etwa sechs Stunden ostwärts von dem Städtchen Huy an der Maas, erhebt sich ein isolirter Felsenkegel, der nur durch einen schmalen Erdrücken mit den dahinter liegenden bewaldeten Höhen verbunden ist."
374,Engel, Johann Jakob,Herr Lorenz Stark,1795,"Romane, Novellen und Erzählungen",J._J._Engel_-_Herr_Lorenz_Stark.txt,"Herr Lorenz Stark galt in ganz H...., wo er lebte, für einen sehr wunderlichen, aber auch sehr vortrefflichen alten Mann."
375,Keyserling, Eduard Graf von,Seine Liebeserfahrung,1906,"Romane, Novellen und Erzählungen",Eduard_von_Keyserling_-_Seine_Liebeserfahrung.txt,"Jetzt mußte ich das Buch schreiben, ich fühlte es deutlich."
376,Aram, Kurt,Oh Ali!,1927,"Romane, Novellen und Erzählungen",Kurt_Aram_-_Oh_Ali!.txt,"Die Hauptstadt des persischen Gouvernements, das im Norden nur durch den Araxes daran gehindert wird, mit russisch Transkaukasien zusammenzufließen wie Milch und Sahne, zählte etwa zehntausend Einwohner."
377,Gagern, Friedrich von,Die Straße,1920,"Romane, Novellen und Erzählungen",Friedrich_von_Gagern_-_Die_Straße.txt,"Mit strengväterlichem Wohlgefallen sah der alte Graf auf den bildsauberen Burschen, der da in seiner schmucken knappen Heimattracht schlank vor ihm stand und den Wetterfilz mit dem Hahnenspiel in unsicheren Händen drehte."
378,Möllhausen, Balduin,Das Mormonenmädchen. Band I,1858,"Romane, Novellen und Erzählungen",Balduin_Möllhausen_-_Das_Mormonenmädchen._Band_I.txt,"Es war in den Frühstunden eines klaren, sonnigen Herbsttages, als eine einsame Wanderin aus der letzten Biegung des Passes trat und den Punkt erreichte, von welchem aus sie die erste Aussicht auf die gefürchtete Wüste gewann. "
379,Raabe, Wilhelm,Die Akten des Vogelsangs,1896,"Romane, Novellen und Erzählungen",Wilhelm_Raabe_-_Die_Akten_des_Vogelsangs.txt,"An einem Novemberabend bekam ich (der Leutnant der Reserve liegt als längst abgetan bei den Papieren des deutschen Heerbanns), Oberregierungsrat Dr. jur. K. Krumhardt, unter meinen übrigen Postsachen folgenden Brief in einer schönen, festen Handschrift, von der man es kaum für möglich halten sollte, daß sie einem Weibe zugehöre."
380,Scheerbart, Paul,Der Tod der Barmekiden,1897,"Romane, Novellen und Erzählungen",Paul_Scheerbart_-_Der_Tod_der_Barmekiden.txt,Der Orient ist gross.
381,Hedenstjerna, Alfred von,Zwei Menschen,1896,"Romane, Novellen und Erzählungen",Alfred_von_Hedenstjerna_-_Zwei_Menschen.txt,"Der Besuch von Privatgesellschaften würde ein wenig dünn gesäet sein, wenn die eingeladenen Gäste ungesehen Zeuge sein könnten der Erwägungen, welche in der gastfreundlichen Familie den höflichen Einladungen vorauszugehen pflegen."
382,Spindler, Karl,Regenbogenstrahlen. Zweiter Band,1854,"Romane, Novellen und Erzählungen",Carl_Spindler_-_Regenbogenstrahlen._Zweiter_Band.txt,"Die Abendsonne flimmerte heiter durch die grünen Vorhänge des gothisch-gewölbten Fensters, und auf den Steinplatten des Fußbodens wie auf der blanken Schiefertafel des mächtigen Tisches spiegelte sich der bunte Schimmer der Wappen, die den Fensterbogen schmückten"
383,Strasser, Charlot,Exotische Erzählungen,1921,"Romane, Novellen und Erzählungen",Charlot_Straßer_-_Exotische_Erzählungen.txt,"Am Vorabend des Tages, an dem die hier folgende Geschichte geschah (wir wohnten in Kyoto im Sawabun-Hotel – das Herz geht mir heute noch auf beim Klange Sawabun, welcher Gasthofsname für mich alles echt japanisch Freundliche und Liebe in sich schließt), war auch mir die Ehre eines offiziellen Preßbesuches zuteil geworden."
384,Stehr, Hermann,Die Nachkommen,1933,"Romane, Novellen und Erzählungen",Hermann_Stehr_-_Die_Nachkommen.txt,Die Hand des Todes bringt Sterben und Werden.
385,Alexis, Willibald,Der neue Pitaval - Band 5,1844,Historische Kriminalromane und -fälle,Alexis_|_Hitzig_-_Der_neue_Pitaval_-_Band_5.txt,"Unter allen Criminalprocessen, die in das Gebiet der Politik überspielen, hat keiner ein so welthistorisches Aufsehen erregt, als der, welcher vor dem englischen Parlamente gegen Warren Hastings, den gewesenen Generalgouverneur von Indien, geführt wurde."
386,Detmold, Johann Hermann,Satiren,1920,"Humor, Satire",Johann_Hermann_Detmold_-_Satiren.txt,Jedermann kannte im Hannover der Biedermeierzeit die kleine mißgestaltete Erscheinung des Advokaten Johann Hermann Detmold.
387,Robinson,Terese,Gespräche im Zwielicht,1924,"Romane, Novellen und Erzählungen","Robinson,_Terese_-_Gespräche_im_Zwielicht-63021.txt","Die Leute, die Kurt Georgi nicht näher kennen und ihm seine tadellose Erscheinung mißgönnen, werfen gerne die nachlässige Bemerkung hin, daß er doch in der Hauptsache nur dekorativ wirke und eine fatale Ähnlichkeit mit den unsäglich vornehmen Dandys habe, wie sie die englischen Familienblätter und die Plakate unserer Zigarettenfirmen schmücken."
388,Gotthelf, Jeremias,Der Bauernspiegel,1837,"Romane, Novellen und Erzählungen",Jeremias_Gotthelf_-_Der_Bauernspiegel.txt,"Ich bin geboren in der Gemeinde Unverstand, in einem Jahre, welches man nicht zählte nach Christus."
389,Stifter, Adalbert,Nachkommenschaften,1864,"Romane, Novellen und Erzählungen",Adalbert_Stifter_-_Nachkommenschaften.txt,So bin ich unversehens ein Landschaftsmaler geworden. 
390,Gotthelf, Jeremias,Die Wassernot im Emmental,1838,"Romane, Novellen und Erzählungen",Jeremias_Gotthelf_-_Die_Wassernot_im_Emmental.txt,"Mensch, wie wäre dir, wenn einst an einem Morgen keine Sonne aufstiege am Himmelsbogen, wenn es finster bliebe über der Erde?"
391,Graeser, Erdmann,Eisrieke,1931,"Romane, Novellen und Erzählungen",Erdmann_Graeser_-_Eisrieke.txt,"Über Nacht war der Wind umgeschlagen, kam nun vom Westen, brachte Tauluft. "
392,Schmidt, Maximilian,Der Tranklsimmet,1893,"Romane, Novellen und Erzählungen",Maximilian_Schmidt_-_Der_Tranklsimmet.txt,"Am Rande der schönen Bergwelt machen viele Halt, weil sie es vorziehen, den unaussprechlich romantischen Reiz des herrlichen Gebirgspanoramas, wenn auch in nächster Nachbarschaft, so doch immerhin in einer gewissen Entfernung auf sich wirken zu lassen."
393,Storm, Theodor,Aquis submersus,1877,"Romane, Novellen und Erzählungen",Theodor_Storm_-_Aquis_submersus.txt,"In unserem zu dem früher herzoglichen Schlosse gehörigen, seit Menschengedenken aber ganz vernachlässigten »Schloßgarten« waren schon in meiner Knabenzeit die einst im altfranzösischen Stile angelegten Hagebuchenhecken zu dünnen, gespenstischen Alleen ausgewachsen; da sie indessen immerhin noch einige Blätter tragen, so wissen wir Hiesigen, durch Laub der Bäume nicht verwöhnt, sie gleichwohl auch in dieser Form zu schätzen; und zumal von uns nachdenklichen Leuten wird immer der eine oder andre dort zu treffen sein."
394,Theden, Dietrich,Menschenhasser,1904,"Krimis, Thriller, Spionage",Dietrich_Theden_-_Menschenhasser.txt,"Ein sommerwarmer Novembertag lag mit Sonnenglitzern über der Hauptstadt, und Unter den Linden drängte eine tausendköpfige Menschenmenge auf und nieder."
395,Gerstäcker, Friedrich,General Franco,1865,"Romane, Novellen und Erzählungen",Friedrich_Gerstäcker_-_General_Franco.txt,"Bodegas, das sonst so friedliche, sonngebrannte Städtchen, das, am Bodegasstrom unweit Guajaquil belegen, den eigentlichen Centralpunkt für den ganzen Binnenhandel der Republik bildet, befand sich heute in einer fast fieberhaften Aufregung, und während überall kleine Trupps wild genug aussehender Soldaten mit klingendem Spiel einherzogen, sammelten sich die Bürger und zahlreiche Arrieros und Maulthiertreiber in Gruppen und betrachteten mißtrauisch das geräuschvolle Leben um sich her."
396,Heyse, Paul,Vier neue Novellen. Dritte Sammlung,1859,"Romane, Novellen und Erzählungen",Paul_Heyse_-_Vier_neue_Novellen._Dritte_Sammlung.txt,"Mehrere Tage lang hatten heftige Südstürme das Meer erschüttert, auf dem hohen Felsenufer Sorrents mit Frühlingsungestüm den Saft in den Feigenbäumen aufgerüttelt und den Boden mit fruchtbaren Regenschauern gepflügt."
397,Leifhelm, Hans,Steirische Bauern,1935,"Romane, Novellen und Erzählungen",Hans_Leifhelm_-_Steirische_Bauern.txt,"Ein Mann führt ein Pferd, das den landesüblichen kleinen Gebirgskarren zieht."
398,Ewers, Hanns Heinz,Mein Begräbnis und andere seltsame Geschichten,1921,"Romane, Novellen und Erzählungen",Hanns_Heinz_Ewers_-_Mein_Begräbnis_und_andere_seltsame_Geschichten.txt,"Ob über das weitferne Glück, endlich einmal ein Werk zu erleben, in dem sich der Mensch in der ganzen Fülle seines Lebens offenbaren würde: den Menschen zu sehen bekommen, wie er in seinem gewaltigen Umfange bis jetzt nur mit geheimem Grauen geahnt werden konnte – den Menschen, bar aller fesselnden Gesetze, losgerissen von aller Norm und befreit von der sogenannten Ethik, die sein eigentlichstes Leben mit eisernen Pflöcken als »grüne Herdenwiese« abgrenzt und das wirkliche Gebiet, in dem sich der Mensch in seiner ganzen Machtfülle entfalten könnte, für »verpestet« erklärt: der Zugang zu diesem Gebiet ist »polizeilich« streng verboten."
399,Dahn, Felix,Am Hof Herrn Karls,1800,"Romane, Novellen und Erzählungen",Felix_Dahn_-_Am_Hof_Herrn_Karls.txt,"In dem Palatium der Langobardenkönige zu Pavia reichte der von der Königin und ihrer Tochter bewohnte Flügel bis dicht an das Ufer des Tessin, dessen Fluten auch an schwülen Sommertagen einige Kühlung der gegen den Fluß hin offenen Säulenhalle, dem Hauptgemach der Frauen, zuführten."
400,Fischer, Caroline Auguste,Mährchen,1802,"Romane, Novellen und Erzählungen",Caroline_Auguste_Fischer_-_Mährchen.txt,"Der König Krantimor war ein so rechtschaffner Mann; daß er sich gradezu auf seinen Thron setzen mußte, um jemand zu überzeugen, er sey daran gewöhnt."
401,Rüttenauer, Benno,Die Enkelin der Liselotte,1912,"Romane, Novellen und Erzählungen",Benno_Rüttenauer_-_Die_Enkelin_der_Liselotte.txt,"Die Regentin-Mutter Die Fürstin hatte ein zierliches Schreibtischchen von violettem, in Silber ausgelegtem Palisanderholz vor das Kamin geschoben, unter dem sie die Füße den knisternden Holzscheiten so nahe als möglich brachte. "
402,Bahr, Hermann,Die schöne Frau,1899,"Romane, Novellen und Erzählungen",Hermann_Bahr_-_Die_schöne_Frau.txt,Ich treffe meinen lieben alten Freund Paul Dorn auf der Gasse.
403,Winder, Ludwig,Die jüdische Orgel,1922,"Romane, Novellen und Erzählungen",Ludwig_Winder_-_Die_jüdische_Orgel.txt,"Wolf, ein Diener Gottes, erfuhr erst im siebenten Monat die Schwangerschaft seiner Frau."
404,Walther, Lina,Das Weihnachtslied: Eine Erzählung für junge Mädchen,1887,Jugendliteratur,"Walther,_Lina_-_Das_Weihnachtslied:_Eine_Erzählung_für_junge_Mädchen-69525.txt",Die Adventszeit hatte begonnen.
405,Kafka, Franz,Brief an den Vater,1919,"Romane, Novellen und Erzählungen",Franz_Kafka_-_Brief_an_den_Vater.txt,"Liebster Vater, Du hast mich letzthin einmal gefragt, warum ich behaupte, ich hätte Furcht vor Dir."
406,Däubler, Theodor,L'Africana,1928,"Romane, Novellen und Erzählungen",Theodor_Däubler_-_L'Africana.txt,Als zwölfjähriges Mädchen ist die liebliche Fatime mit ihren Eltern aus nubischer Heimat nach Kairo gekommen. 
407,Gerstäcker, Friedrich,Tahiti: Roman aus der Südsee. Erster Band.,1854,"Romane, Novellen und Erzählungen","Gerstäcker,_Friedrich_-_Tahiti:_Roman_aus_der_Südsee._Erster_Band.-20412.txt","Von einem leichten Ostpassat getrieben, dazu die Obersegel fest, ja sogar noch mit einem Reef im Kreuzsegel, der vor einigen Abenden hineingenommen, und den man sich gar nicht die Mühe gegeben hatte wieder auszustechen, kam ein schwerfälliges, schmutzig aussehendes Schiff langsam bei dem Winde nach Süden herunter und näherte sich einer, in der Ferne eben sichtbar werdenden kleinen hohen Insel der Cooksgruppe."
408,Mauthner, Fritz,Der neue Ahasver,1882,"Romane, Novellen und Erzählungen",Fritz_Mauthner_-_Der_neue_Ahasver.txt,"Tina bewohnte mit ihrem Manne ganz allein das prächtige Haus der Tiergartenstraße, welches Herr Feigelbaum schon als Junggeselle gebaut und nun für seine schöne junge Frau mit allem ihm bekannten Luxus ausgestattet hatte."
409,Schneider, Manfred,Don Francsico de Goya,1935,Romanhafte Biographien,Manfred_Schneider_-_Don_Francsico_de_Goya.txt,"Am Rand des Madrider Vorstadtviertels Lavapiés, da wo sich die Gassen ins freie Land öffneten, wogte ein nächtliches Volksfest."
410,Wichert, Ernst,Der Schaktarp,1880,"Romane, Novellen und Erzählungen",Ernst_Wichert_-_Der_Schaktarp.txt,"Es ist ein gar merkwürdiger Strich Landes, der sich, entlang dem Kurischen Haff, zwischen den Ausflüssen des mächtigen Memelstromes – bekanntlich in dem benachbarten Rußland »Niemen« geheißen – dahinzieht."
411,Wachenhusen, Hans,In der Mondnacht: Märchen,1854,"Märchen, Sagen, Legenden","Wachenhusen,_Hans_-_In_der_Mondnacht:_Märchen-48287.txt","In einem einsamen Wirthshause des Thüringer Waldes übernachtete ich im letzten Sommer, als ich auf der Reise war."
412,Wolzogen, Ernst von,Der Topf der Danaiden,1927,"Romane, Novellen und Erzählungen",Ernst_von_Wolzogen_-_Der_Topf_der_Danaiden.txt,"Meusel war ein echter deutscher Dichter, denn er wohnte in einer Dachkammer, hatte wenig zu beißen und zu brechen und ging selten nur zum Friseur, weil der nicht auf Pump die Haare schnitt."
413,Tieck, Ludwig,Die männliche Mutter,1795,"Romane, Novellen und Erzählungen",Ludwig_Tieck_-_Die_männliche_Mutter.txt,"Gerade in einer der besten Reden, die einer der berühmtesten Prediger von der Kanzel hielt, war es, in welcher der junge Baron von Biederfeld seine Augen auf das junge, sittsame Fräulein von Bergen warf."
414,Storm, Theodor,Im Brauerhause: Novelle,1854,"Romane, Novellen und Erzählungen","Storm,_Theodor_-_Im_Brauerhause:_Novelle-24214.txt","Es war in einem angesehenen Bürgerhause, wo wir am Abendteetisch in vertrautem Kreis beisammensaßen."
415,Walser, Robert,Der Spaziergang,1917,"Romane, Novellen und Erzählungen","Walser,_Robert_-_Der_Spaziergang-39247.txt","Ich teile mit, daß ich eines schönen Vormittags, ich weiß nicht mehr genau, um wieviel Uhr, da mich die Lust, einen Spaziergang zu machen, ankam, den Hut auf den Kopf setzte, das Schreib- oder Geisterzimmer verließ, die Treppe hinunterlief, um auf die Straße zu eilen."
416,Heyse, Paul,Die kleine Mama,1865,"Romane, Novellen und Erzählungen",Paul_Heyse_-_Die_kleine_Mama.txt,"In einer stillen Frühlingsnacht, die auf einen stürmischen Tag gefolgt war, saß ein Mädchen wobei seiner einsamen Lampe noch wach, da in den übrigen Zimmern des alten Hauses schon seit einer Stunde alle Lichter ausgelöscht waren."
417,Karlin, Alma,Isolanthis,1936,Phantastische Literatur,Alma_Karlin_-_Isolanthis.txt,"Hinter den beiden, kalt und drohend, schlug die Finsternis zusammen."
418,Schanz, Frida,Huberta Sollacher,1904,"Romane, Novellen und Erzählungen",Frida_Schanz_-_Huberta_Sollacher.txt,"Eifrig und ernst, mit hochaufgestreiften Blusenärmeln und einer großen Achselschürze aus rotem Kattun, sitzt Huberta Sollacher in dem für die »Leut« bestimmten Jägerstübel des väterlichen Forsthauses am großen alten Eichentisch über einer von jungen Mädchen gewiß        selten geübten Beschäftigung."
419,Dingelstedt, Franz,Die neuen Argonauten,1839,"Romane, Novellen und Erzählungen",Franz_Dingelstedt_-_Die_neuen_Argonauten.txt,"Ich weiß nicht, was die gute Stadt Gersfeld – wo sie liegt, kann jedem gleichgiltig sein, der unwissend genug ist, es nicht zu wissen –, was sie, sage ich, in den Ruf gebracht hat, eine kleine Stadt zu sein, so daß die Bewohner der Residenz, wenn sie von ihr reden, geringschätzend die Achsel zucken und von Provinzial- oder gar von Landstädtchen murmeln. "
420,Danöfen, Lydia,Estella: Novelle,1907,"Romane, Novellen und Erzählungen","Danöfen,_Lydia_-_Estella:_Novelle-66475.txt",In sanften Wellen breitet sich die Landschaft aus.
421,Pantenius, Theodor Hermann,Die von Kelles,1885,"Romane, Novellen und Erzählungen",Theodor_Hermann_Pantenius_-_Die_von_Kelles.txt,"Es war um die Zeit, in der die ersten warmen Winde von Süden her über das schneebedeckte Land streichen."
422,Sack,Gustav,Der Rubin,1915,"Romane, Novellen und Erzählungen","Sack,_Gustav_-_Der_Rubin-34694.txt","Um die Zeit, in der an der Küste die Linden blühen, saß der Einjährig-Freiwillige Wiekannmannur rittlings auf der Mauer, die das Kasernement umschloß."
423,Seidel, Willy,Der Garten des Schuchân,1912,"Romane, Novellen und Erzählungen",Willy_Seidel_-_Der_Garten_des_Schuchân.txt,"Der Garten des Schuchân »Die Wüste wächst: weh dem, der Wüsten birgt!«"
424,Zapp, Arthur,Ehrlos?,1899,"Romane, Novellen und Erzählungen",Arthur_Zapp_-_Ehrlos?.txt,Lautlose Stille herrschte im Saal.
425,George,Manfred,Der Rebell,1921,"Romane, Novellen und Erzählungen","George,_Manfred_-_Der_Rebell:_Novelle-39126.txt","Als Robert Boor aus Lazarett und Waffendienst endlich entlassen sich wieder in den Fluß seiner Studienjahre schmiegen wollte, merkte er, daß er, wie auch viele andere, mit vergangener Zeit keinen Zusammenhang fand."
426,Croissant-Rust, Anna,Unkebunk,1921,"Romane, Novellen und Erzählungen",Anna_Croissant-Rust_-_Unkebunk.txt,"Leutnant Holischka gähnte laut und ließ den Säbel fallen, dann griff er hastig in die Tasche nach dem Feuerzeug, zündete sich seine gewohnte Virginia an und schlenderte, große, hellbläuliche Rauchwolken ausstoßend, durch die enge Straße."
427,Hennings, Emmy,Blume und Flamme,1938,"Romane, Novellen und Erzählungen",Emmy_Ball-Hennings_-_Blume_und_Flamme.txt,"Da ich das Verlangen trage und im Begriff stehe, ein Stück Lebensgeschichte einzufangen, tauchen tausendundein Bedenken in mir auf, so daß ich genötigt bin, mir meine Umständlichkeit ein wenig vom Herzen zu schreiben."
428,Hammond-Norden, Wilhelm,Der Zerr-Spiegel,1937,"Humor, Satire",Wilhelm_Hammond-Norden_-_Der_Zerr-Spiegel.txt,"Die Zeitungen berichten von einem Mann aus Kanada, der es zu einem Rekord im Frühaufstehen gebracht hat."
429,Galen, Philipp,Der Strandvogt von Jasmund - Dritter Band,1859,Historische Romane und Erzählungen,Philipp_Galen_-_Der_Strandvogt_von_Jasmund_-_Dritter_Band.txt,"Das Eiland Pulitz, ungefähr in der Mitte des kleinen Jasmunder Boddens, der dicht bewaldeten Thiessower Landzunge auf der schmalen Heide gegenüber gelegen, ist eine gute Viertelmeile lang, etwas weniger breit und wird an seiner Nordwestseite von dem Stedarschen Haken und der eigentlichen Insel Rügen nur durch eine schmale Meerenge getrennt, die an einer Stelle so seicht ist, daß sie mit einem Wagen sicher durchfahren werden kann, bei flachem Wasser sogar ganz austrocknet. "
430,Ascher, Robert,Der Schuhmeier,1933,"Romane, Novellen und Erzählungen",Robert_Ascher_-_Der_Schuhmeier.txt,In der ersten Hälfte der Sechzigerjahre des vorigen Jahrhunderts war Mariahilf einer der vornehmsten der zehn Bezirke Wiens.
431,Adolph, Karl,Von früher und heute,1924,"Romane, Novellen und Erzählungen",Karl_Adolph_-_Von_früher_und_heute.txt,"Niemals kam der Vater abends um sieben Uhr heim, ohne sich erst in der Küche gründlich das von Maschinenfett und Ruß geschwärzte Gesicht sowie die noch viel schwärzeren Hände zu reinigen."
432,Gerstäcker, Friedrich,Der Walfischfänger,1856,"Romane, Novellen und Erzählungen",Friedrich_Gerstäcker_-_Der_Walfischfänger.txt,"In der Nähe der Westküste Amerikas, aber noch weit aus Sicht von Land, kreuzte ein Walfischfänger, um dort nach Fischen auszusehen."
433,Kopisch, August,Ein Carnevalsfest auf Ischia,1856,"Romane, Novellen und Erzählungen",August_Kopisch_-_Ein_Carnevalsfest_auf_Ischia.txt,"Auf der glückseligen Insel Ischia, die mit allem Segen Gottes reichlich überschüttet ist, lebte zu einer Zeit ein vornehmer Mann, von den Leuten schlechthin Don Antonio genannt, welcher in seiner Lebensweise von den meisten seinesgleichen das Widerspiel war."
434,Heine, Thomas Theodor,Die Märchen,1935,"Humor, Satire",Thomas_Theodor_Heine_-_Die_Märchen.txt,Herrn Siegfried Hagens Gemischtwarenhandlung stand vor dem Bankrott.
435,Fallada, Hans,Wolf unter Wölfen. Erster Teil. Die Stadt und ihre Ruhelosen,1937,"Romane, Novellen und Erzählungen",Hans_Fallada_-_Wolf_unter_Wölfen._Erster_Teil._Die_Stadt_und_ihre_Ruhelosen.txt,Auf einem schmalen Eisenbett schliefen ein Mädchen und ein Mann.
436,Stifter, Adalbert,Der beschriebene Tännling,1847,"Romane, Novellen und Erzählungen",Adalbert_Stifter_-_Der_beschriebene_Tännling.txt,"Wenn man die Karte des Herzogthumes Krumau ansieht, welches im südlichen Böhmen liegt, so findet man in den dunkeln Stellen, welche die großen Wälder zwischen Böhmen und Baiern bedeuten, allerlei seltsame und wunderliche Namen eingeschrieben; zum Beispiele: »zum Hochficht,« »zum schwarzen Stoke,« »zur tiefen Lake,« »zur kalten Moldau,« und dergleichen."
437,Hevesi, Ludwig,Regenbogen,1892,"Humor, Satire",Ludwig_Hevesi_-_Regenbogen.txt,"Zwischen den vier Wänden des Dresdener Museums, welche die Sixtinische Madonna umschließen, ging es lebhaft zu."
438,Gutzkow, Karl,Der Zauberer von Rom. I. Buch,1858,"Romane, Novellen und Erzählungen",Karl_Gutzkow_-_Der_Zauberer_von_Rom._I._Buch.txt,"Langen-Nauenheim ist eines jener nordhessischen Dörfer, die so recht mitten im Herzen Deutschlands liegen."
439,Mügge, Theodor,Fort aufs Land!,1853,"Romane, Novellen und Erzählungen",Theodor_Mügge_-_Fort_aufs_Land!.txt,"Es ist einige Jahre her, als an einem heiteren Octoberabend ein junger Mann, der ein grünes elegantes Ränzel von Wachstuch an weißen Bändern auf dem Rücken und einen tüchtigen Reisestock in der Hand trug, ein lustiges Lied auf der Landstraße pfiff, welche nach dem mecklenburgischen Städtchen Friedland und von dort nach Preußen hinüberführt."
440,Wildenbruch, Ernst von,Schwester-Seele,1901,"Romane, Novellen und Erzählungen",Ernst_von_Wildenbruch_-_Schwester-Seele.txt,War das heute wieder einmal reizend bei Benneckes! Hübsch war es ja immer bei ihnen; natürlich.
441,Brentano, Clemens,Italienische Märchen,1811,"Märchen, Sagen, Legenden",Clemens_von_Brentano_-_Italienische_Märchen.txt,"Es war einmal ein König von Schattenthalien, der hatte eine einzige Tochter, die er sehr liebte und darum Liebseelchen nannte."
442,Musil, Robert,Das verzauberte Haus,1908,"Romane, Novellen und Erzählungen",Robert_Musil_-_Das_verzauberte_Haus.txt,"»Sie hätte mich damals ja beinahe vergiftet«, beteuerte der Oberleutnant Demeter Nagy, sooft er später von seinem Abenteuer in dem verzauberten Hause erzählte."
443,Heyse, Paul,Gegen den Strom,1907,"Romane, Novellen und Erzählungen",Paul_Heyse_-_Gegen_den_Strom.txt,Es war zu Anfang der Neunzigerjahre des vorigen Jahrhunderts.
444,Kubitschek, Rudolf,Hirschauerstücklein,1919,"Humor, Satire",Rudolf_Kubitschek_-_Hirschauerstücklein.txt,"Soweit unser Böhmerwald reicht, sind überall bei jung und alt die Hirschauer mit ihren kurzweiligen Stücklein gute Bekannte."
445,Croissant-Rust, Anna,Arche Noah,1911,"Romane, Novellen und Erzählungen",Anna_Croissant-Rust_-_Arche_Noah.txt,Täglich zieht die Alte ihren Karren von der Scharnitz nach Mittenwald und wieder zurück. 
446,Weinert-Wilton, Louis,Der schwarze Meilenstein,1930,"Krimis, Thriller, Spionage",Louis_Weinert-Wilton_-_Der_schwarze_Meilenstein.txt,"Der Dollar rutschte und rutschte, aber Miss Isabel Longden aus Shoshone, Idaho, U.S.A., schien dieser Jammer nicht zu berühren."
447,Betsch, Roland,Die sieben Glückseligkeiten,1934,"Romane, Novellen und Erzählungen",Roland_Betsch_-_Die_sieben_Glückseligkeiten.txt,"Der Neckar ist ein liebenswürdiger Fluß, er hat viel Zeit und wandert auf närrischen Umwegen dem Rheinstrom zu."
448,Döblin,Alfred,Blaubart und Miss Ilsebill,1923,"Romane, Novellen und Erzählungen","Döblin,_Alfred_-_Blaubart_und_Miss_Ilsebill-63301.txt","Hubert Feuchtedengel, -- Neuromanist und die zweiundvierzigtausend Mark seiner Erbschaft verfressend, aussaufend, drauf vier Jahre verheiratet, bis ihn seine Frau verstößt, weil er nur wöchentlich einmal anschwimmt zum Verschnarchen, Verschnaufen und zu einem Reinigungsbad, dann Mediziner auf Pump und Stipendien sechzehn lange Semester, bis das goldene Staatsexamen reift, achtunddreißig Jahr und nicht wenige Monate alt, -- bringt es so weit, daß er Medizinalpraktikant in einem lothringischen Bezirkskrankenhäuschen wird."
449,Gerstäcker, Friedrich,Nach Amerika! Ein Volksbuch. Dritter Band,1855,"Romane, Novellen und Erzählungen","Gerstäcker,_Friedrich_-_Nach_Amerika!_Ein_Volksbuch._Dritter_Band-29746.txt","Die Brise wurde stärker, und die Passagiere hatten bald alles Andere in dem einen Gefühl der Landung vergessen."
450,Kraft, Robert,"Die Vestalinnen, Band 2",1903,Spannung und Abenteuer,"Robert_Kraft_-_Die_Vestalinnen,_Band_2.txt",Die schwarze Maske n einer Schenke zu Townville stand an der Bar ein Mann und betrachtete aufmerksam das Treiben der Gäste.
451,Keller, Paul,Drei Brüder suchen das Glück,1929,"Romane, Novellen und Erzählungen",Paul_Keller_-_Drei_Brüder_suchen_das_Glück.txt,"In jener Zeit wurden so schöne, zu edler Moral anfeuernde Gedichte verfaßt."
452,Eschstruth, Nataly von,Gänseliesel,1886,"Romane, Novellen und Erzählungen",Nataly_von_Eschstruth_-_Gänseliesel.txt,"Weite, wogende Kornfelder, rotblühendes Haideland und bräunliche Steppe, begrenzt und durchschnitten von endloser Kiefernwaldung, ebenso melancholisch wie der Himmel, welcher sich in einförmigem Regengrau, oder in wolkenlos strahlender Sommerbläue, mit fern, fern verschwimmendem Horizonte darüber spannt, wer kennt sie nicht, diese eigenartig nordische Landschaft, so arm an bunter und reizvoller Abwechslung, und dennoch eine zaubervolle, thränenlächelnde Poesie?"
453,Harders, Gustav (Johann Friedrich Gustav),"Das erste Wort der kleinen Elinontis, und andere Indianergeschichten",1898,"Romane, Novellen und Erzählungen","Harders,_Gustav_(Johann_Friedrich_Gustav)_-_Das_erste_Wort_der_kleinen_Elinontis,_und_andere_Indiane-61431.txt",In den Vereinigten Staaten von Nordamerika leben heutzutage noch viele Indianer.
454,Spielhagen, Friedrich,Aus meinem Skizzenbuche,1874,"Romane, Novellen und Erzählungen",Friedrich_Spielhagen_-_Aus_meinem_Skizzenbuche.txt,"Nach der Aussage Aller, die etwas davon verstehen, ist die Rückkehr Verstorbener zu den Stätten, wo sie im Leben geweilt, eines der melancholischsten Geschäfte."
455,Eschstruth, Nataly von,Der Stern des Glücks,1896,"Romane, Novellen und Erzählungen",Nataly_von_Eschstruth_-_Der_Stern_des_Glücks.txt,"Jean Baptiste Sternberg, der hochbewährte Kammerdiener, räumte in seiner sorgsamen Weise den Schreibtisch Seiner Exzellenz, des ehemaligen Finanzministers auf, wie vor dreißig Jahren, als dieser sich noch im Wirbelsturm der Geschäfte ganz und gar auf seinen getreuen Sternberg verlassen und den Diplomatentisch voll hochgestapelter Papiere, Mappen und Broschüren dem Ordnungssinn seines Kammerdieners überlassen konnte."
456,Sinsheimer, Hermann,Peter Wildangers Sohn,1919,"Romane, Novellen und Erzählungen",Hermann_Sinsheimer_-_Peter_Wildangers_Sohn.txt,Peter Wildanger lief unruhig wie ein Wiesel auf dem Bahnhof hin und her.
457,Leipziger, Leo,Die neuen Linden,1920,"Romane, Novellen und Erzählungen",Leo_Leipziger_-_Die_neuen_Linden.txt,"Ein milder Herbstwind strich über die Höhen von Westend, über den Friedhof der Kaiser-Wilhelm-Gedächtniskirche."
458,Marlitt, Eugenie,Thüringer Erzählungen,1869,"Romane, Novellen und Erzählungen",Eugenie_Marlitt_-_Thüringer_Erzählungen.txt,Die alte Frau Oberforstmeisterin war schon seit länger als einem Jahr verstorben.
459,Stifter, Adalbert,Der Condor,1847,"Romane, Novellen und Erzählungen",Adalbert_Stifter_-_Der_Condor.txt,Um zwei Uhr einer schönen Junimondnacht ging ein Kater längs des Dachfirstes und schaute in den Mond.
460,Stehr, Hermann,Das Mandelhaus,1953,"Romane, Novellen und Erzählungen",Hermann_Stehr_-_Das_Mandelhaus.txt,"Alle Frauen wachsen und vergehen an der Stelle, der sie entsprossen, gleich Blumen, und würden sie von ihrem Sterne auch durch die halbe Welt geführt."
461,Schlegel, Dorothea,Geschichte des Zauberers Merlin,1804,"Märchen, Sagen, Legenden",Dorothea_&_Friedrich_Schlegel_-_Geschichte_des_Zauberers_Merlin.txt,"Der böse Feind war voller Zorn, als Jesus Christus zur Hölle hinabgestiegen war und Adam und Eva daraus erlöste, samt allen, die mit ihnen in der Hölle waren."
462,Sacher-Masoch, Leopold,Don Juan von Kolomea,1875,"Romane, Novellen und Erzählungen",Leopold_von_Sacher-Masoch_-_Don_Juan_von_Kolomea.txt,Wir fuhren aus der Kreisstadt KolomeaKreis und Kreisstadt im östlichen Galizien.
463,Bahr, Hermann,Himmelfahrt,1919,"Romane, Novellen und Erzählungen",Hermann_Bahr_-_Himmelfahrt.txt,"Erst als der Zug endlich fuhr, atmete Franz auf, entkommen."
464,Viebig, Clara,Simson und Delila,1911,"Romane, Novellen und Erzählungen",Clara_Viebig_-_Simson_und_Delila.txt,"Diese kurze Probe großen Könnens genügte, mein Interesse zu wecken."
465,Ring, Max,Frauenherzen,1871,"Romane, Novellen und Erzählungen",Max_Ring_-_Frauenherzen.txt,"Im Wartesalon der ersten Eisenbahnklasse saß eine kleine exclusive Gesellschaft, die Eltern, Verwandten und Freunde der beiden Neuvermählten, die heute im Begriff standen, mit dem nächsten Zug die übliche Hochzeitsreise nach der Schweiz und Italien anzutreten."
466,Mann, Franziska,Der Schäfer: Eine Geschichte aus der Stille,1919,"Romane, Novellen und Erzählungen","Mann,_Franziska_-_Der_Schäfer:_Eine_Geschichte_aus_der_Stille-31803.txt",Mutig ragt auf roter Heide eine Fichte in die Höhe.
467,Storm, Theodor,Hinzelmeier: eine nachdenkliche Geschichte,1852,Jugendliteratur,"Storm,_Theodor_-_Hinzelmeier:_eine_nachdenkliche_Geschichte-8915.txt",Da dachte Hinzelmeier: »Das ist der Stein der Weisen!« und ging geradewegs auf ihn zu.
468,Schweichel, Robert,Ums Herz,1899,"Romane, Novellen und Erzählungen",Robert_Schweichel_-_Ums_Herz.txt,"Herr Martins hatte sich von den Geschäften zurückgezogen, obgleich er noch verhältnismäßig jung war."
469,Gutzkow, Karl,Der Zauberer von Rom. VI. Buch,1858,"Romane, Novellen und Erzählungen",Karl_Gutzkow_-_Der_Zauberer_von_Rom._VI._Buch.txt,Wer konnte sonst die Namen Oesterreich und Wien nennen hören und vernahm nicht sofort Musik!
470,Külpe, Frances,Rote Tage,1910,"Romane, Novellen und Erzählungen",Frances_Külpe_-_Rote_Tage.txt,Auf brennendem Boden Funkelnd und mit leisem Plätschern schaukelten die Wellchen um den Bug des winzigen Passagierdampfers.
471,Döring, Georg,Die Mumie von Rotterdam. Erster Theil,1829,"Romane, Novellen und Erzählungen",Georg_Döring_-_Die_Mumie_von_Rotterdam._Erster_Theil.txt,Am Haven von Rotterdam herrschte ein buntes Gewimmel von Geschäftigen und Müßiggängern.
472,Tieck, Ludwig,Hexensabbat,1831,Historische Romane und Erzählungen,Ludwig_Tieck_-_Hexensabbat.txt,"In Arras lebte, in den letzten Regierungsjahren Philipp des Guten, eine reiche schöne Witwe, die sich am liebsten, da sie mit ihrem Manne nicht glücklich gewesen war, Frau Catharina nennen hörte."
473,Walden, J.,Auf hoher See,1890,"Krimis, Thriller, Spionage",J._Walden_-_Auf_hoher_See.txt,Der Ostindienfahrer war eingelaufen; reges Leben herrschte am Hafen.
474,Ebner-Eschenbach, Marie von,Rittmeister Brand; Bertram VogelweidZwei Erzählungen,1896,"Romane, Novellen und Erzählungen","Ebner-Eschenbach,_Marie_von_-_Rittmeister_Brand;_Bertram_VogelweidZwei_Erzählungen-31233.txt",Dietrich Brand entstammte einer uralten angesehenen Kaufmannsfamilie.
475,Fontane, Theodor,Quitt,1891,"Krimis, Thriller, Spionage",Theodor_Fontane_-_Quitt.txt,"Die Kirche war noch nicht aus, aber die alte Frau Menz und ihr Sohn Lehnert – ein schlanker, hübscher Mensch von siebenundzwanzig, dem man, auch ohne seine siebenziger Kriegsdenkmünze (neben der übrigens auch noch ein anderes Ehrenzeichen hing), den altgedienten Soldaten schon auf weite Entfernung hin angesehen hätte – hatten den Schluß des Gottesdienstes nicht abgewartet und saßen bereits draußen auf einem großen Grabstein, zu dessen Häupten eine senkrecht stehende Marmorplatte mit einer »Christi Himmelfahrt« in Relief in die dicht dahinter befindliche Kirchhofsmauer eingelassen war."
476,Ganghofer, Ludwig,Der Ochsenkrieg,1914,"Romane, Novellen und Erzählungen",Ludwig_Ganghofer_-_Der_Ochsenkrieg.txt,Er nahm den Zügel straffer und versetzte dem schnaubenden Gaul einen Hieb mit der Reitpeitsche.
477,Spielhagen, Friedrich,Hammer und Amboß. Erster Theil,1869,"Romane, Novellen und Erzählungen",Friedrich_Spielhagen_-_Hammer_und_Amboß._Erster_Theil.txt,Wir standen in der tiefen Nische an einem offenen Fenster unseres Classenzimmers. 
478,Auerbach, Berthold,Schwarzwälder Dorfgeschichten - Dritter Band.,1843,"Romane, Novellen und Erzählungen",Berthold_Auerbach_-_Schwarzwälder_Dorfgeschichten_-_Dritter_Band..txt,Es kamen zwei fremde Gesellen.
479,Musil, Robert,Die Portugiesin,1923,"Romane, Novellen und Erzählungen",Robert_Musil_-_Die_Portugiesin.txt,"Sie hießen in manchen Urkunden delle Catene und in andern Herren von Ketten; sie waren aus dem Norden gekommen und hatten vor der Schwelle des Südens halt gemacht; sie gebrauchten ihre deutsche oder welsche Zugehörigkeit, wie es der Vorteil gebot, und fühlten sich nirgends hingehören als zu sich. "
480,Schultz, Jeanne,Jean von Kerdren,1894,"Romane, Novellen und Erzählungen",Jeanne_Schultz_-_Jean_von_Kerdren.txt,"Ein Boot ums andre fuhr am Fuß der fliegenden Treppe vor, wie wohlgeschulte Equipagen an der Auffahrt eines vornehmen Hauses. Leichtfüßig, mit der Lebhaftigkeit von Leuten, die einem Vergnügen entgegengehen, sprangen die Offiziere in die Fahrzeuge und ließen sich auf den mit Teppichen belegten Bänken nieder. "
481,May, Karl,Ein Abenteuer auf Ceylon,1878,"Romane, Novellen und Erzählungen",Karl_May_-_Ein_Abenteuer_auf_Ceylon.txt,Neben mir lehnte Sir John Emery Walpole. 
482,Gontard-Schuck, M.,Seelenverkäufer: Das Schicksal einer Deutsch-Amerikanerin,1914,"Romane, Novellen und Erzählungen","Gontard-Schuck,_M._-_Seelenverkäufer:_Das_Schicksal_einer_Deutsch-Amerikanerin-35999.txt","Zum letzten Male liegst du vor mir, mein treuer Weggenoß."
483,Schubin, Ossip,Maximum,1896,"Romane, Novellen und Erzählungen",Ossip_Schubin_-_Maximum.txt,"Monte Carlo, Ende April – üppig blühende Blumenbeete, die aus smaragdgrünem Rasen herauslachen – Palmen mit braungeschuppten Stämmen und etwas zerzausten, graugrünen Blätterkronen, die sich gegen einen türkisblauen Himmel abheben, glitzernde Glasbauten, phantastische Gebäude jeder Art, alle freundlich einladend, bunt bewimpelt, dazwischen herumwandelnd Menschen, die eine Spur zu auffallend gekleidet sind und auf der Welt nichts zu tun haben, als sich zu unterhalten, – in der Luft ein Geruch von Rosen, Pittosporum und frischgewässertem Rasen – dazu ein Singen und Seufzen von Waldteufelschen Walzermelodieen – der schönste Fleck auf Erden, ein Stück Paradies, das der Teufel in Pacht genommen hat, um sein tollstes Unwesen darauf zu treiben – das ist Monte Carlo – Monte Carlo, wie es zwei junge Leute aus der verglasten Galerie des Hotels de Paris erblicken, wo sie, an einem kleinen, mit einladendster Sauberkeit und Präzision gedeckten Tischchen sitzend, auf ihr soeben bestelltes Frühstück warten und indessen an den Horsd'oeuvres naschen, die der Oberkellner vor sie hingestellt hat."
484,Winder, Ludwig,Die nachgeholten Freuden,1927,"Romane, Novellen und Erzählungen",Ludwig_Winder_-_Die_nachgeholten_Freuden.txt,Am 2. Juli 1918 abends kamen die vier Telegramme aus Schloß Boran an. 
485,Liliencron, Detlev Freiherr von,Greggert Meinstorff,1903,"Romane, Novellen und Erzählungen",Detlev_von_Liliencron_-_Greggert_Meinstorff.txt,Meinstorff war zu Ende des achtzehnten Jahrhunderts Staller (Vizekönig) der friesischen Inseln.
486,Frenzel, Karl,Die Uhr; Aufzeichnungen eines Hagestolzen,1881,"Romane, Novellen und Erzählungen","Frenzel,_Karl_-_Die_Uhr;_Aufzeichnungen_eines_Hagestolzen-64509.txt","Wie wenig gehört doch dazu, das Leben eines Menschen, sein Dichten und Trachten aus der Bahn, die er Jahre lang, sei es im Schneckengang, sei es im Eillauf, verfolgt hat, zu lenken!"
487,Stoessl, Otto,Sonjas letzter Name,1908,"Romane, Novellen und Erzählungen",Otto_Stoessl_-_Sonjas_letzter_Name.txt,Der erste Name In freundlicher Stimmung saß eine kleine wohlvertraute Gesellschaft um den Tisch meines Wohnzimmers.
488,Kompert, Leopold,Eisik's Brille,1860,"Romane, Novellen und Erzählungen",Leopold_Kompert_-_Eisik's_Brille.txt,Warum läßt Gott die alten Leute aussterben und mit ihrem schönen weißen Haare in die Erde legen?
489,Alexis, Willibald,Der neue Pitaval - Band 11,1859,Historische Kriminalromane und -fälle,Alexis_|_Hitzig_-_Der_neue_Pitaval_-_Band_11.txt,Politische Processe aus der französischen Revolutionszeit gehörten nicht in den Plan unsers Werks. 
490,Kubitschek, Rudolf,Böhmerwäldisches Spottbüchlein,1925,"Humor, Satire",Rudolf_Kubitschek_-_Böhmerwäldisches_Spottbüchlein.txt,"In brüderlicher Bosheit hänseln und verspotten einander benachbarte Volksstämme, Landschaften und Örtlichkeiten; die Gepflogenheit ist so alt wie die Menschen selbst und bei allen Völkern des Orients und Okzidents daheim. "
491,Kluge, Kurt,Der Herr Kortüm,1938,"Romane, Novellen und Erzählungen",Kurt_Kluge_-_Der_Herr_Kortüm.txt,"Eine Straße Da scheint ein Weg zu gehen«, sagte Klaus Schart."
492,Watzlik, Hans,Der Stilzel und der Mühlknecht,1938,"Romane, Novellen und Erzählungen",Hans_Watzlik_-_Der_Stilzel_und_der_Mühlknecht.txt,"Mitten im kühlen Böhmerwald stand einmal eine moosalte, bucklige Mühle, und die klapperte und mahlte und murmelte gar weltfern, und darum kehrte dort der Waldgeist Stilzel mit Vorliebe ein und trieb seinen Unfug."
493,Megede, Johann Richard zur,Trianon,1903,"Romane, Novellen und Erzählungen",Johannes_Richard_zur_Megede_-_Trianon.txt,Jeder Traum ist einmal ausgeträumt . . . Du hast so recht . . . Versuchen will ich's jedenfalls.
494,Seidel, Willy,Das siebenköpfige Tier,1936,"Romane, Novellen und Erzählungen",Willy_Seidel_-_Das_siebenköpfige_Tier.txt,"Wo das Wasser noch nicht das Rad der Mühle getrieben, trug es noch die Verpestung der Fabriken in sich: erst später, lange hinter der Mühle, klärte es sich im Grün der Wiesen wie eine sündige Seele, die sich läutert unter dem Himmel."
495,Werfel, Franz,Kleine Verhältnisse,1926,"Romane, Novellen und Erzählungen",Franz_Werfel_-_Kleine_Verhältnisse.txt,Hugo hatte sein elftes Jahr vollendet.
496,Beskow, Elsa,Wildvogel,1915,"Romane, Novellen und Erzählungen",Elisabeth_Beskow_-_Wildvogel.txt,"Ein Wildvogel bin ich, denn ich habe kein Heim, weder Vater noch Mutter, weder Geschwister noch Verwandte. "
497,Roda Roda, Alexander,"Von Bienen, Drohnen und Baronen",1918,"Humor, Satire","Alexander_Roda_Roda_-_Von_Bienen,_Drohnen_und_Baronen.txt",Man bewundert Gabriel Matkowitsch heute als den größten Schurken des Dreieinigen Königreichs – eigentlich aber ist er ein behäbiger Spießer gewesen.
498,Schopenhauer, Johanna,Leontine und Natalie,1827,"Romane, Novellen und Erzählungen",Johanna_Schopenhauer_-_Leontine_und_Natalie.txt,"Den ganzen Tag über hatte der fröhlichste Tumult in dem kleinen Städtchen geherrscht, das wir Neustadt nennen wollen; denn die drey Sternchen, die in Erzählungen an die Stelle von Orten zu treten pflegen, die man nicht bezeichnen will, sind immer, besonders aber beym Vorlesen, verdrießlich, und überdem trifft man überall in Deutschland auf Orte, die noch von alten Zeiten her diesen Nahmen führen, obgleich sie jetzt zum Theil alt und räucherig genug anzusehen sind.« "
499,Colerus, Egmont,Zwei Welten - 2,1926,Historische Romane und Erzählungen,Egmont_Colerus_-_Zwei_Welten_-_2.txt,"Nicolo, Maffio und Marco gingen unerschrocken den Gefahren und Hindernissen, an die sie schon lange gewöhnt waren, entgegen, überschritten die Grenze von Armenien und verfolgten ihre Reise weiter."
500,Lauff, Joseph von,Die heiligen drei Könige,1925,"Romane, Novellen und Erzählungen",Joseph_von_Lauff_-_Die_heiligen_drei_Könige.txt,"Die heiligen drei Könige mit ihrem Stern... Nein, die meine ich nicht."
501,Wiegler, Paul,Das Haus an der Moldau,1934,"Romane, Novellen und Erzählungen",Paul_Wiegler_-_Das_Haus_an_der_Moldau.txt,Der letzte Tag von Schanderas Aufenthalt in Brünn war da. 
502,Wieland, Christoph Martin,Aristipp,1800,"Romane, Novellen und Erzählungen",Christoph_Martin_Wieland_-_Aristipp.txt,"Alle Götter der beiden Elemente, denen du bey unserm Abschied mein Leben so dringend empfahlst, schienen es mit einander abgeredet zu haben, die Überfahrt deines Freundes nach Kreta zu begünstigen."
503,Frahm, Ludwig,Wenn de Scharrnbulln brummt,1916,"Romane, Novellen und Erzählungen",Ludwig_Frahm_-_Wenn_de_Scharrnbulln_brummt.txt,"Wat is dat doch en schöne Tied, – wenn de Scharrnbulln brummt. "
504,Rosen, Erwin,Allen Gewalten zum Trotz,1922,"Romane, Novellen und Erzählungen",Erwin_Rosen_-_Allen_Gewalten_zum_Trotz.txt,Ich habe Amerika sehr geliebt.
505,Polenz, Wilhelm von,Luginsland,1901,"Romane, Novellen und Erzählungen",Wilhelm_von_Polenz_-_Luginsland.txt,"Christlieb Leberecht Fürchtegott Kumack, der Großbauer von Krummseifenbach, saß auf der Anklagebank."
506,Zobeltitz, Fedor von,Aus tiefem Schacht,1915,"Romane, Novellen und Erzählungen","Zobeltitz,_Fedor_von_-_Aus_tiefem_Schacht-32391.txt","Hedda stand mitten unter dem Hühnervolk und sah mit andächtiger Miene zu, wie die Magd das Futter auswarf."
507,Roth, Joseph,Panoptikum,1930,"Romane, Novellen und Erzählungen",Joseph_Roth_-_Panoptikum.txt,"Eines Tages – es war ein Sonntag – wich die Scheu, mit der ich oft an dem Musée Grevin vorbeigegangen war."
508,Ungar, Herrmann,Die Klasse,1927,"Romane, Novellen und Erzählungen",Hermann_Ungar_-_Die_Klasse.txt,"Er wußte, daß die Blicke der Knaben ihn umlauerten, daß jede Blöße, die er sich gab, sein Verderben werden konnte."
509,Raabe, Wilhelm,Christoph Pechlin,1873,"Romane, Novellen und Erzählungen",Wilhelm_Raabe_-_Christoph_Pechlin.txt,"Die Wunden der Helden waren noch nicht verharscht, die Tränen der Kinder, der Mütter, der Gattinnen, der Bräute und Schwestern noch nicht getrocknet, die Gräber der Gefallenen noch nicht übergrünt: aber in Deutschland ging's schon – so früh nach dem furchtbaren Kriege und schweren Siege – recht wunderlich her."
510,Pistorius, Fritz,Eine feine Woche!,1916,Jugendliteratur,"Pistorius,_Fritz_-_Eine_feine_Woche!-67251.txt","»Na, nu schlägt’s dreizehn!« -- Der dicke Puntz hat seine Mappe eben auf die Tischplatte hinuntergekantet und steht jetzt da, als wären ihm alle Geigen aus dem Himmel gefallen."
511,Auerbach, Berthold,Schwarzwälder Dorfgeschichten - Erster Band.,1843,"Romane, Novellen und Erzählungen",Berthold_Auerbach_-_Schwarzwälder_Dorfgeschichten_-_Erster_Band..txt,"Ich sehe dich vor mir, guter Tolpatsch, in deiner leibhaftigen Gestalt, mit deinen kurzgeschorenen blonden Haaren, die nur im Nacken eine lange Schichte übrig hatten; du siehst mich an mit deinem breiten Gesichte, mit deinen großen blauen Glotzaugen und dem allweg halboffenen Munde."
512,Groller, Balduin,Detektiv Dagoberts Taten und Abenteuer. Band IV - VI,1910,"Krimis, Thriller, Spionage",Balduin_Groller_-_Detektiv_Dagoberts_Taten_und_Abenteuer._Band_IV_-_VI.txt," Man saß bei Tisch im Hause Grumbach, und zwar wieder einmal zu dritt, der Hausherr, seine liebenswürdige Gattin Frau Violet und der alte bewährte Hausfreund Dagobert Trostler."
513,Meyrink, Gustav,Der Löwe Alois und andere Geschichten,1917,"Romane, Novellen und Erzählungen",Gustav_Meyrink_-_Der_Löwe_Alois_und_andere_Geschichten.txt,Die Geschichte vom Löwen Alois war so: Seine Mutter hatte ihn geboren und war sofort gestorben.
514,Schubin, Ossip,Heil dir im Siegerkranz!: Erzählung(Zweite Auflage),1890,"Romane, Novellen und Erzählungen","Schubin,_Ossip_-_Heil_dir_im_Siegerkranz!:_Erzählung(Zweite_Auflage)-49946.txt","Sie war eine alte Jungfer, das heißt eine überzählige Kreatur in der Schöpfung, ein Gegenstand des Mitleids für reife -- ein Gegenstand des Gespöttes für unreife Männer, für viele von Familiensorgen überbürdete, sich zwischen unharmonischen ehelichen Zuständen hinschleppende Frauen ein Gegenstand des Neides und Anlaß zu dem Ausruf: »Ach, wer's nur auch so bequem haben könnte auf der Welt!«"
515,Fallada, Hans,Wir hatten mal ein Kind,1934,"Romane, Novellen und Erzählungen",Hans_Fallada_-_Wir_hatten_mal_ein_Kind.txt,"Johannes Gäntschow wurde am zwölften März 1893 als Sohn einfacher Bauersleute auf der Insel Rügen, und zwar auf deren Halbinsel Fiddichow, geboren."
516,Eckstein-Diener,Bertha,Bohemund - Ein Kreuzfahrer-Roman,1938,"Romane, Novellen und Erzählungen",Bertha_Eckstein-Diener_-_Bohemund_-_Ein_Kreuzfahrer-Roman.txt,"Der ehrwürdige Konzilienort Nicäa, von den Seltschuk zur Hauptstadt ihres Emirats von Roum gemacht, war nun zurückerobert worden."
517,Schnitzler, Arthur,Reichtum,1895,"Romane, Novellen und Erzählungen",Arthur_Schnitzler_-_Reichtum.txt,"Frühmorgens, in den Schlummer herein, hörte Weldein die Stimme seiner Frau."
518,Rosner, Karl,Der Fall Versegy,1905,"Krimis, Thriller, Spionage",Karl_Rosner_-_Der_Fall_Versegy.txt,"In einem Schachklub, der die besten Spieler der Stadt allabendlich in ungezwungenem Beisammensein in seinen Räumen vereinte, hatten wir uns zum ersten Male getroffen, Herr Richard Plank und ich."
519,Raabe, Wilhelm,Der Lar,1889,"Romane, Novellen und Erzählungen",Wilhelm_Raabe_-_Der_Lar.txt,"»Der kann gut werden, hat unser Leibarzt gesagt,« sagte Doktor Kohl, als er bei der Taufe seines Erstgeborenen auf seine eigene Geburt zu sprechen kam und erzählte, wie ihn die weise Frau zehn Minuten, nachdem er, »wie die Anderen sagten«, das Licht der Welt erblickt hatte, »quatsch auf den Boden fallen ließ«."
520,Weisflog, Carl,Bürgerliche Historien,1922,"Romane, Novellen und Erzählungen",Carl_Weisflog_-_Bürgerliche_Historien.txt,"Die Reihe des freundlichen Mittwochabendkränzchens traf nun Kommerzienrats, und das Erzählen einer Begebenheit aus dem eigenen Leben gerade auch ihn, den Wirt."
521,Feuchtwanger,Lion,Jud Süß,1925,"Romane, Novellen und Erzählungen","Feuchtwanger,_Lion_-_Jud_Süß-69944.txt","Ein Netz von Adern schnürten sich Straßen über das Land, sich querend, verzweigend, versiegend."
522,Dauthenday, Max,Raubmenschen,1911,"Romane, Novellen und Erzählungen",Max_Dauthendey_-_Raubmenschen.txt,"Rennewart war ein Mann, der Ende des neunzehnten Jahrhunderts und noch zu Beginn des zwanzigsten Jahrhunderts eine gewichtige Rolle an allen europäischen Fürstenhöfen spielte – man könnte ihn eine europäische Geheimgröße nennen."
523,Tieck, Ludwig,Die beiden merkwürdigsten Tage aus Siegmunds Leben,1796,"Romane, Novellen und Erzählungen",Ludwig_Tieck_-_Die_beiden_merkwürdigsten_Tage_aus_Siegmunds_Leben.txt,"Es war schon gegen Abend, als ein Wagen vor dem Gasthofe stillhielt, und ein junger Mensch munter und fröhlich herausstieg, um sich vom Wirt ein Zimmer anweisen zu lassen."
524,Reuter, Gabriele,Aus guter Familie,1895,"Romane, Novellen und Erzählungen",Gabriele_Reuter_-_Aus_guter_Familie.txt,Breit und hell fiel ein Strahl der Frühlingssonne durch das verstaubte Bogenfenster einer Dorfkirche.
525,Wieland, Christoph Martin,Dschinnistan,1786,"Märchen, Sagen, Legenden",Christoph_Martin_Wieland_-_Dschinnistan.txt,"Zwischen unersteiglichen Felsen, die sich nur auf einer Seite auftun, wo das Meer einen kleinen Busen in das Land hinein macht, zieht sich ein langes, fruchtbares, der Welt unbekanntes Tal, das die Einwohner in ihrer Sprache «die ruhige Aue» nennen."
526,Bierbaum, Otto Julius,Hans Wurst und der Riese,1905,"Romane, Novellen und Erzählungen",Otto_Julius_Bierbaum_-_Hans_Wurst_und_der_Riese.txt,"Der Riese Rumbo konnte die Menschen nicht leiden: konnte sie durchaus nicht leiden, weil sie neben ihm so lächerlich klein erschienen, aber doch klüger waren als er, und weil es ihm, von wegen seiner unmässigen Größe und Ungeschlachtheit, nicht möglich war, mit ihnen zusammen zu wohnen."
527,Hahn-Hahn, Ida von,Faustine,1840,"Romane, Novellen und Erzählungen",Ida_Gräfin_Hahn-Hahn_-_Faustine.txt,In Norddeutschland gibt es wohl wenig lieblichere Punkte als die Brühlsche Terrasse in Dresden zur Frühlingszeit.
528,Gutzkow, Karl,Die Ritter vom Geiste. Neuntes Buch,1851,"Romane, Novellen und Erzählungen",Karl_Ferdinand_Gutzkow_-_Die_Ritter_vom_Geiste._Neuntes_Buch.txt,Des Herbstmorgens erste Frische war vorüber.
529,Auerbach, Berthold,Drei einzige Töchter,1875,"Romane, Novellen und Erzählungen",Berthold_Auerbach_-_Drei_einzige_Töchter.txt,"Im Schatten einer großen, mit frischem Frühlingsgrün belaubten Buche, unweit eines mitteldeutschen Bahnhofes, hielt ein mit zwei Schimmeln bespannter offener Wagen; darin saß in die gelblichen damastenen Kissen zurückgelehnt eine jugendliche, in Grau gekleidete Frauengestalt; sie hatte die Arme übereinander gelegt, und hielt ihre großen dunklen Augen nach dem Gebirge gerichtet, das in schön geschwungener Wellenlinie vor ihr lag."
530,Zschokke, Heinrich,Der Freihof von Aarau,1823,"Romane, Novellen und Erzählungen",Heinrich_Zschokke_-_Der_Freihof_von_Aarau.txt,"Man weiß sehr gut, daß Leser und Leserinnen, besonders wenn sie Erheiterung suchen, die Vorreden nicht lieben."
531,May, Karl,Die Sklavenkarawane,1890,"Romane, Novellen und Erzählungen",Karl_May_-_Die_Sklavenkarawane.txt," »Haï es sala« – rief der fromme Schech el dschemali, der Anführer der Karawane – »auf zum Gebete! El Asr ist da, die Zeit der Kniebeugung, drei Stunden nach Mittag!« "
532,Ganghofer, Ludwig,Der Herrgottschnitzer von Ammergau,1880,"Romane, Novellen und Erzählungen",L._Ganghofer_-_Der_Herrgottschnitzer_von_Ammergau.txt,"Die Wiesen, die den Ammerfluß auf beiden Ufern auf dessen Weg geleiten, waren kurz geweidet, und ihre Farbe spielte schon ein wenig in jenes müde Gelbgrün, das für die ganze sprossende Natur der erste Vorbote des nahenden Absterbens ist."
533,Dose, Johannes,Der Muttersohn – Band II,1908,"Romane, Novellen und Erzählungen",Johannes_Dose_-_Der_Muttersohn_–_Band_II.txt,"Es war ein unverhofftes Wiedersehen mit bangen Fragen und bittren Tränen gewesen; aber die heilende Zeit, die durch das langsam wirkende Medikament der Gewöhnung jeden Schmerz lindert, hatte die Mutterkämpfe zur ergebungsvollen Wehmut gedämpft."
534,Serner, Walter,Die tückische Straße,1926,"Krimis, Thriller, Spionage",Walter_Serner_-_Die_tückische_Straße.txt,Das Rendez-vous mit dem Goldzahn Möglichkeiten verpflichten. 
535,Roquette, Otto,Luginsland,1867,"Romane, Novellen und Erzählungen",Otto_Roquette_-_Luginsland.txt,"Nach den entzückenden Landschaften von Oberwesel biegt der Rhein plötzlich um die schroffen Felsen des Roßsteins, und stürzt sich auf eine Reihe hochgethürmter Felsenklippen zu, die »sieben Jungfrauen« genannt."
536,Gangl, Josef,Mutters Bett,1916,"Romane, Novellen und Erzählungen",Josef_Gangl_-_Mutters_Bett.txt,"Ehemals war der Lautdümmelhof von einem der ebensten und schönsten Ackerfelde des Wiener Beckens umgeben, und jetzt steht er auf dem Gipfel eines steillehnigen Hügels."
537,Dreyer, Max,Spuk,1943,"Romane, Novellen und Erzählungen",Max_Dreyer_-_Spuk.txt,"Zwei Gewitter standen über der See, im Südosten das eine, das andere westwärts."
538,Möllhausen, Balduin,Der Vaquero,1905,"Romane, Novellen und Erzählungen",Balduin_Möllhausen_-_Der_Vaquero.txt,"Kansas, einer der jüngeren Staaten der nordamerikanischen Union, wird von dem in den Missouri mündenden Strome gleichen Namens von Westen nach Osten durchschnitten. "
539,Raabe, Wilhelm,Wilhelm Raabe: Die Chronik der Sperlingsgasse,1857,"Romane, Novellen und Erzählungen",Wilhelm_Raabe_-_Wilhelm_Raabe:_Die_Chronik_der_Sperlingsgasse.txt,"Wenn es gewittert, verkriechen sich die Vögel unter dem Busch."
540,Paul,Jean,Der Papierdrache. Erster Theil,1845,"Romane, Novellen und Erzählungen",Jean_Paul_-_Der_Papierdrache._Erster_Theil.txt,"Meine Verwandten werden fast nichts von mir erben, aber sämmtliche kultivirte Völker viel; und ich hätte längst mit diesen Völkern aus der Sache gesprochen, wenn aus dem zeitigen Dekan der theologischen Fakultät ein ordentliches Bedenken wäre herauszutreiben gewesen, in dem es stände, daß die Sache christlich genug wäre."
541,Fendrich, Anton,Emil Himmelheber,1914,"Romane, Novellen und Erzählungen",Anton_Fendrich_-_Emil_Himmelheber.txt,"Die Buckhäuser waren der letzte verlorene Posten einer »Gesellschaft mit beschränkten Grundsätzen«, die sich unter diesem ausdrücklichen Namen vor nun schon mehr als fünfzehn Jahren auf dem Gymnasium von Heitersberg, einer Universitätsstadt im Süden des Reiches konstituiert hatte."
542,Böhlau, Helene,Im Garten der Frau Maria Strom,1922,"Romane, Novellen und Erzählungen",Helene_Böhlau_-_Im_Garten_der_Frau_Maria_Strom.txt,"Es war einmal eine junge heitere Frau, gesund und wohlgemut."
543,Mügge, Theodor,Stellungen und Verhältnisse,1851,"Romane, Novellen und Erzählungen",Theodor_Mügge_-_Stellungen_und_Verhältnisse.txt,"Die Zeiten sind vorüber, wo die reichen Geldmänner in abgelegenen Straßen hinter düsteren vergitterten Fenstern saßen, wo sie über ihre Schätze den Schein äußerer Dürftigkeit breiten mußten, um die Gewaltthätigkeiten der Gewaltigen von sich abzuwenden."
544,Schramek, Josef,Vom Arber bis zum Plöckenstein,1928,"Humor, Satire",Josef_Schramek_-_Vom_Arber_bis_zum_Plöckenstein.txt,"Der Luiselwirt hieß wirklich Luiselwirt, und ich bringe es nicht über die Leber, ihn etwa den Franzelwirt oder den Seppelwirt zu nennen; denn es wäre ebenso lächerlich und ehrenrührig, den Luiselwirt anders zu nennen, als wenn man den Bismarck oder den Kolumbus Krauthuber oder Grießschmarren nennen wollte. "
545,Birt, Theodor,Novellen und Legenden aus verklungenen Zeiten,1916,"Romane, Novellen und Erzählungen",Theodor_Birt_-_Novellen_und_Legenden_aus_verklungenen_Zeiten.txt,Wir saßen am Strand von Phaleron.
546,Kurz, Isolde,Die Stunde des Unsichtbaren,1927,"Romane, Novellen und Erzählungen",Isolde_Kurz_-_Die_Stunde_des_Unsichtbaren.txt,"Der Ingenieur Fritz Westerland, namhaft als Erbauer wichtiger Bahnstrecken in Kleinasien, wollte vor Antritt einer leitenden Stellung in China seine Jugendstadt wiedersehen, die er fast zwei Jahrzehnte grollend gemieden hatte."
547,Dominik, Hans,Die Macht der Drei,1922,Science Fiction,Hans_Dominik_-_Die_Macht_der_Drei.txt,"Das Mysterium von Sing-Sing! Spezialtelegramm: Sing-Sing, 16. Juni, 6 Uhr morgens. "
548,Francois,Louise von,Der Katzenjunker,1879,"Romane, Novellen und Erzählungen",Louise_von_François_-_Der_Katzenjunker.txt,Unser Herzogsschloß auf der Höhe war länger als ein Menschenalter hindurch ein leerstehendes Gehäus über einer Gruft.
549,Seidel, Ina,Das Labyrinth: Ein Lebenslauf aus dem 18. Jahrhundert,1922,"Romane, Novellen und Erzählungen","Seidel,_Ina_-_Das_Labyrinth:_Ein_Lebenslauf_aus_dem_18._Jahrhundert-47941.txt","Hinterher dachte George freilich, es wäre besser gewesen, den Mund zu halten und die neu erworbene Kunstfertigkeit entweder schnell zu vergessen oder sie nur auszuüben, wenn »Er« ferne war, -- etwa wie das Schaukeln auf dem Wiesengatter, das George liebte und das »Er« des Quietschens wegen streng verboten hatte."
550,Schröer, Gustav,Der Heiland vom Binsenhofe,1930,"Romane, Novellen und Erzählungen",Gustav_Schröer_-_Der_Heiland_vom_Binsenhofe.txt,"In zitternden Wellen schwang die Glut über einförmigen, langhin verlaufenden Straßen, an denen die Äpfelbäume ihre filzigen, verstaubten Blätter müde im grellen, sengenden Lichte hängen ließen."
551,Hart, Hans,Das Haus der Titanen,1913,"Romane, Novellen und Erzählungen",Hans_Hart_-_Das_Haus_der_Titanen.txt,"Zwei fette, weiße Hände glitten durch die Luft auf und nieder wie ein schnäbelndes Taubenpaar."
552,Gutzkow, Karl,Die Ritter vom Geiste. Drittes Buch,1851,"Romane, Novellen und Erzählungen",Karl_Ferdinand_Gutzkow_-_Die_Ritter_vom_Geiste._Drittes_Buch.txt,Die Geheimräthin Pauline von Harder winkte... 
553,Lasker-Schüler, Else,Das Peter Hille-Buch,1906,"Romane, Novellen und Erzählungen",Else_Lasker-Schüler_-_Das_Peter_Hille-Buch.txt,"Ich war aus der Stadt geflohen und sank erschöpft vor einem Felsen nieder und rastete einen Tropfen Leben lang, der war tiefer als tausend Jahre."
554,Scheerbart, Paul,Das große Licht,1912,"Romane, Novellen und Erzählungen",Paul_Scheerbart_-_Das_große_Licht.txt,"Im Sommer des Jahres 1912 wurde der alte Münchhausen in Berlin so berühmt, daß ihn eines Tages zehn amerikanische Dollar-Millionäre besuchten und ihn baten, doch eine Glasfabrik, die vierzig Meilen hinter Milwaukee liegt, zu organisieren; er sollte dort Anordnungen treffen, die die Glasarchitektur populär machen könnten."
555,Spielhagen, Friedrich,Mesmerismus,1895,"Romane, Novellen und Erzählungen",Friedrich_Spielhagen_-_Mesmerismus.txt,"Den Titel des Gedichtes zu übersetzen, hatte freilich keine Mühe gemacht: Mesmerism – Mesmerismus; aber viel weiter war Roderich mit der Arbeit nicht vorgerückt, trotzdem er nun schon die halbe Nacht daran gewandt hatte."
556,Prantner, Ferdinand,Dissolving Views: Romanfragmente von Leo Wolfram.,1862,"Romane, Novellen und Erzählungen","Prantner,_Ferdinand_-_Dissolving_Views:_Romanfragmente_von_Leo_Wolfram.-54754.txt",Das Gewitter über dem Gebirgssee war vorüber.
557,Hessel, Franz,Laura Wunderl,1908,"Romane, Novellen und Erzählungen",Franz_Hessel_-_Laura_Wunderl.txt,"Als ich ein junger Student im ersten Semester war, sagten die anderen, die schon länger in München lebten, immer, ich müsste den Mädchen nachgehen: das gehörte sich nun einmal."
558,Blüthgen, Clara,Dilettanten des Lasters,1902,"Romane, Novellen und Erzählungen",Clara_Blüthgen_-_Dilettanten_des_Lasters.txt,»Wollen wir nicht das Fenster ein bischen aufmachen? Ich finde es zum Ersticken heiß.«
559,Dahn,Felix,Der Vater und die Söhne,1882,"Romane, Novellen und Erzählungen",Felix_Dahn_-_Der_Vater_und_die_Söhne.txt,In dem Schreibgemach des bischöflichen Palastes zu Sevilla trat in einer Frühlingsnacht des Jahres 579 nach Christus eine Anzahl von hohen Geistlichen des Westgotenreiches zu geheimer Beratung zusammen.
560,Scharrelmann, Wilhelm,Großmutters Haus und andere Geschichten,1913,"Romane, Novellen und Erzählungen",Wilhelm_Scharrelmann_-_Großmutters_Haus_und_andere_Geschichten.txt,"Ich erinnere mich ganz genau daran, trotzdem nun schon Jahre seitdem verflossen sind."
561,Meding, Oskar,Ritter oder Dame,1878,"Märchen, Sagen, Legenden",Gregor_Samarow_-_Ritter_oder_Dame.txt,"Es war gegen das Ende der fünfziger Jahre im vorigen Jahrhundert, zur Zeit der Regierung Seiner allerchristlichsten Majestät Ludwig XV., welcher in seiner glänzenden hoffnungsvollen Jugend vom Volke den Namen des Vielgeliebten erhalten hatte, den er nun offiziell fortführte, obwohl das Volk selbst ihn weder mit den Lippen noch mit dem Herzen seinem Könige mehr gab, der sich so weit von den Wegen seiner ersten Regierungszeit entfernt hatte und in apathischer Gleichgültigkeit die Staatsgeschäfte meist gehen ließ, wie sie eben wollten und konnten."
562,Halm, Friedrich,Die Marzipan-Lise,1856,"Romane, Novellen und Erzählungen",Friedrich_Halm_-_Die_Marzipan-Lise.txt,"Zu Weßprim in Ungarn lebte in den ersten Jahrzehnten des 18. Jahrhunderts kurze Zeit nach dem Abschlusse des Szathmárer Friedens ein Kaufmann, namens Paul Horváth, in Wohlstand und Fülle des Gedeihens."
563,Rank, Josef,Johannes Volkh - Hausmittel der Liebe - Ein guter Mensch,1867,"Romane, Novellen und Erzählungen",Josef_Rank_-_Johannes_Volkh_-_Hausmittel_der_Liebe_-_Ein_guter_Mensch.txt,"Die Betstunde war vorüber; aus der Kapelle unter den vier Linden kamen noch einzelne Andächtige, während andere bereits in Gruppen herumstanden und die meisten sich nach allen Richtungen des Dorfes zerstreuten."
564,Storm, Theodor,Die Regentrude,1866,"Romane, Novellen und Erzählungen",Theodor_Storm_-_Die_Regentrude.txt,"Einen so heißen Sommer, wie nun vor hundert Jahren, hat es seitdem nicht wieder gegeben."
565,Gerstäcker, Friedrich,Die Silbermine in den Ozarkgebirgen,1890,Spannung und Abenteuer,Friedrich_Gerstäcker_-_Die_Silbermine_in_den_Ozarkgebirgen.txt,"Der Donner rollte dumpf und drohend über den hohen Gipfeln der Ozarkgebirge hin, schmetternd sein Echo fordernd aus den dunkeln Schluchten und die Nebel niederpressend in die engen, schroff in die Hänge gerissenen Thäler."
566,Bernhard,Marie,Die Glücklichen,1880,"Romane, Novellen und Erzählungen","Bernhard,_Marie_-_Die_Glücklichen-57078.txt","Die Glücklichen -- so hatte Fräulein Rosa Hesse das junge Ehepaar getauft, welches, in Begleitung eines kleinen Töchterchens und einer ältlichen Dienerin, vor einigen Tagen seinen Einzug in das Pensionat Klinger gehalten hatte."
567,Löhn, Anna,Humoresken,1868,"Humor, Satire",Anna_Löhn_-_Humoresken.txt,"Wir glauben keinen Fehlgriff zu thun, wenn wir den Lesern der »Löhn'schen Schriften«, die ihnen manche Stunde angenehm verbringen helfen, die nachstehende Biographie der liebenswürdigen Dame selbst bringen."
568,Georgy, Ernst,Die Berliner Range - Neue Bekenntnisse. Band II.,1900,"Romane, Novellen und Erzählungen",Ernst_Georgy_-_Die_Berliner_Range_-_Neue_Bekenntnisse._Band_II..txt,Lotte Bach auf einem humanen Theeabend.
569,Ganghofer, Ludwig,Das Schweigen im Walde,1899,"Romane, Novellen und Erzählungen",Ludwig_Ganghofer_-_Das_Schweigen_im_Walde.txt,"Man hörte noch den Lärm des Dorfes, den all verschwommener Stimmen und das Geläut einer Kirchenglocke, die zur sonntäglichen Vesper rief."
570,Zech,Paul,Der schwarze Baal,1917,"Romane, Novellen und Erzählungen",Paul_Zech_-_Der_schwarze_Baal.txt,"Eine halbe Stunde weit von der großen Stadt, deren Türme, Gasometer und Riesenschornsteine aus dem gelbgrauen Nebel wie Köpfe langsam Ertrinkender sich emporquälen, liegt die Gewerkschaft »Frisch auf«."
571,Brentano, Clemens,Geschichte vom braven Kasperl und dem schönen Annerl,1838,"Märchen, Sagen, Legenden",Clemens_Brentano_-_Geschichte_vom_braven_Kasperl_und_dem_schönen_Annerl.txt,"Es war Sommersfrühe, die Nachtigallen sangen erst seit einigen Tagen durch die Straßen und verstummten heut in einer kühlen Nacht, welche von fernen Gewittern zu uns herwehte; der Nachtwächter rief die elfte Stunde an, da sah ich, nach Hause gehend, vor der Tür eines großen Gebäudes einen Trupp von allerlei Gesellen, die vom Biere kamen, um jemand, der auf den Türstufen saß, versammelt."
572,Ettlinger, Karl,Benno Stehkragen,1917,"Romane, Novellen und Erzählungen",Karl_Ettlinger_-_Benno_Stehkragen.txt,"Als ich am 25. Juli 1916 morgens gegen halb acht Uhr erwachte, schloß ich sogleich geblendet die Augen."
573,Wildermuth, Ottilie,Die alte Freundin,1863,"Romane, Novellen und Erzählungen",Ottilie_Wildermuth_-_Die_alte_Freundin.txt,"Eine alte wohlbekannte Freundin ist es, welche in diesem Buche noch einmal zu der fröhlichen Kinderwelt tritt, die stets so gerne ihren Geschichten gelauscht hat."
574,Viebig, Clara,Das Eisen im Feuer,1911,"Romane, Novellen und Erzählungen",Clara_Viebig_-_Das_Eisen_im_Feuer.txt,"Um die Stadtmauer wehte der Frühling, und die Torwächter, die morgens die Tore aufschlossen: das Neue, das Oranienburger, das Hamburger, das Rosenthaler, Schönhauser, Prenzlauer, Königs- und Landsberger Tor, das Frankfurter, Stralauer, Schlesische, Köpenicker, Kottbusser, Wasser-Tor, das Hallische und Anhaltische, das Potsdamer und das Brandenburger Tor, wunderten sich, wie hübsch grün es schon draußen wurde. "
575,Gerstäcker, Friedrich,Die Flußpiraten des Mississippi,1848,Spannung und Abenteuer,Friedrich_Gerstäcker_-_Die_Flußpiraten_des_Mississippi.txt,"Schon in früheren Zeiten, als die westlichen Staaten noch als Territorium der Union galten, Dampfboote die Wasser jener mächtigen Ströme noch nicht aufwühlten und nur unbehilfliche Kiel- und Flatboote – oft auch sehr passend Archen genannt – die Handelsverbindung im Innern unterhielten, hatte sich auf einer der zahlreichen Inseln dieses Stromes, Stack oder Crowsnest Island, oder Nr. Vierundneunzig, wie sie jetzt genannt wird, eine Raubbande organisiert, die nicht allein mordete und plünderte, was in ihren Bereich kam, sondern auch in ihrem Versteck eine Falschmünzerei unterhielt, von wo aus sie mit ihren Banknoten das ganze westliche Land überschwemmte."
576,Keyserling, Eduard Graf von,Abendliche Häuser,1914,"Romane, Novellen und Erzählungen",Eduard_von_Keyserling_-_Abendliche_Häuser.txt,"Auf Schloß Paduren war es recht still geworden, seit so viel Unglück dort eingekehrt war."
577,Kabel, Walther,Die Kaschemme Mutter Binks,1925,"Krimis, Thriller, Spionage",Walther_Kabel_-_Die_Kaschemme_Mutter_Binks.txt,"In einem unbeleuchteten Zimmer saßen an einem regnerischen, stürmischen Juniabend drei Personen eng beieinander und besprachen in gedämpftem Ton, der das Geheimnisvolle dieser Zusammenkunft noch erhöhte, unklare Dinge in ebenso unklaren Andeutungen."
578,Glaßbrenner, Adolf,Skizzen und Gedichte,1848,"Romane, Novellen und Erzählungen",Adolf_Glaßbrenner_-_Skizzen_und_Gedichte.txt,"Unter allen Plebejern des stolzen Berlins verdienen sie als die zahlreichste und merkwürdigste Klasse zuerst genannt zu werden; wer je durch die großen und schönen Straßen der preußischen Residenz gewandelt ist, dem wird gewiß diese komische Nation aufgefallen sein, die sich durch ihre Sitten, durch ihren immerwährenden Durst, durch ihre Faulheit und ihre grenzenlose Gleichgültigkeit gegen Alles, was in ihnen und um sie vorgeht, (mit Ausnahme von Prügeleien) und durch einen handfesten Witz auszeichnen."
579,Spielhagen, Friedrich,Die von Hohenstein. Dritter Band,1864,"Romane, Novellen und Erzählungen",Friedrich_Spielhagen_-_Die_von_Hohenstein._Dritter_Band.txt,Der kurze Wintertag ging zu Ende.
580,Heiberg, Hermann,Todsünden,1891,"Romane, Novellen und Erzählungen",Hermann_Heiberg_-_Todsünden.txt,"Es war Herbstzeit, doch bisher hatte kein Sturm die Bäume ihrer Blätter entkleidet."
581,Heun, Carl,Der Blutschatz,1824,"Romane, Novellen und Erzählungen",H._Clauren_-_Der_Blutschatz.txt,Bei Prelloni waren frische Austern angekommen.
582,Ettlinger, Karl,Der Widerspenstigen Zähmung,1919,"Romane, Novellen und Erzählungen",Karl_Ettlinger_-_Der_Widerspenstigen_Zähmung.txt,"Ich will es lieber gleich sagen, da es sich ja doch im Laufe der Geschichte herausstellt: Frau Borges war ein Drache."
583,Hegeler, Wilhelm,Die goldene Kette,1915,"Romane, Novellen und Erzählungen",Wilhelm_Hegeler_-_Die_goldene_Kette.txt,"So« sagte Frau Tann zu sich, »das hätten wir mal wieder geschafft.« "
584,Werfel,Franz,Das Trauerhaus,1933,"Romane, Novellen und Erzählungen",Franz_Werfel_-_Das_Trauerhaus.txt,"Es wäre eine Nacht geworden wie jede andre, wenn nicht zwei einschneidende Ereignisse ihren Gang gestört hätten."
585,Heym, Georg,Der Dieb,1913,"Romane, Novellen und Erzählungen",Georg_Heym_-_Der_Dieb.txt,Am 5. Oktober sollten die Brotkarren aus der Provence nach Paris kommen.
586,Bauberger, Wilhelm,Erzählungen und Mährchen,1867,"Märchen, Sagen, Legenden",Wilhelm_Bauberger_-_Erzählungen_und_Mährchen.txt,"Zorn und Necken sind leider die gewöhnlichsten, aber auch die gefährlichsten Fehler unter der Jugend."
587,Hausrath, Adolf,Elfriede,1885,"Romane, Novellen und Erzählungen",Adolf_Hausrath_-_Elfriede.txt,"»Heile mich, Vater der Liebe«, sprach die Seele zu ihrem Schöpfer."
588,Alexis, Willibald,Kriminalfälle des neuen Pitaval,1832,Historische Kriminalromane und -fälle,Willibald_Alexis_|_Julius_Eduard_Hitzig_-_Kriminalfälle_des_neuen_Pitaval.txt,"Zu Anfang der sechziger Jahre des 18. Jahrhunderts sah man in der Uckermark, Priegnitz und auch im benachbarten Mecklenburgischen einen Mann herumstreifen, dessen Kleidung und Wesen nicht viel von einem Bettler verschieden war."
589,Sock, Paul,Eskimomärchen,1921,"Märchen, Sagen, Legenden","Sock,_Paul_-_Eskimomärchen-38972.txt",In den ersten Tagen war die ganze Erdoberfläche mit Ausnahme eines sehr hohen Berges in ihrer Mitte überflutet.
590,Zschokke, Heinrich,Die Branntweinpest,1837,"Romane, Novellen und Erzählungen",Heinrich_Zschokke_-_Die_Branntweinpest.txt,"Auf meiner Reise von England machte ich eines Tages angenehme Bekanntschaft, in einem Gasthof, mit einem liebenswürdigen jungen Herrn. Er fiel mir eben so sehr auf durch seine männliche Schönheit und durch Anmuth seines Betragens, als durch sein niedergeschlagenes Wesen."
591,Waldau, Max,Aus der Junkerwelt,1850,"Romane, Novellen und Erzählungen",Max_Waldau_-_Aus_der_Junkerwelt.txt,Was über den Gräbern vorging. 
592,Ungern-Sternberg, Alexander von,Lessing,1834,"Romane, Novellen und Erzählungen",Alexander_von_Ungern-Sternberg_-_Lessing.txt,"Es war spät am Abend, ein heftiger Sturm schüttelte an den Fenstern und Thüren des alten herrschaftlichen Schlosses; die Dienerschaft hatte sich, da ihr Tagesgeschäft fast vollendet war, in einen entfernten Theil des weitläufigen Baues zurückgezogen, und saß hier um die Flamme des Ofens in behagliche Gruppen vertheilt."
593,Wassermann, Jakob,Die Geschichte der jungen Renate Fuchs,1901,"Romane, Novellen und Erzählungen",Jakob_Wassermann_-_Die_Geschichte_der_jungen_Renate_Fuchs.txt,"In der Mitte des September ereignete sich ein ungeheuerlicher Vorfall, von welchem einige Tage lang ganz München sprach. "
594,Ganghofer, Ludwig,Edelweißkönig,1886,"Romane, Novellen und Erzählungen",Ludwig_Ganghofer_-_Edelweißkönig.txt,"Von der Bergseite des Tales kam ein Jäger über die Wiesen her, deren junges Grün in der Nachmittagssonne einen Glanz wie Metall bekam."
595,Heine, Thomas Theodor,Ich warte auf Wunder,1945,"Humor, Satire",Thomas_Theodor_Heine_-_Ich_warte_auf_Wunder.txt,Das Mädchen fuhr mich im Kinderwagen in den Park.
596,Karrillon, Adam,Erlebnisse eines Erdenbummlers,1923,Romanhafte Biographien,Adam_Karrillon_-_Erlebnisse_eines_Erdenbummlers.txt,"Als ich im Jahre 1853 am 12. Mai das Licht der Welt erblickte, gab es in Waldmichelbach noch viele ungläubige Menschen. Da waren solche, die weder an den Teufel glaubten noch auch an den Bestand einer deutschen Republik (man bedenke, es war nicht gar lange nach der badischen Revolution), ja es fanden sich unter den Ur-Eingeborenen sogar solche, die nicht glauben wollten, daß man ohne Pferdevorspann einen Wagen von einem Platz zum andern bringen könne. Das alles hatte seine guten Gründe: Mein Geburtsort lag dazumal noch schwer ersteigbar im sogenannten Überwald. Vom Dorfe Kreidach bis zur Wasserscheide vom Rhein und Neckar herauf führte der sogenannte Kirchweg, der zur Regenzeit mehr einem Bachbett glich als einer Straße und nur an den seltenen Gerichtstagen einmal von dem Lederwagen eines Darmstädter Advokaten erstiegen worden war. Dieser westliche Zugang verband damals meine Zeitgenossen mit den großen Völkerstraßen den Rhein entlang und brachte ab und zu die spärliche Kunde von Neuigkeiten, die sich in der Welt ereigneten, während sich von Süden her, den Olfenbach entlang, zumeist vor den Quatember-Fasttagen, die Hirschhorner Fischfrau heraufarbeitete und neben der Neuigkeit, daß von Heidelberg nach Mannheim eine Eisenbahn laufe, ihre Weißfische zum Verkaufen anbot. Die wenigen Welterfahrenen im Dorfe hatten einen schweren Stand gegen das bodenständige Vorurteil. Man hielt die Besserwisser für Aufschneider und wenn der Blaufärber vor seiner Indigolösung sang: »Zu Straßburg auf der Schanz, da ging mein Trauern an,« so glaubte man ihm seine Worte nicht und wollte ihm nachweisen, daß er die ganzen zwei Jahre seiner Abwesenheit von der Heimat auf der Tuchbleiche zu Altneudorf verlebt habe, mit dem Forellenstehlen aus dem Steinachbache beschäftigt. Als ich mich zu diesen Menschen an den Tagen der Eisheiligen versetzt fühlte, fror es mich ein wenig, und da mir der Geruch einer eben ausgeblasenen Rüböllampe unangenehm in die Nase stach, so fing ich an zu winseln. »Göttliche Gerechtigkeit,« schrie die Hebamme, »der Junge ist schon über eine Stunde auf der Welt und hat noch keinen warmen Löffelstiel übers Herz gebracht."
597,Reck-Mallaczewen, Fritz,Ein Mannsbild namens Prack,1935,"Romane, Novellen und Erzählungen",Fritz_Reck-Malleczewen_-_Ein_Mannsbild_namens_Prack.txt,Das Ganze war immerhin ein ziemlich verwegener Streich.
598,Lewald, Fanny,Wandlungen. Dritter Band,1853,"Romane, Novellen und Erzählungen",Fanny_Lewald_-_Wandlungen._Dritter_Band.txt,"Es war im Jahre achtzehnhundert vier und vierzig, als in Paris ein Deutscher, mit ehrfurchtsvoll gezogenem Hute vor der Julisäule stand, deren goldener Genius in der klaren Helle eines Herbstmorgens funkelte."
599,Wothe,Anny,Durch graue Gassen,1915,"Romane, Novellen und Erzählungen",Anny_Wothe_-_Durch_graue_Gassen.txt,Heute war die erste Tanzstunde mit Herren.
600,Gutzkow, Karl,Der Zauberer von Rom. III. Buch,1858,"Romane, Novellen und Erzählungen",Karl_Gutzkow_-_Der_Zauberer_von_Rom._III._Buch.txt,"Von einer nach dem Hofe hinaus arbeitenden Handwerkerfamilie hatte Benno von Asselyn drei auf einen kleinen, von einem belebten Brunnen geschmückten Winkelplatz hinausgehende Vorderzimmer gemiethet."
601,Ungern-Sternberg, Alexander von,Die Royalisten. Neupreußische Zeitbilder. Erster Band,1848,Historische Romane und Erzählungen,Alexander_von_Ungern-Sternberg_-_Die_Royalisten._Neupreußische_Zeitbilder._Erster_Band.txt,Ist der Herr Obrist Ade nicht zu Hause?« fragte eine derbe rauhe Stimme den Hausflur entlang.
602,Wiechert, Ernst,Der Kinderkreuzzug,1928,"Romane, Novellen und Erzählungen",Ernst_Wiechert_-_Der_Kinderkreuzzug.txt,"Als der Bergmann Peter Hamborn, Soldat ohne Rang in einem der namenlosen Infanterieregimenter zu Ende des großen Krieges, vor dem geschlossenen Tore des väterlichen Anwesens stand, genötigt und bereit, seine bestaubten Füße der Landstraße zuzuwenden, versank die blasse Herbstsonne gerade hinter dem grauen Scheunenfirst."
603,Mützelburg, Adolf,Die Millionenbraut. Erster Band,1868,"Romane, Novellen und Erzählungen",Dumas-Mützelburg_-_Die_Millionenbraut._Erster_Band.txt,"Es war an einem schönen, frischen Morgen zu Anfang des Jahres 1861, als ein Reiter den kleinen Flecken Bingstown in Virginien verließ. "
604,Muellenbach, Ernst,Vom heissen Stein,1897,Historische Romane und Erzählungen,Leo_Ernst_Achilles_Muellenbach_-_Vom_heissen_Stein.txt," Anno 1616, den 24. April, schied Cervantes aus dieser Zeitlichkeit, und zehn Tage später folgte ihm Shakespeare nach; zwei Gewaltige des Geistes, die zu gleicher Zeit Unsterbliches schufen und zuletzt der Sterblichkeit ihren Zoll zahlten, ohne jemals voneinander gewußt zu haben."
605,Hoffmann, E.T.A.,Die Königsbraut,1821,"Märchen, Sagen, Legenden",E.T.A._Hoffmann_-_Die_Königsbraut.txt,Es war ein gesegnetes Jahr.
606,Marlitt, Eugenie,Das Geheimnis der alten Mamsell,1867,"Romane, Novellen und Erzählungen",Eugenie_Marlitt_-_Das_Geheimnis_der_alten_Mamsell.txt," »Na, jetzt sag mir nur um Gotteswillen, wo willst du eigentlich hin, Hellwig?« "
607,Novalis,,Heinrich von Ofterdingen,1802,"Romane, Novellen und Erzählungen",Novalis_-_Heinrich_von_Ofterdingen.txt,"Die Eltern lagen schon und schliefen, die Wanduhr schlug ihren einförmigen Takt, vor den klappernden Fenstern sauste der Wind; abwechselnd wurde die Stube hell von dem Schimmer des Mondes."
608,Galen, Philipp,Der Erbe von Betty's Ruh. Vierter Theil,1866,"Romane, Novellen und Erzählungen",Philipp_Galen_-_Der_Erbe_von_Betty's_Ruh._Vierter_Theil.txt,"Daß Paul diesmal seinen meilenweiten Weg nicht langsam zurücklegte, bedarf wohl kaum einer Erwähnung, und eben so wenig, daß er ihn nicht lang und ermüdend fand."
609,Watzlik, Hans,Hinterwäldler,1941,"Romane, Novellen und Erzählungen",Hans_Watzlik_-_Hinterwäldler.txt,Das Dorf Haselreuth lag mit seinen verwitterten Hütten hoch und zierlich an den Gebirgshang hingesprengt wie der Flecken Bethlehem. 
610,Mann, Heinrich,Die Armen,1917,"Romane, Novellen und Erzählungen",Heinrich_Mann_-_Die_Armen.txt,"Hassende, Liebende Die Kinder schrien tosend vor dem großen Arbeiterhaus von Gausenfeld; hunderte von Kindern, hervorgequollen aus dem überfüllten Haus, worin sie alle geboren waren, rannten, zappelten, prügelten sich auf der grauen Wiese."
611,Schurig, Arthur,Seltsame Liebesleute,1920,"Romane, Novellen und Erzählungen",Arthur_Schurig_-_Seltsame_Liebesleute.txt,"Gnädige Frau, ich bitte, Ihnen übermorgen zur Teestunde meinen Besuch machen zu dürfen."
612,Clauren, H. (Heinrich),"Des Vaters Sünde, der Mutter Fluch",1823,"Romane, Novellen und Erzählungen","Clauren,_H._(Heinrich)_-_Des_Vaters_Sünde,_der_Mutter_Fluch-54353.txt","Der Admiralitätsrath kam von der Session, und lächelte freundlich, als Hulda ihm, wie gewöhnlich, Hut und Stock abnehmend, versicherte, daß es mit der Mutter recht leidlich gehe; sie hofft, setzte das Mädchen mit kindlicher Freude hinzu: heute wieder mit uns essen zu können; suche sie da nur möglichst aufzuheitern; sie bedarf dessen in ihrer jetzigen Stimmung mehr, als aller Arznei; ich habe alles Ersinnliche gethan, um sie ein wenig zu zerstreuen, und sie hat sich diesen Morgen viel besser befunden, als die ganze letzte Zeit über."
613,Mügge, Theodor,Die Reimer von Weßliburen,1850,"Romane, Novellen und Erzählungen",Theodor_Mügge_-_Die_Reimer_von_Weßliburen.txt,"Kehre um, Klaus, es kommt Nebel."
614,Tavel, Rudolf von,Simeon und Eisi,1922,"Romane, Novellen und Erzählungen",Rudolf_von_Tavel_-_Simeon_und_Eisi.txt,"Dem Simeon Bäuwlin ist es genau gleich gegangen wie mir, als er nach langen Jahren auf seiner Flucht aus der argen Welt wieder einmal die Dorfstraße von Adelboden entlang schritt."
615,Fischer,Caroline Auguste,Vierzehn Tage in Paris,1801,"Romane, Novellen und Erzählungen",Caroline_Auguste_Fischer_-_Vierzehn_Tage_in_Paris.txt,Es giebt verschiedene Wege nach Paris.
616,Huch, Ricarda,Fra Celeste,1899,"Romane, Novellen und Erzählungen",Ricarda_Huch_-_Fra_Celeste.txt,"Als ich den später so berühmten und angebeteten Fra Celeste zum ersten Male predigen hörte, war er erst in den Ortschaften bekannt, die im Umkreise seines Klosters lagen."
617,Federer, Heinrich,Gebt mir meine Wildnis wieder!,1918,"Romane, Novellen und Erzählungen",Heinrich_Federer_-_Gebt_mir_meine_Wildnis_wieder!.txt,"Das ist der alte Eremit Petrus, der im verriegelten Schlosse von Fumone von der Türe zum Fenster lief, hin und her, hin und her, mit der fieberigen Behendigkeit eines zähen achtzigjährigen Greises, und um der Barmherzigkeit Gottes willen bat, daß man ihn doch zum Gran Sasso oder zur Majella in seine Waldklause heimkehren lasse."
618,Herzog, Rudolf,Die Burgkinder,1911,"Romane, Novellen und Erzählungen",Rudolf_Herzog_-_Die_Burgkinder.txt,"Im Wipfel des jahrhundertalten, immergrünen Lebensbaumes sang eine Amsel."
619,Anonymous,,Der Luftpirat und sein lenkbares Luftschiff 40: Die Empörung im Weltenfahrzeug,1908,Science Fiction,Anonymous_-_Der_Luftpirat_und_sein_lenkbares_Luftschiff_40:_Die_Empörung_im_Weltenfahrzeug-56065.txt,Dichter Nebel bedeckte Land und Meer.
620,Boy-Ed, Ida,Zwei Männer,1900,"Romane, Novellen und Erzählungen",Ida_Boy-Ed_-_Zwei_Männer.txt,Albrecht Michael von Fronhofen saß nah am Bette seiner Frau und las ihr einen Brief vor.
621,Zweig, Stefan,Ungeduld des Herzens,1939,"Romane, Novellen und Erzählungen",Stefan_Zweig_-_Ungeduld_des_Herzens.txt,"»Wer da hat, dem wird gegeben«, dieses Wort aus dem Buche der Weisheit darf jeder Schriftsteller getrost in dem Sinne bekräftigen: »Wer viel erzählt hat, dem wird erzählt.« "
622,Martens, Kurt,Die Pulververschwörung 1603-1606,1922,Historische Romane und Erzählungen,Kurt_Martens_-_Die_Pulververschwörung_1603-1606.txt,"Landedelleute waren es, unbedenkliche, beherzte Gentlemen von Alt-England, die des katholischen Glaubens und des Papstes Sache noch immer nicht verloren geben wollte."
623,Rudinoff, Willy Wolf,Der Meister der Pétomanie,1931,"Romane, Novellen und Erzählungen",Wolf_Rudinoff_-_Der_Meister_der_Pétomanie.txt, – Nun waren endlich die großen akademischen Ferien nahe!
624,Möllhausen, Balduin,Der Schatz von Quivira,1879,"Romane, Novellen und Erzählungen",Balduin_Möllhausen_-_Der_Schatz_von_Quivira.txt,"Auf dem Rheinufer. »Grüß Dich Gott, Du schöner, Du stolzer Strom! Wie Deine Fluthen so eilfertig ihren Weg nordwärts verfolgen, um sich dem ewig regsamen Ocean zuzugesellen!"
625,Böhlau, Helene,Altweimarische Liebes- und Ehegeschichten,1897,"Romane, Novellen und Erzählungen",Helene_Böhlau_-_Altweimarische_Liebes-_und_Ehegeschichten.txt,"Im Rödchen bei Weimar, da hat vor Zeiten ein Dorf gestanden; jetzt ist es ein einsames niedriges Gehölz von etlichen hohen Eichen und Buchen, Ahorn und Erlen überragt; das zieht sich, sanft ansteigend, bis an den weiten, schönen Buchenwald hin auf dem langgestreckten Rücken des Ettersberges, dem Wahrzeichen der guten Stadt Weimar."
626,Jung-Stilling, Johann Heinrich,Henrich Stillings häusliches Leben / 1,1789,Romanhafte Biographien,Johann_Heinrich_Jung-Stilling_-_Henrich_Stillings_häusliches_Leben_|_1.txt,"Den ersten Mai 1772 des Nachmittags wanderte Stilling mit seiner Christine zu Fuß nach Schönenthal und Herr Friedenberg begleitete sie; die ganze Natur war still, der Himmel heiter, die Sonne schien über Berg und Tal und ihre warme Frühlingsstrahlen entfalteten Kräuter, Blätter und Blüten."
627,Voß, Richard,Die Mutter der Catonen,1889,"Romane, Novellen und Erzählungen",Richard_Voß_-_Die_Mutter_der_Catonen.txt,"Wo heute, hoch über der römischen Campagna, auf den schönen Höhen des Albanergebirges zwischen weiten Weinfeldern und ausgedehnten Olivenwäldern mit vielen ehrwürdigen Kirchen und prächtigen Palästen das wonnige Frascati liegt, bedeckten zur Zeit der alten Herrlichkeit die Villen und Landgüter der römischen Großen das ganze Land."
628,Hoffmann, E.T.A.,Die Brautwahl,1819,"Romane, Novellen und Erzählungen",E._T._A._Hoffmann_-_Die_Brautwahl.txt,"Welches von Bräuten, Hochzeiten, Geheimen Kanzleisekretären, Turnieren, Hexenprozessen, Zauberteufeln und andern angenehmen Dingen handelt."
629,Herzog, Rudolf,Der alten Sehnsucht Lied: Erzählungen,1915,"Romane, Novellen und Erzählungen","Herzog,_Rudolf_-_Der_alten_Sehnsucht_Lied:_Erzählungen-67048.txt","Die frühe Dämmerung des Wintertages glitt über die weite Hochebene und griff spielerisch nach den verblassenden Sonnenlichtern, die sich langsam zurückzogen, sich noch einmal zusammenfanden und mit dem Hauch des gemeinsamen Abschiedsgrußes den Himmel in melancholische, rötlich-violette Töne spannten."
630,Schaukal, Richard von,Dionys-bácsi. Drei Novellen,1923,"Romane, Novellen und Erzählungen",Richard_von_Schaukal_-_Dionys-bácsi._Drei_Novellen.txt,"Ich war zum ersten Mal auf Besuch bei meiner seit drei Jahren in Ungarn verheirateten Schwester und saß nach dem vortrefflichen Abendessen mit dem Schwager und Baron B., einem Gutsbesitzer aus der Nachbarschaft, beim Wein."
631,Sperl, August,Burschen heraus!,1914,"Romane, Novellen und Erzählungen",August_Sperl_-_Burschen_heraus!.txt,"Ich halte die menschliche Natur für hoch und finde sie doch immer höher als ich dachte; während die sie für niedrig halten, sie immer niedriger finden als sie erwarteten."
632,Wieland, Christoph Martin,Sendschreiben an einen jungen Dichter,1782,"Romane, Novellen und Erzählungen",Christoph_Martin_Wieland_-_Sendschreiben_an_einen_jungen_Dichter.txt,"Nun wohlan denn, mein junger Freund! niemand kann seinem Schicksal entrinnen; und wenn auch Sie zum Lorbeerkranz und dunkeln Kämmerchen des göttlichen Tasso, oder zum Spital und Nachruhm des Portugiesen Camoens bestimmt sind, kann ich schwacher Sterblicher es verhindern?"
633,Zapp, Arthur,Falsches Geld,1920,"Krimis, Thriller, Spionage",Arthur_Zapp_-_Falsches_Geld.txt,Das Tor des Zuchthauses öffnete sich vor Lomnitz.
634,Adolph, Karl,Töchter,1914,"Romane, Novellen und Erzählungen",Karl_Adolph_-_Töchter.txt,Berichtet von Leuten der verschiedensten Temperamente.
635,Glässer, I.,Im Tale des Todes,1920,"Krimis, Thriller, Spionage",I._Glässer_-_Im_Tale_des_Todes.txt,"Es war an einem regnerischen Frühlingsabend, zehn Minuten vor acht Uhr, als Fred Sellers, der berühmteste Detektiv New-Yorks, von einer kurzen Geschäftsreise aus Boston zurückkehrend, dem dunklen Hauseingang an der »Bowery« zuschritt, wo sich sein berühmtes und zugleich gefürchtetes Hauptquartier befindet. "
636,Ganghofer, Ludwig,Die Trutze von Trutzberg,1915,"Romane, Novellen und Erzählungen",Ludwig_Ganghofer_-_Die_Trutze_von_Trutzberg.txt,"Vor dem Altarstein unter der alten Linde, deren Blätter noch feucht waren vom Tau des schönen Morgens, stand der Wanderpfaff in weißem Chorhemd und mit schwarzem Barett, sah entrückten Auges über die kleine andächtige Gemeinde hin, die sich im Burggärtlein des Trutzberges um ihn gesammelt hatte, und hielt die Sonntagspredigt."
637,Storm, Theodor,Bötjer Basch,1887,"Romane, Novellen und Erzählungen",Theodor_Storm_-_Bötjer_Basch.txt,"In der Süderstraße meiner Vaterstadt, dem Gäßchen gegenüber, das nach dem St. Jürgenskirchhof und über diesen an dem Stift entlang nach der Norderstraße führt, stand seit Anfang des 17. Jahrhunderts ein kleines Haus, über dessen Eingangstür sich ein in Sandstein ausgehauenes Bild befand: ein Mann in einem Schifflein, zu dem durch hohe Wellen der Tod geschwommen war und schon den Mann zu sich ins Meer hinabriß; darunter stand: »Up Land un See.«"
638,Sandvoss, Rosalie,Briefe eines Malers an seine Schwester,1865,"Romane, Novellen und Erzählungen","Sandvoss,_Rosalie_-_Briefe_eines_Malers_an_seine_Schwester-66499.txt","Nun bin ich in der Heimath, vorgestern langte ich hier an."
639,Christ, Lena,Madam Bäuerin,1919,"Romane, Novellen und Erzählungen",Lena_Christ_-_Madam_Bäuerin.txt,"Die Geschichte hebt an um die Zeit, da unser lieber Herr bereits seine Himmelfahrt getan, den Heiligen Geist gesendet und das Heu auf den Wiesen gut und dürr genug gemacht hat zum Heimführen."
640,Waser,Maria,Das Gespenst im Antistitium,1923,"Romane, Novellen und Erzählungen",Maria_Waser_-_Das_Gespenst_im_Antistitium.txt,"Wenn ich das Haus denke, darin ich meine Kindheit verlebte, meine ich, daß ich mir die peinliche Selbstbespiegelung füglich ersparen könnte, sofern es mir gelänge, dessen Seele aufzudecken; denn mir scheint, daß dann alles klar werden müßte, was mein Leben angeht und meinen Weg bestimmte."
641,Wolff, Julius,Die Hohkönigsburg: Eine Fehdegeschichte aus dem Wasgau,1902,Historische Romane und Erzählungen,"Wolff,_Julius_-_Die_Hohkönigsburg:_Eine_Fehdegeschichte_aus_dem_Wasgau-59185.txt","Im Augustsonnenschein des Tages St. Bartholomäi 1483 wehte auf dem Bergfried der Hohkönigsburg, des größten Schlosses im ganzen Elsaß, eine Fahne in den Thierstein'schen Farben, gelb und roth, denn die Grafen dieses Namens führten in ihrem Wappenschilde sieben rothe Rauten in goldenem Felde."
642,Tieck, Ludwig,Der junge Tischlermeister,1836,"Romane, Novellen und Erzählungen",Ludwig_Tieck_-_Der_junge_Tischlermeister.txt,"Leonhard, der junge Tischlermeister, lehnte sich aus dem Fenster, schaute in den alten Nußbaum hinaus und übersahe dann seinen Hof."
643,Scherr, Johannes,Brunhild,1870,"Romane, Novellen und Erzählungen",Johannes_Scherr_-_Brunhild.txt,"Die Ränder des kleinen Sees liegen im Schattendüster ihrer Weidenumbüschung, aber gegen die Mitte des kaum merkbar gekräuselten Wasserspiegels hin glüht eine rotgoldene Lichtmasse, von der höher und höher über die östlichen Berge emporsteigenden Morgensonne dorthin geworfen."
644,Gerstäcker, Friedrich,Pfarre und Schule: Eine Dorfgeschichte. Zweiter Band.,1849,"Romane, Novellen und Erzählungen","Gerstäcker,_Friedrich_-_Pfarre_und_Schule:_Eine_Dorfgeschichte._Zweiter_Band.-46410.txt","Die kleine Gesellschaft bestand bis jetzt erst aus vier Personen, und zwar aus der Frau Oberpostdirector von Gaulitz -- erst seit wenigen Monaten vermählt -- aus des Pastors rosigem Töchterlein Sophie, und den beiden Schwestern des Herrn Geheimeraths Seiffenberger aus der Residenz, und das bis jetzt nur über Putz- und Modesachen geführte Gespräch hatte schon einen recht erfreulichen Aufschwung genommen."
645,Essig, Hermann,12 Novellen,1916,"Romane, Novellen und Erzählungen",Hermann_Essig_-_12_Novellen.txt,"»Geh hin,« sprach die Mäusin zum Mäuserich, »und kundschafte, ob du irgendwo einen fetten Ort findest, der mich mit meinen kleinen Mäuslein lange gut ernähren wird.«"
646,Mügge, Theodor,Eva,1858,"Romane, Novellen und Erzählungen",Theodor_Mügge_-_Eva.txt,Ich führe den Leser dieser Blätter an einen ziemlich abgelegenen Ort im nördlichen Deutschland.
647,Presber, Rudolf,Die Hexe von Endor,1932,"Romane, Novellen und Erzählungen",Rudolf_Presber_-_Die_Hexe_von_Endor.txt,"Erstens war die Feder so schlecht, wie sie auf kleinen Postämtern zu sein pflegt, wo jeder seine Wut darüber, daß er telegraphieren muß, an dem Schreibmaterial ausläßt. "
648,Kornfeld, Paul,Phrasen der Zeit,1931,"Romane, Novellen und Erzählungen",Paul_Kornfeld_-_Phrasen_der_Zeit.txt,"Vor wenigen Jahren war ich Zeuge dieser Gerichtsszene: Ein junger Mann war des Diebstahls angeklagt, und eine Zeugin, ein junges Mädchen, sollte über gewisse, mit dieser Affäre zusammenhängende Tatsachen aussagen."
649,Reventlow,Franziska zu,Der Selbstmordverein,1917,"Romane, Novellen und Erzählungen",Franziska_Gräfin_zu_Reventlow_-_Der_Selbstmordverein.txt,"Die Geschichte fing damit an, daß der junge Baron Henning bei einem Künstlerball eine Dame kennenlernte, die sich Lucy nannte und durchaus rätselhaft blieb."
650,Dreyer, Max,Die Siedler von Hohenmoor,1922,"Romane, Novellen und Erzählungen",Max_Dreyer_-_Die_Siedler_von_Hohenmoor.txt,Er schritt durch die Winternacht über die Heide. 
651,Beeker, Käthe van,Der Ring der Nuramaja,1919,Spannung und Abenteuer,Käthe_van_Beeker_-_Der_Ring_der_Nuramaja.txt,"Herr Baron, draußen ist ein reitender Bote, der Sie zu sprechen wünscht.« "
652,Wenger,Lisa,Der Garten,1924,"Romane, Novellen und Erzählungen",Lisa_Wenger_-_Der_Garten.txt,Um den kleinen viereckigen Kirchhof von Sanmarto stehen hohe Berge und schauen ernst auf die Toten herab.
653,Klostermann, Carl,Böhmerwaldskizzen,1890,"Romane, Novellen und Erzählungen",Carl_Klostermann_-_Böhmerwaldskizzen.txt,"Wenn ich dich zuerst nach Eisenstein führe, lieber Leser, so folge ich einer eingewurzelten Gepflogenheit: ich muss dich an dem einzigen Punkte absetzen, wo die Bahn das Herz unseres Waldgebirges berührt."
654,Wartenburg, Karl,Neue Propheten. Erster Band,1863,"Romane, Novellen und Erzählungen",Karl_Wartenburg_-_Neue_Propheten._Erster_Band.txt,"Es dunkelte, der Nordwind stürmte, der Schnee knisterte unter den Fußtritten der Menschen, welche mit hurtigem Schritte heim zu dem warmen Ofen und dem hellen Lichtschimmer der Lampe eilten."
655,Keller, Paul,Altenroda,1921,"Romane, Novellen und Erzählungen",Paul_Keller_-_Altenroda.txt,"Liebe Stadt, wenn ich dein gedenke, wird mir die Seele ruhig."
656,Skowronnek, Fritz,Der Wagehals,1928,"Romane, Novellen und Erzählungen",Fritz_Skowronnek_-_Der_Wagehals.txt,"Schrader in Makunischken hatte gut geschlafen, gut gefrühstückt und saß nun, behaglich eine lange Pfeife rauchend, an seinem Schreibtisch."
657,Harich, Walter,Der Schatten der Susette,1928,"Krimis, Thriller, Spionage",Walther_Harich_-_Der_Schatten_der_Susette.txt,"Seit sechs Wochen lebte Franz Margis, der Maler, jetzt in dem kleinen Badeort Sankt Lüne."
658,Wezel, Johann Karl,Herrmann und Ulrike / Band 1,1780,"Romane, Novellen und Erzählungen",Johann_Karl_Wezel_-_Herrmann_und_Ulrike_|_Band_1.txt,"Im Jahre nach Erschaffung der Welt, als die Damen kurze Absätze und niedrige Topés, die Herren große Hüte und kleine Haarbeutel, und Niemand leicht Gold auf dem Kleide trug, der nicht wenigstens Silber genug in der Tasche hatte, um es bezahlen zu können, wurde auf dem Schlosse des Grafen von Ohlau ein Knabe erzogen, der bey dem Publikum des dazu gehörigen Städtchens nicht weniger Aufmerksamkeit erregte und in den langen Winterabenden nicht weniger Stoff zur Unterhaltung gab, als Alexander, ehe er auf Abentheuer wider die Perser ausgieng. "
659,Sanzara, Rahel,Das verlorene Kind,1926,"Romane, Novellen und Erzählungen",Rahel_Sanzara_-_Das_verlorene_Kind.txt,Christian B. lebte in der zweiten Hälfte des vorigen Jahrhunderts als Domänenpächter auf dem Gute Treuen bei L. im nördlichen Deutschland.
660,Dauthendey, Elisabeth,Vivos voco,1908,"Romane, Novellen und Erzählungen",Elisabeth_Dauthendey_-_Vivos_voco.txt,"Es war der erste Abschied zwischen ihnen für eine sehr lange Zeit, für eine sehr große Entfernung."
661,Schwarzkopf, Nikolaus,Riesele: Geschichte eines kleinen Pferdes,1920,"Romane, Novellen und Erzählungen","Schwarzkopf,_Nikolaus_-_Riesele:_Geschichte_eines_kleinen_Pferdes-62943.txt","Trudel, die kleine, hochträchtige Stute, zog das mit frischem Gras beladene Wägelchen den tiefgleisigen Weg nach ihrem Stalle hinan, und der Bauer, der mit seinen drei Kindern oben auf dem Grase lag, sagte:
„Sie hat nun Feierabend für ein paar Wochen: morgen oder übermorgen wird sie uns ein Füllen schenken!”"
662,Georgy, Ernst,Die Berliner Range - Neue Bekenntnisse. Band IV.,1900,"Romane, Novellen und Erzählungen",Ernst_Georgy_-_Die_Berliner_Range_-_Neue_Bekenntnisse._Band_IV..txt,Frau Rat Bach saß auf dem Balkon und stopfte Strümpfe.
663,Federer, Heinrich,Umbrische Reisegeschichtlein,1917,"Romane, Novellen und Erzählungen",Heinrich_Federer_-_Umbrische_Reisegeschichtlein.txt,"Wenn nichts mehr aus der alten Zeit des Romulus und Remus redete und die letzten Jungen jener milden Wölfin von einem der vielen Abbruzzenjäger erschossen sind, und wenn die mittelalterlichen Städtekriege und die napoleonischen Feldzüge und die Amerikaner und die Museen alle Dokumente beiseite geschafft hätten, ein unbestechlicher Zeuge aus jenen Tagen bleibt: der Tiber."
664,Engel, Eduard,Königin Luise,1876,Romanhafte Biographien,Eduard_Engel_-_Königin_Luise.txt,"Am 10. März 1876 feiert das Deutsche Volk ein Fest zu Ehren des hundertjährigen Geburtstages einer Königin, an deren Namen sich für die Geschichte Preußens wie Deutschlands die bedeutsamsten Erinnerungen knüpfen."
665,Ruederer, Josef,Das Grab des Herrn Schefbeck,1912,"Humor, Satire",Josef_Ruederer_-_Das_Grab_des_Herrn_Schefbeck.txt,"Der Herr Michael Karl Borromäus Schefbeck war gerade dreiundfünfzig Jahre, vier Monate und einen Tag alt, als ihn an einem schönen Oktobernachmittag ein Schlaganfall aus diesem Leben abrief."
666,Leitner,Maria,Sandkorn im Sturm,1929,"Romane, Novellen und Erzählungen",Maria_Leitner_-_Sandkorn_im_Sturm.txt,"Sara hob den Spiegel mit der rechten Hand, mit der linken hielt sie über der Brust ein goldfarbenes, schillerndes Seidentuch fest."
667,Siebe, Josephine,Stille Kämpfer: Roman,1901,Historische Romane und Erzählungen,"Siebe,_Josephine_-_Stille_Kämpfer:_Roman-46940.txt","Weit hin dehnt sich das Land, kein Hügel, keine Berge hemmen den Blick."
668,Schücking, Levin,Eines Kriegsknechts Abenteuer,1861,"Romane, Novellen und Erzählungen",Levin_Schücking_-_Eines_Kriegsknechts_Abenteuer.txt,"In den letzten Jahren des siebenjährigen Krieges hatte Magdeburg, die große Elbfestung, das Hauptkriegsbollwerk des preußischen Staates, nach und nach eine Menge österreichischer Kriegsgefangener aufnehmen müssen."
669,Gerstäcker, Friedrich,Schwarz und Weiß,1865,"Romane, Novellen und Erzählungen",Friedrich_Gerstäcker_-_Schwarz_und_Weiß.txt,"Aus dem Farmerleben Missouris Erzählung Weit aus dem fernen Westen, da, wo die eisgekrönten Berge ihre zackigen Kuppen ineinanderdrängen und zwei Meeren, dem Atlantischen wie dem Stillen Ozean, die schäumenden Quellen zusenden; weit von daher, wo er sich seine rauhe Bahn durch die entsetzlichsten Felsmassen bricht, die er entweder mit starkem Arm zerreißt oder sich im tollkühnen Satz hinüberschwingt, um nachher, wie ob des gelungenen Wagstücks, Meilen lang weiter zu tanzen und zu sprudeln, – kommt der gewaltige Missouri herab, der ›schmutzige Strom‹, wie ihn der Indianer des Raubes wegen nennt, den er an seinem eigenen Ufer vollführt, oder der ›brüllende Strom‹ (roaring river), wie ihn erstaunt der Weiße taufte, als er da zuerst sein Bett erblickte, wo er Fall nach Fall, dem verfolgten Panther gleich, aus den Gebirgsschluchten sprang und erst dort still und geräuschlos seine Bahn vollendete, als er das schützende Dickicht der Niederung erreicht hatte und nun zwischen den riesigen Stämmen des Urwalds hin dem starken Bruder, dem Mississippi, in die Arme glitt. "
670,Stinde, Julius,Frau Buchholz im Orient,1888,"Humor, Satire",Julius_Stinde_-_Frau_Buchholz_im_Orient.txt,"An Sie, liebste Erika, wende ich mich, Sie haben ein fühlendes Herz; Sie werden meine Partei nehmen, wenn ich selbst ein Spiel der Haifische oder sonstiger Naturereignisse geworden bin und meinen Mund nicht mehr öffnen kann. "
671,Schaumberger, Heinrich,Fritz Reinhardt,1874,"Romane, Novellen und Erzählungen",Heinrich_Schaumberger_-_Fritz_Reinhardt.txt,Zwei junge Männer schritten am zweiten Pfingstfeiertag noch vor Sonnenaufgang zwischen fruchtbaren Saatfeldern am sanftabfallenden Hang des Kulm zum Steinschrot empor. 
672,Strobl,Karl Hans,Der Attentäter,1920,"Romane, Novellen und Erzählungen",Karl_Hans_Strobl_-_Der_Attentäter.txt,August wurde gegen den bekannten Reichsrats- und Landtagsabgeordneten Doktor Posolda ein Bombenattentat verübt.
673,Ganghofer, Ludwig,Der laufende Berg,1899,"Romane, Novellen und Erzählungen",Ludwig_Ganghofer_-_Der_laufende_Berg.txt,"Silberne Fäden, schimmernd in der Morgensonne, gaukelten durch die stille Luft; langsamen Fluges kamen sie aus dem Tal heraufgezogen, in dessen sonniger Tiefe das Dorf mit seiner Kirche und den hundert Häusern gleich einem weitschichtig ausgekramten Spielzeug zwischen den herbstlich gefärbten Berghängen lag."
674,Friedell, Egon,Die Rückkehr der Zeitmaschine,1946,Science Fiction,Egon_Friedell_-_Die_Rückkehr_der_Zeitmaschine.txt,"Ein begeisterter Verehrer, ja Verschlinger Ihrer sämtlichen Werke gestattet sich, eine bescheidene Anfrage an Sie zu richten, die Sie hoffentlich nicht allzusehr belästigt."
675,Rüttenauer, Benno,Pompadour,1921,"Romane, Novellen und Erzählungen",Benno_Rüttenauer_-_Pompadour.txt,"Die Privatleidenschaften der Mächtigen stehen, wenn auch noch so versteckt, weit öfter in ursächlichen Zusammenhängen mit den großen Welterschütterungen, als es naive Gemüter ahnen oder die Philosophen der Geschichte und Politik zugeben möchten, die es ihrer würdiger finden, über das Menschliche und Allzumenschliche vornehm hinwegzusehen und die Geister dafür in die furchtbare Zwangsjacke ihrer abstrakten Gesetze und Pragmatiken einzuengen. "
676,Supper, Auguste,Der Heß und sein Buch,1928,"Romane, Novellen und Erzählungen",Auguste_Supper_-_Der_Heß_und_sein_Buch.txt,"Der Heß, der nicht weit von meinem Pfarrhaus wohnt, ist nicht allein ein vorzüglicher Musikant, der die Fiedel streicht, daß einem das Herz lacht, und der auf einem x-beliebigen leeren Milchhafen Posaune blasen kann, daß sein Häuschen wackelt – er versteht auch die edle Schneiderkunst aus dem ff, ist dazu ein halber Tier- und Menschenarzt, der oft mehr weiß als ein ganzer, hat für jeden seiner Langenbacher Mitbürger und zu Zeiten auch für mich, seinen Nachbar, den Pfarrer, einen guten Rat bereit und ist absolut verschwiegen."
677,Brehmer, Fritz,Nebel der AndromedaDas merkwürdige Vermächtnis eines Irdischen,1920,Science Fiction,"Brehmer,_Fritz_-_Nebel_der_AndromedaDas_merkwürdige_Vermächtnis_eines_Irdischen-62575.txt","Ein Kapitän, der einige Jahre in den westindischen Gewässern kreuzte, traf dort, und zwar in Venezuela, mit einem Manne zusammen, dessen Erlebnisse zu dem Sonderbarsten zählen, von dem man gehört haben dürfte, und der auch sonst in seiner Persönlichkeit weit ab von den Bezirken des Alltäglichen stand."
678,Beradt, Martin,Die Straße der kleinen Ewigkeit,1965,"Romane, Novellen und Erzählungen",Martin_Beradt_-_Die_Straße_der_kleinen_Ewigkeit.txt,"Ephraim, genannt Frajim, hatte schon früh eine unbeherrschte Unterlippe; sie war väterliches und mütterliches Erbteil zugleich."
679,Weise, Paul,Im Westend-Hotel,1904,"Krimis, Thriller, Spionage",Paul_Weise_-_Im_Westend-Hotel.txt,Am 17. September 1900 schritt ein Herr durch den sinkenden Spätsommerabend auf den breiten Fußsteigen der stillen Helenenstraße dem Hause Nummer 68 zu.
680,Frank, Leonhard,Der Bürger,1924,"Romane, Novellen und Erzählungen","Frank,_Leonhard_-_Der_Bürger-67161.txt","Endlich beschloß der Gymnasiast Jürgen Kolbenreiher: ‚Wenn noch ein Auto kommt, bevor die Turmuhr fünf schlägt, geh ich hinein und kaufe die Broschüre ... Ehrenwort?"
681,Frank, Bruno,Der Reisepaß,1937,"Romane, Novellen und Erzählungen",Bruno_Frank_-_Der_Reisepaß.txt,"Unter den Arkaden, die den Marktplatz der tschechoslowakischen Grenzstadt Kumerau umgeben, kam an einem kalten Novemberabend des Jahres 1935 ein junger Mann daher, mit zögernden und vor Müdigkeit ungleichen Schritten. "
682,Eyth, Max,Die ersten Tanzschuhe,1904,"Romane, Novellen und Erzählungen",Max_Eyth_-_Die_ersten_Tanzschuhe.txt,"Wenn mir manchmal in einer ruhigen, gemütlichen Stunde, in der die Minuten vorüberschleichen, wie die Lämmlein am Himmel, so friedlich und stille, die gute schwäbische Reichsstadt, mein liebes Heilbronn, vor die Seele tritt, wie sie vor so und so vielen Jahren gewesen ist, da weiß ich oft nicht: möchte ich lieber lächeln oder weinen."
683,Kafka, Franz,Die Acht Oktavhefte,1916,"Romane, Novellen und Erzählungen",Franz_Kafka_-_Die_Acht_Oktavhefte.txt,Jeder Mensch trägt ein Zimmer in sich.
684,Bienenstein, Karl,Der Einzige auf der weiten Welt: Ein Menschenleben,1911,"Romane, Novellen und Erzählungen","Bienenstein,_Karl_-_Der_Einzige_auf_der_weiten_Welt:_Ein_Menschenleben-63630.txt",Winterstille im weiten Wald.
685,Asenijeff, Elsa,Unschuld: Ein modernes Mädchenbuch,1901,"Romane, Novellen und Erzählungen","Asenijeff,_Elsa_-_Unschuld:_Ein_modernes_Mädchenbuch-61670.txt",Bertha kam vom Pensionat heim.
686,Bobertag, Bianca,Eheglück: Roman,1899,"Romane, Novellen und Erzählungen","Bobertag,_Bianca_-_Eheglück:_Roman-62491.txt","Salzbrunn war in der Mitte der vierziger Jahre noch nicht der mit modernem Komfort eingerichtete, teure Badeort, der es heute ist."
687,Gangl, Josef,Geschichten aus dem Böhmerwald,1894,"Romane, Novellen und Erzählungen",Josef_Gangl_-_Geschichten_aus_dem_Böhmerwald.txt,"Da fährt nun auch die Eisenbahn in die böhmischen Wälder hinein, mitten in jene unvergleichliche Bergwelt, welche von Schiller wohl darum zum Schauplatz seiner Räuber gewählt wurde, weil der Große in den weiten deutschen Landen hier die stattlichsten Reste einer romantischen, großartigen Urwaldnatur ahnte."
688,Bechstein, Ludwig,Die schönsten Märchen,1862,"Märchen, Sagen, Legenden",Ludwig_Bechstein_-_Die_schönsten_Märchen.txt,"Es war einmal eine Königin, die hatte keine Kinder und wünschte sich eins, weil sie so ganz einsam war."
689,Spielhagen, Friedrich,Ein neuer Pharao,1889,"Romane, Novellen und Erzählungen",Friedrich_Spielhagen_-_Ein_neuer_Pharao.txt,"Der Diener, welcher die Karten der beiden im Vorzimmer wartenden jungen Damen überreicht hatte, harrte des Bescheides."
690,Supper, Auguste,Die Hexe von Steinbronn,1911,"Romane, Novellen und Erzählungen",Auguste_Supper_-_Die_Hexe_von_Steinbronn.txt,"Die Steinbronner hatten seitdem wie andere Christenmenschen auch geglaubt, nur die vielfältigen Laster der Irdischen stammten aus des leidigen Teufels Arsenal."
691,Jansen, Werner,Die irdische Unsterblichkeit: Roman,1924,"Romane, Novellen und Erzählungen","Jansen,_Werner_-_Die_irdische_Unsterblichkeit:_Roman-64133.txt","Das Leben beginnt nicht, wenn einer die Welt beschreit."
692,Hirschfeld, Georg,Die Belowsche Ecke,1914,"Romane, Novellen und Erzählungen",Georg_Hirschfeld_-_Die_Belowsche_Ecke.txt,"Am Stammtisch des Weinhauses Jonathan Below, Unter den Linden, Ecke der Schadowstraße, entstand eine lebhafte Bewegung."
693,Gfeller, Simon,Geschichten aus dem Emmental,1914,"Romane, Novellen und Erzählungen",Simon_Gfeller_-_Geschichten_aus_dem_Emmental.txt,"Hansueli Reber, vielgeprüfter, unvergeßlicher Freund, Dein liebes Bild möchte ich in diesen Blättern festhalten ... Der letzte Schlag der Totenglocke war am Verhallen; zitternd erstarben die leisen Klänge in der weichen Luft des mildwarmen Nachsommertages."
694,Holitscher, Arthur,Adela Bourkes Begegnung,1920,"Romane, Novellen und Erzählungen",Arthur_Holitscher_-_Adela_Bourkes_Begegnung.txt,"Von ferne her, die Häuserreihe des stillen Platzes entlang, kam ein Gefährt gehumpelt: eine bunt bemalt Kiste auf ungleichen Rädern."
695,Hennings, Emmy,Gefängnis,1919,"Romane, Novellen und Erzählungen",Emmy_Hennings_-_Gefängnis.txt,Inzwischen sind drei Monate vergangen.
696,Apel/Laun,,Gespensterbuch. Fünftes Bändchen,1815,Phantastische Literatur,A._Apel_und_F._Laun_-_Gespensterbuch._Fünftes_Bändchen.txt,"Vor mehrern hundert Jahren, als eben einmal ein rother, herrlicher Sonnenuntergang die Einförmigkeit des Waldes mit mannichfachen Lichtern und Schatten belebte, kam ein junger Gesell des Weges, nahm grade da, wo die Straße auseinander ging, sein schweres Bündel vom Rücken, und setzte sich unter einem alten Tannenbaume nieder."
697,Dominik, Hans,Wunder des Schmelztiegels,1944,Historische Romane und Erzählungen,Hans_Dominik_-_Wunder_des_Schmelztiegels.txt,"Ein Gespräch und ein Experiment In der Beletage eines stattlichen Hauses am Neuen Markt in Berlin sitzen sie zu zweit an einem runden Tisch, Herr Friedrich Zorn, der im Erdgeschoß des Gebäudes eine »Churfürstlich privilegierte Apotheke« betreibt, und der Pastor Primarius Gotthelf Jeremias Porst aus Malchow."
698,Schieber, Anna,Heimat: Erzählungen,1915,"Romane, Novellen und Erzählungen","Schieber,_Anna_-_Heimat:_Erzählungen-67701.txt",Das Glöcklein an der Ladentür der Schmidbergerin bimmelte heut den ganzen Tag.
699,Aston, Luise,Lydia,1848,"Romane, Novellen und Erzählungen",Louise_Aston_-_Lydia.txt,"»Das nenn' ich in der That ein eigenthümliches Spiel des Zufalls, Cornelia, daß ich Sie hier wiedertreffen muß!« – rief ein junger Mann in elegantem Reisekostüm auf der Promenade des deutschen Bades Pr---t einer nicht minder elegant, aber weniger geschmackvoll gekleideten Dame zu, deren ganze Erscheinung den Eindruck machte, als wollte sie den natürlichen Reiz der Jugend, welcher den Zügen ihres Gesichts bereits entflohen war, durch künstliche Mittel mit Gewalt an sich fesseln. "
700,Rank, Josef,Aus Dorf und Stadt. Zweiter Theil,1860,"Romane, Novellen und Erzählungen",Josef_Rank_-_Aus_Dorf_und_Stadt._Zweiter_Theil.txt,Den Hohlweg des Dorfes herauf kam ein Zug Haustiere wie von einer frommen Wanderung zurück.
701,Avenarius, Ferdinand,Der gestiefelte Kater,1812,"Märchen, Sagen, Legenden",Ferdinand_Avenarius_-_Der_gestiefelte_Kater.txt,"Ja, nun war der gute Vater tot, und der dicke Karl hatte die Mühle bekommen und der dünne Friedrich den Esel, aber für den Jüngsten war gar nichts übrig geblieben, als der Kater."
702,Hoffmann, E.T.A.,Der goldne Topf,1814,"Romane, Novellen und Erzählungen",E.T.A._Hoffmann_-_Der_goldne_Topf.txt,"Am Himmelfahrtstage, nachmittags um drei Uhr, rannte ein junger Mensch in Dresden durchs Schwarze Tor, und geradezu in einen Korb mit Äpfeln und Kuchen hinein, die ein altes häßliches Weib feilbot, so daß alles, was der Quetschung glücklich entgangen, hinausgeschleudert wurde, und die Straßenjungen sich lustig in die Beute teilten, die ihnen der hastige Herr zugeworfen."
703,Hirschberg, Herbert,Asche,1920,"Romane, Novellen und Erzählungen",Herbert_Hirschberg_-_Asche.txt,"»Hu! hu! hu!« klang es aus dem Kinderknäuel, in dessen Mitte zwei blonde Büblein ringend am Boden lagen."
704,Graeser, Erdmann,Lemkes sel. Wwe. Das falsche Gebiß - Der blaue Amtsrichter - Berlin WW,1928,"Humor, Satire",Erdmann_Graeser_-_Lemkes_sel._Wwe._Das_falsche_Gebiß_-_Der_blaue_Amtsrichter_-_Berlin_WW.txt,Seit April wohnten Lemkens in der Potsdamer Straße.
705,Wassermann, Jakob,Der Mann von vierzig Jahren,1913,"Romane, Novellen und Erzählungen","Wassermann,_Jakob_-_Der_Mann_von_vierzig_Jahren-15736.txt","Man weiß von Sternen, die ohne ergründbare Ursache ihr Licht verlieren, um entweder für kurze Frist oder für immer in die Finsternis des unendlichen Raums zu entschwinden; so gibt es auch Menschen, deren Schicksal von einem gewissen Zeitpunkt ab in Dämmerung und Dunkelheit gleitet."
706,Gerstäcker, Friedrich,Aus zwei Welttheilen. Erster Band.Gesammelte Erzählungen,1854,"Romane, Novellen und Erzählungen","Gerstäcker,_Friedrich_-_Aus_zwei_Welttheilen._Erster_Band.Gesammelte_Erzählungen-50187.txt","Vor Jahren, und noch nicht einmal vor so gar _langen_ Jahren, war eine Reise von mehr als zwanzig Meilen ein Gegenstand, der nicht allein jede nur erdenkliche Vorbereitung erforderte, sondern den Reisenden selbst fast wie einen tollkühnen Wagehals erscheinen ließ, der sein eigenes Leben und die Ruhe seiner Verwandten und Freunde keinen Deut hoch achtete, sondern nur, ein zweiter Robinson Crusoe, Lust habe, seine Tage unter Wilden und Cannibalen zu beschließen.                           1"
707,Haarhaus, Julius R.,Der Marquis von Marigny,1903,Historische Romane und Erzählungen,Julius_R._Haarhaus_-_Der_Marquis_von_Marigny.txt,"Die Sonne hatte sich daran gewöhnt, alljährlich gegen Ende Oktober, ehe sie hinter den Türmen von St. Florin zur Rüste ging, noch einen Blick in das einzige, aber desto geräumigere Mansardenzimmer des Hauses »Zum englischen Gruß« an der Kornpforte zu tun und die kahlen, getünchten Wände für einen Augenblick in eitel Abendröte zu verwandeln."
708,Günther,Agnes,Die Heilige und ihr Narr,1915,"Romane, Novellen und Erzählungen",Agnes_Günther_-_Die_Heilige_und_ihr_Narr.txt,"Ein dichter Nebel lag drei Tage über dem Waldland, dann kam die scharfe Kälte, und nun hat der Wald sein schönstes Weihnachtskleid angezogen."
709,Storm,Theodor,Ein Bekenntnis,1910,"Romane, Novellen und Erzählungen",Theodor_Storm_-_Ein_Bekenntnis.txt,"Es war zu Ende des Juni 1856, als ich eine alte Verwandte zu ihrem gewöhnlichen Sommeraufenthalt in der Brunnenstadt Reichenhall begleitet hatte, diesem zwischen Felsen eingekeilten Brutnest, von dem man sich nur wundern muß, daß die Ortsleute nicht die Brunnengäste allein dort wohnen lassen."
710,Schumann, J. C.,Wer kennt Doktor Eggebrecht?,1939,"Krimis, Thriller, Spionage",J._C._Schumann_-_Wer_kennt_Doktor_Eggebrecht?.txt,"Am siebzehnten November, abends ein Viertel vor sieben Uhr, wurde der Assistenzarzt Doktor Eggebrecht im Vorgarten seines Hauses, wenige Schritte vor dem Eingang zu seiner Wohnung, tot aufgefunden."
711,Meding, Oskar,Kreuz und Schwert,1875,"Romane, Novellen und Erzählungen",Gregor_Samarow_-_Kreuz_und_Schwert.txt,"Die sinkende Sonne eines Spätsommertages des Jahres 1869 sendete ihre schrägen Strahlen über die einfache und gleichmäßige, aber üppig frische Landschaft, welche in der Nähe von Düsseldorf den breit und ruhig dahinfließenden Rheinstrom einfaßt. "
712,Holitscher, Arthur,Geschichten aus zwei Welten,1914,"Romane, Novellen und Erzählungen",Arthur_Holitscher_-_Geschichten_aus_zwei_Welten.txt,"Eine Begegnung mit Herrn »Howard Curle« Wir sind früh in den Palazzo Pitti gekommen, in den Sälen ist kaum noch ein Mensch. "
713,Duboc,Charles Edouard,Don Adone,1883,"Romane, Novellen und Erzählungen",Robert_Waldmüller_(Charles_Edouard_Duboc)_-_Don_Adone.txt,"Die nachfolgende höchst sonderbare Geschichte ist von Anfang bis zu Ende buchstäblich wahr, trotzdem daß sie vor gar langer Zeit passiert ist, und daß sich sehr entlegne Begebenheiten im Laufe der Jahre durch allerlei einfältige Zusätze ins Lügenhafte zu verkehren pflegen."
714,Ebner-Eschenbach, Marie Freifrau von,Bozena,1875,"Romane, Novellen und Erzählungen",Marie_von_Ebner-Eschenbach_-_Bozena.txt,Leopold Heißenstein war der reichste und einer der geachtetsten Bürger des mährischen Landstädtchens Weinberg.
715,Gall, Louise von,Der neue Kreuzritter,1853,"Romane, Novellen und Erzählungen",Louise_von_Gall_-_Der_neue_Kreuzritter.txt," Im Speisesaale des Gasthofes Zum Römischen Kaiser in Frankfurt am Main saßen drei junge Männer beim Nachtisch; da sie gewohnt waren, später zu speisen, als zur gewöhnlichen Eßstunde, so ließen sie sich täglich ihre Mahlzeit besonders auftragen, – und dieses gemeinschaftliche Mahl war auch die Veranlassung ihrer näheren Bekanntschaft geworden. "
716,Gutzkow, Karl,Der Zauberer von Rom. IV. Buch,1858,"Romane, Novellen und Erzählungen",Karl_Gutzkow_-_Der_Zauberer_von_Rom._IV._Buch.txt,An einem milden Novemberabend wurde Graf Truchseß-Gallenberg mit einem Aufgebot zahlreicher Truppen von seinem kirchenfürstlichen Stuhl entfernt und gefangen in eine ostwärts gelegene Festung geführt – mit ihm sein Kaplan und Secretär Eduard Michahelles.
717,Falke, Gustav,Der Spanier: Novelle,1910,"Romane, Novellen und Erzählungen","Falke,_Gustav_-_Der_Spanier:_Novelle-60583.txt","Auf und ab flog die Schaukel, und Blanche, in weißem Kleide, ganz in Sonne gehüllt, stand aufrecht darin und konnte sich nicht genug tun."
718,Perfall, Anton von,Die Finsternis und ihr Eigentum,1915,"Romane, Novellen und Erzählungen",Anton_von_Perfall_-_Die_Finsternis_und_ihr_Eigentum.txt,Die Höhen mit ihren Parkanlagen erglühten noch im pomphaften Lichte eines stahlklaren Winterabends.
719,Eyth, Max,Der Kampf um die Cheopspyramide,1902,"Romane, Novellen und Erzählungen",Max_Eyth_-_Der_Kampf_um_die_Cheopspyramide.txt,"»Hydor men ariston!« rief ich in verzeihlicher Erregung, als mir plötzlich ein dreißig Zentimeter dicker Strahl gelben Nilwassers aus der Rohrmündung entgegenschoß, in deren schwarzen, gurgelnden Schlund ich eine Minute lang sorglich geblickt hatte."
720,Feilitzsch, Caroline von,Der Irrweg der Myntje Kollart,1910,"Romane, Novellen und Erzählungen",Caroline_von_Feilitzsch_-_Der_Irrweg_der_Myntje_Kollart.txt,"Die Großeltern In Gedanken vertieft, wanderte Pfarrer Kramer, der jugendliche Prediger von Ondoliet, den Fußweg entlang, der zwischen Wiesen und Aeckern zu dem einfachen Häuschen des Meisters Booyen führte."
721,Schücking, Levin,Der Sohn eines berühmten Mannes,1856,"Romane, Novellen und Erzählungen",Levin_Schücking_-_Der_Sohn_eines_berühmten_Mannes.txt,"Die Herzogin konnte die Heldin einer großen Partei werden, sie wurde aber nur eine Abenteurerin, weil sie ihre Liebschaften höher hielt als die Politik."
722,Wezel, Johann Karl,Satirische Erzählungen,1778,"Romane, Novellen und Erzählungen",Johann_Karl_Wezel_-_Satirische_Erzählungen.txt,"Silvan kehrte nach drei unangenehmen akademischen Jahren in den Schoß seiner Familie und seiner Bauern, zum Herzeleide aller Hasen und Rebhühner, zurück und hatte kaum bei den auserlesensten ländlichen Feierlichkeiten, unter Abfeurung eines Mörsers, den Tilly auf seinem Rückzuge aus Sachsen in dem Dorfe zurückgelassen, und des sämtlichen Gewehrs aus der großväterlichen Rüstkammer, sich den Eid der Treue schwören lassen, als er schon den Antritt seines Regiments durch eine merkwürdige Tat verherrlichte."
723,Bahr, Hermann,Leander,1899,"Romane, Novellen und Erzählungen",Hermann_Bahr_-_Leander.txt,"Ja, gleich um die Ecke! Rechts, wenn man hinuntergeht, neben dem Gewürzkrämer, gerade dem Fenster gegenüber, wo die vier nassen Zwilchhosen hängen. "
724,May, Karl,Winnetou II,1888,"Romane, Novellen und Erzählungen",Karl_May_-_Winnetou_II.txt,"Kaum ist der erste Band von Winnetou ausgegeben worden, so gehen von den Lesern desselben schon zahlreiche Fragen nach dem weiteren Verlaufe der Ereignisse bei mir ein."
725,Polenz, Wilhelm von,Der Pfarrer von Breitendorf Erster Band,1904,"Romane, Novellen und Erzählungen",Wilhelm_von_Polenz_-_Der_Pfarrer_von_Breitendorf_Erster_Band.txt,Pfarrer Gerland hatte seine dritte Predigt in Breitendorf gehalten.
726,Meyer-Förster, Wilhelm,Heidenstamm,1901,"Romane, Novellen und Erzählungen",Wilhelm_Meyer-Förster_-_Heidenstamm.txt,"Joseph von Heidenstamm war einer der ersten, der in Hannover von der überraschenden und zunächst fast unglaublich klingenden Nachricht Kenntnis erhielt."
727,Schmidt,Maximilian,Der Bubenrichter von Mittenwald,1891,"Humor, Satire",Maximilian_Schmidt_-_Der_Bubenrichter_von_Mittenwald.txt,Die Bubenbruderschaft in Mittenwald ist eine uralte und hochinteressante Stiftung.
728,Reventlow, Franziska zu,Von Paul zu Pedro,1912,"Romane, Novellen und Erzählungen",Franziska_Gräfin_zu_Reventlow_-_Von_Paul_zu_Pedro.txt,"Ja, nun sind Sie wieder fort, lieber Freund – Sie fehlen mir sehr, und ich denke mit einiger Wehmut an unser Beisammensein, vor allem an unsere ›Teegespräche‹ zurück."
729,Corony, Blanda,Wen trifft die Schuld?,1900,"Romane, Novellen und Erzählungen",Blanda_Corony_-_Wen_trifft_die_Schuld?.txt,Unruhig schritt der Universitätsprofessor Feldern in seinem Arbeitszimmer auf und ab.
730,Salten, Felix,Die Geliebte Friedrichs des Schönen,1908,Historische Romane und Erzählungen,Felix_Salten_-_Die_Geliebte_Friedrichs_des_Schönen.txt,"In Ischl, auf der Esplanade."
731,Roth, Joseph,Die Legende vom heiligen Trinker und andere Erzählungen,1939,"Romane, Novellen und Erzählungen",Joseph_Roth_-_Die_Legende_vom_heiligen_Trinker_und_andere_Erzählungen.txt,"Die Aprilnacht, in der ich ankam, war wolkenschwer und regenschwanger."
732,Rilke, Rainer Maria,Die Letzten,1901,"Romane, Novellen und Erzählungen","Rilke,_Rainer_Maria_-_Die_Letzten-31199.txt","Man kann gut denken, dass Bilder im Saale sind: tiefe, träumerische in ruhigen Rahmen."
733,Holtei, Karl von,Ein Mord in Riga / 1. Kapitel,1855,"Krimis, Thriller, Spionage",Karl_von_Holtei_-_Ein_Mord_in_Riga_|_1._Kapitel.txt,"In der zweiten Hälfte des Monats August (griechischen Stiles) im Jahre 183* fuhr eine mit sieben kleinen litauischen Postpferden bespannte Reisekutsche am Gasthofe des Herrn Zehr, dem besten Hotel von Kurlands Hauptstadt, vor."
734,Hollaender, Felix,Salomons Schwiegertochter,1920,"Romane, Novellen und Erzählungen",Felix_Hollaender_-_Salomons_Schwiegertochter.txt,"Die Kinder werfen den Ball in den blauen Aether – und fangen sie ihn glücklich wieder auf, jauchzen sie vor Lust."
735,Betsch, Roland,Ballade am Strom,1939,"Romane, Novellen und Erzählungen",Roland_Betsch_-_Ballade_am_Strom.txt,"Peter Aust, fünfunddreißig Jahre alt, einsam hausend in einer Entenfängerhütte am Rhein, schreibt an Klaus Ringeis, sechsunddreißig Jahre alt, Farmer in Sorocaba Sao Paulo."
736,Helm, Clementine,Backfischchen's Leiden und Freuden: Eine Erzählung für junge Mädchen,1863,"Romane, Novellen und Erzählungen","Helm,_Clementine_-_Backfischchen's_Leiden_und_Freuden:_Eine_Erzählung_für_junge_Mädchen-48064.txt","Der Wagen war vorgefahren, Friedrich knallte mit der Peitsche und die Braunen stampften ungeduldig den Fußboden."
737,Grad, Max,Unsere liebe Frau. Erster Band,1906,"Romane, Novellen und Erzählungen",Max_Grad_-_Unsere_liebe_Frau._Erster_Band.txt,"Die Mitglieder des Kegelklubs im Finkengaßl sind heute, nach den Sommermonaten, zum ersten Male wieder beisammen."
738,Lauff, Joseph von,Anne-Susanne,1915,"Romane, Novellen und Erzählungen",Joseph_von_Lauff_-_Anne-Susanne.txt,"Der Nebel kroch mit weichen, lautlosen Tatzen über die Spellner Heide bei Wesel."
739,Fouqué, Friedrich,Die Saga von dem Gunlaugur genannt Drachenzunge und Rafn dem Skalden,1826,"Märchen, Sagen, Legenden",Friedrich_de_la_Motte_Fouqué_-_Die_Saga_von_dem_Gunlaugur_genannt_Drachenzunge_und_Rafn_dem_Skalden.txt,Thorstein hieß ein Mann auf der Insel Island.
740,Gerstäcker, Friedrich,Alle jagen John Mulligan,1860,Spannung und Abenteuer,Friedrich_Gerstäcker_-_Alle_jagen_John_Mulligan.txt,"In früheren Jahren war Australien nichts als eine Verbrecherkolonie, und immer neue Schiffsladungen voll Missetäter wurden von England aus hinübergeschickt."
741,Meißner, August Gottlieb,Kriminalgeschichten. Erster Theil,1786,"Krimis, Thriller, Spionage",_-_Kriminalgeschichten._Erster_Theil.txt,"Auf einem Dorfe ungefähr eine starke Meile von Dresden, Birnichen mit Nahmen, lebte vor wenig Jahren ein Bauer, Nahmens Heine; er besaß einiges Vermögen, und einen unbescholtenen Ruf, so lang er ledig blieb. "
742,Solitaire, M.,Großmutter Schlangenbraut,1909,Phantastische Literatur,M._Solitaire_-_Großmutter_Schlangenbraut.txt,"Woldemar Nürnberger, der sich als Schriftsteller M. Solitaire nannte, erblickte das Licht der Welt zu Sorau am 10. Oktober 1818 als Sohn des Postdirektors Joseph Emil Nürnberger (geb. 1779 zu Magdeburg, gest. 1848 zu Landsberg a. d. W.), eines hochgebildeten, wissenschaftlich und literarisch stark interessierten Mannes, der sich durch zahlreiche Schriften bekannt gemacht hat."
743,Petzold,Alfons,Sevarinde,1923,"Romane, Novellen und Erzählungen",Alfons_Petzold_-_Sevarinde.txt,"Von früher Jugend an hegte ich den heißen Wunsch, ferne Länder zu sehen, den geheimnisvollen Dingen, von denen mich die Meere trennten, nahe zu kommen."
744,Freytag, Gustav,Bilder aus der deutschen Vergangenheit,1867,Historische Romane und Erzählungen,Gustav_Freytag_-_Bilder_aus_der_deutschen_Vergangenheit.txt,"Von Klöstern und Bischofsitzen verbreitete sich eine Bildung, die in ihrer Literatur noch fast ganz lateinisch, in ihren praktischen Forderungen fast ganz deutsch war."
745,Hopfen, Hans,Der alte Praktikant,1878,"Romane, Novellen und Erzählungen",Hans_Hopfen_-_Der_alte_Praktikant.txt,"Es war Frühmorgen im Herbste, da saßen zwei Bauern in einer halbvergilbten Laube des »Hofgartens«."
746,Martens, Kurt,Die junge Cosima,1937,"Romane, Novellen und Erzählungen",Kurt_Martens_-_Die_junge_Cosima.txt,"Von früher Kindheit her ist der Name Cosima Wagner meinem Ohr vertraut und, seit ich kurz nach bestandenem Abitur die Bayreuther Festspiele besuchen durfte, auch Gestalt und Antlitz der bewunderungswürdigen Frau meinem Herzen."
747,Stilgebauer, Edward,Bürgerin Louise,1919,Historische Romane und Erzählungen,Edward_Stilgebauer_-_Bürgerin_Louise.txt,"Kein Wort wurde seitdem verändert, keines weggelassen, und keines hinzugefügt. "
748,Stifter, Adalbert,Bergkristall,1853,"Romane, Novellen und Erzählungen",Adalbert_Stifter_-_Bergkristall.txt,"Unsere Kirche feiert verschiedene Feste, welche zum Herzen dringen."
749,Richter, Jean Paul,Das heimliche Klaglied der jetzigen Männer,1801,"Romane, Novellen und Erzählungen",Jean_Paul_-_Das_heimliche_Klaglied_der_jetzigen_Männer.txt,"Räsonierender Katalog der handelnden Personen – der Aprilnarr Kleidete ich diese Ruhestunde in einen Komödienzettel ein, so höb' ich freilich an: der Schauplatz ist in Krehwinkel, einem hübschen, aber sehr kotigen und steinichten Landstädtchen in Flachsenfingen, woraus drei farbenstriemige Holz-Ellenbogen jeden, der sich unter dem Tore nach Wegweisern umsieht, in drei Weltgegenden versenden. "
750,Musil,Robert,Tonka,1922,"Romane, Novellen und Erzählungen",Robert_Musil_-_Tonka.txt,An einem Zaun.
751,Lewald,Fanny,Jenny,1843,"Romane, Novellen und Erzählungen",Fanny_Lewald_-_Jenny.txt,"Bei Gerhard, dem ersten Restaurant einer großen deutschen Handelsstadt, hatte sich im Spätherbst des Jahres 1832 nach dem Theater eine Gesellschaft von jungen Leuten in einem besondern Zimmer zusammengefunden, die anfänglich während des Abendessens heiter die Begegnisse des Tages besprach, allmählich zu dem Theater und den Schauspielern zurückkehrte und nun in schäumendem Champagner auf das Wohl einer gefeierten Künstlerin, der Giovanolla, trank, welche an jenem Abende die Bühne betreten hatte."
752,Langgässer," Elisabeth, Gabriele",Triptychon des Teufels,1932,"Romane, Novellen und Erzählungen",Elisabeth_Langgässer_-_Triptychon_des_Teufels.txt,"In O., einer kleinen Stadt am Rhein, trug sich im Jahre 1920, während der französischen Besatzung, folgendes Begebnis zu: Eine junge Wirtsfrau, nachts in den Kissen sitzend, weil sie hochschwanger und daher beim Atmen behindert war, glaubte plötzlich entferntes Trommeln zu hören, das, je nach der Richtung des Windes, sich bald zu nähern, bald zu entfernen schien."
753,Megede, Johann Richard zur,Die Tugendgans,1903,"Romane, Novellen und Erzählungen",Johannes_Richard_zur_Megede_-_Die_Tugendgans.txt,Eine kleine Stadt. 
754,Stratz, Rudolf,Das Schiff ohne Steuer,1921,"Romane, Novellen und Erzählungen",Rudolph_Stratz_-_Das_Schiff_ohne_Steuer.txt,"Unter dem Maienhimmel von 1882, der über Göttingens Giebeln blaute, im Sonnengold über dem holprigen Pflaster, sah man von dem heißen Tagesschein außen durch die offene Tür den Saal der »Alten Fink« nur im Dämmerschatten. "
755,Storm, Theodor,Auf der Universität,1863,"Romane, Novellen und Erzählungen",Theodor_Storm_-_Auf_der_Universität.txt,"Ich hatte keine Schwester, welche mir den Verkehr mit Mädchen meines Alters hätte vermitteln können; aber ich ging in die Tanzschule."
756,Glaubrecht, O. (Otto),Der Kalendermann vom Veitsberg: Eine Erzählung für das Volk,1845,"Romane, Novellen und Erzählungen","Glaubrecht,_O._(Otto)_-_Der_Kalendermann_vom_Veitsberg:_Eine_Erzählung_für_das_Volk-15756.txt","Sehet an, lieben Brüder, euren Beruf. "
757,Rosegger, Peter,Waldheimat,1877,"Romane, Novellen und Erzählungen",Peter_Rosegger_-_Waldheimat.txt,"Beim Kreuzwirt auf der Höh' saßen sie um den großen Tisch herum: Fuhrleute von oben und unten, Gewerbsleute von Pöllau und Vorau, Holzarbeiter vom Rabenwald und Masenberg, Grenzwächter von der ungarischen Markung."
758,Auer, Adelheid von,Fußstapfen im Sande. Dritter Band,1868,"Romane, Novellen und Erzählungen",Adelheid_von_Auer_-_Fußstapfen_im_Sande._Dritter_Band.txt," Der Schlaf breitete noch seine schützenden Flügel über das kleine Haus im Walde, hielt noch die Augen der Bewohner desselben geschlossen, als Arnold mit dem anbrechenden Morgen dorthin zurückkehrte, ruheloser in seinem Innern, gebeugter als da er es verlassen."
759,Scheerbart, Paul,Machtspässe,1904,"Romane, Novellen und Erzählungen",Paul_Scheerbart_-_Machtspässe.txt,Auf staubigen Blumen sitzen müde Käfer.
760,Sohnrey, Heinrich,Der Bruderhof :  Eine bäuerliche Liebes- und Leidens-Geschichte,1897,"Romane, Novellen und Erzählungen","Sohnrey,_Heinrich_-_Der_Bruderhof_:__Eine_bäuerliche_Liebes-_und_Leidens-Geschichte-70454.txt","Drüben die laubholzreichen Siebenberge oder Sieben Brüder, wie die eigentümliche siebenköpfige Leinebergkette zwischen Alfeld und Gronau wohl auch genannt wird; hüben die südwestlichen Ausläufer des Hildesheimer Waldes, deren wohlgepflegten Forsten Axt und Pflugschar in den letzten Jahrzehnten vielfach breite dunkelgrüne Ackerstücke abzwang, strotzend im herrlichen Wachstum der Urkraft."
761,Bechstein, Ludwig,Der Dunkelgraf,1854,"Romane, Novellen und Erzählungen",Ludwig_Bechstein_-_Der_Dunkelgraf.txt,"Geheimnißvoll murmeln die Wellen  und schlagen nur leise an die Ufer des friedlichen Busens, in welchen das Flüßchen       Jahde, vorüber rinnend an den einzelnen Häusern des friesischen Dorfes gleichen Namens und der Jahdekirche, sich geräuschlos einsenkt, um dann als breite Stromfläche aus dem zur Fluthzeit fast gerundet erscheinenden Becken mit dem Weserausstrome sich zu vereinen und in die Nordsee sich zu ergießen."
762,Mügge, Theodor,Eine Lebensfrage,1867,"Romane, Novellen und Erzählungen",Theodor_Mügge_-_Eine_Lebensfrage.txt,"Es war ein Frühlingstag, einer der ersten warmen und schönen, der die Blüthen an den Aepfelbäumen aufrollte, welche in dem Gärtchen des Doctors Johannes Gerber standen, und die Knospen an dem alten großen Kastanienbaum platzen ließ, der zur Sommerzeit die Fenster seines Studirzimmers dicht beschattete."
763,Watzlik, Hans,Ums Herrgottswort,1926,"Romane, Novellen und Erzählungen",Hans_Watzlik_-_Ums_Herrgottswort.txt,"Wo das Gebirg gegen die Donau niedergeht, mitten im Wald, läutete ein Hammer hastig in den grämlichen Tag und zerstückte mit seinem Schlag ebenmäßig das schwere, endlose Rauschen des Stromes und das müdere Sausen des herbstlichen Laubes."
764,Suttner, Bertha von,Franzl und Mirzl,1905,"Romane, Novellen und Erzählungen",Bertha_von_Suttner_-_Franzl_und_Mirzl.txt,"»Soll ich euch eine Geschichte aus meiner Jugend erzählen?« fragte die lustige, weißhaarige Tante."
765,Heyking, Elisabeth von,Der Tag Anderer,1905,"Romane, Novellen und Erzählungen",Elisabeth_von_Heyking_-_Der_Tag_Anderer.txt,Graf und Gräfin Mallone waren in Washington sehr beliebt.
766,Möllhausen, Balduin,Das Mormonenmädchen. Band II,1858,"Romane, Novellen und Erzählungen",Balduin_Möllhausen_-_Das_Mormonenmädchen._Band_II.txt,"Hertha Jansen, welcher sich Demoiselle Corbillon, noch immer zitternd vor Angst, wieder zugesellte, hatte vom Innern der Hütte aus alle Vorgänge, die draußen stattfanden, mit regster Teilnahme verfolgt."
767,Grillparzer,Franz,Der arme Spielmann,1847,"Romane, Novellen und Erzählungen",Franz_Grillparzer_-_Der_arme_Spielmann.txt,"In Wien ist der Sonntag nach dem Vollmonde im Monat Juli jedes Jahres samt dem darauffolgenden Tage ein eigentliches Volksfest, wenn je ein Fest diesen Namen verdient hat."
768,Schnitzler, Arthur,Spiel im Morgengrauen,1927,"Romane, Novellen und Erzählungen",Arthur_Schnitzler_-_Spiel_im_Morgengrauen.txt,"»Herr Leutnant! . . . Herr Leutnant! . . . Herr Leutnant! Erst beim dritten Anruf rührte sich der junge Offizier, reckte sich, wandte den Kopf zur Tür; noch schlaftrunken, aus den Polstern, brummte er: »Was gibt's?« dann, wacher geworden, als er sah, daß es nur der Bursche war, der in der umdämmerten Türspalte stand, schrie er: »Zum Teufel, was gibt's denn in aller Früh'?« »Es ist ein Herr unten im Hof, Herr Leutnant, der den Herrn Leutnant sprechen will.« "
769,Gotthelf, Jeremias,Barthli der Korber,1852,"Romane, Novellen und Erzählungen",Jeremias_Gotthelf_-_Barthli_der_Korber.txt,Im rueßigen Graben am südlichen Abhang hing ein kleines Häuschen.
770,Groner,Auguste,Der rote Merkur,1910,"Romane, Novellen und Erzählungen",Josef_Gangl_-_Der_zertrümmerte_Pflug.txt,"Ein gräßlicher, naßkalter Tag war der letzte Tag des Novembers."
771,Raabe, Wilhelm,Eulenpfingsten,1875,"Romane, Novellen und Erzählungen",Wilhelm_Raabe_-_Eulenpfingsten.txt,Die Sonne hatte den ganzen Tag geschienen und ging sehr schön unter über Frankfurt am Main.
772,Weinert-Wilton, Louis,Der Teppich des Grauens,1934,"Krimis, Thriller, Spionage",Louis_Weinert-Wilton_-_Der_Teppich_des_Grauens.txt,"Dr. Howard Shipley galt, obwohl er kaum vierzig Jahre zählte, als einer der namhaftesten und gesuchtesten Ärzte Londons, und man sagte von ihm, daß es keine Krankheit gebe, die er nicht schon in ihren unscheinbarsten Symptomen mit unfehlbarer Sicherheit zu erkennen wisse."
773,Pichler, Adolf,Der lateinische Bauer,1846,"Romane, Novellen und Erzählungen",Adolf_Pichler_-_Der_lateinische_Bauer.txt,"Die Naturforscherversammlung, die unsere sonst so ruhige Stadt mit Scharen fremder Gäste überschüttet hatte, war verrauscht."
774,Pichler, Adolf,Der jung Münch Ylsan,1881,"Romane, Novellen und Erzählungen",Adolf_Pichler_-_Der_jung_Münch_Ylsan.txt,"Ich komme soeben von einer Kindtaufe; solche Feste sind bekanntlich in Deutschland nirgends selten; mich pflegt man aber nicht einzuladen, sei es, daß man bei mir einen Mangel christlicher Gesinnung voraussetzt oder dem jungen Erdenbürger nicht gleich als übles Vorzeichen das sauertöpfische Gesicht eines alten Brummbären zeigen will, dem er vielleicht später einmal doch am grünen Prüfungstische begegnet. "
775,Grabein, Paul,Ursula Drenck,1908,"Romane, Novellen und Erzählungen",Paul_Grabein_-_Ursula_Drenck.txt,"»Ach du, Liebster! – Hast wohl heute schön auf mich gewartet?« Leichtfüßig eilte Ursula Drenck dem Verlobten entgegen, der eben in die Wohnung getreten war, und bot ihm die Lippen zum Gruß."
776,Keller, Paul,Waldwinter,1902,"Romane, Novellen und Erzählungen",Paul_Keller_-_Waldwinter.txt,Ich lachte laut auf.
777,Schott, Clara,Der Waldwächter,1890,"Romane, Novellen und Erzählungen",Clara_Schott_-_Der_Waldwächter.txt,"Auf einsamem Wege, wohin sich selten eines Fremden Fuß verirrt, wo noch kein Dampfroß mit seinem Brausen und Zischen die Luft durchschneidet, erhebt sich der stolze Bau einer Eisengießerei."
778,Rosenhayn, Paul,Der Schlittschuhläufer,1921,"Krimis, Thriller, Spionage",Paul_Rosenhayn_-_Der_Schlittschuhläufer.txt,Ein paar dumpfe Nebelhorntöne grollten vom Hafen herüber in die Karl Johansgade.
779,Kerner, Justinus,Klecksographien,1890,"Humor, Satire",Justinus_Kerner_-_Klecksographien.txt,"Es wird wohl manchem bei Lesung und Betrachtung dieser Blätter vielleicht zu Sinne kommen, wie er schon in frühester Jugend durch Zerdrückung von kleinen, färbenden Beeren, ja gar Fliegenköpfen usw. auf zusammengelegtem Papier, ohne Kunst, ohne Hülfe von Bleistift und Pinsel, Zeichnungen hervorgehen sah."
780,Hruschka,Annie,Das silberne Auto,1910,"Krimis, Thriller, Spionage",Annie_Hruschka_-_Das_silberne_Auto.txt,Am Abend eines milden Vorfrühlingstages befand sich Hermann Hempel ausnahmsweise daheim in seiner Wohnung und überließ sich zufrieden der Ruhe in einem sonst mit Arbeitshetze angefüllten Dasein.
781,Huch, Ricarda,Aus der Triumphgasse,1902,Romanhafte Biographien,Ricarda_Huch_-_Aus_der_Triumphgasse.txt,Im Traume habe ich die Triumphgasse wiedergesehen.
782,Strasser, Charlot,Wer hilft?,1918,"Romane, Novellen und Erzählungen",Charlot_Strasser_-_Wer_hilft?.txt,Ein geckiger Schriftsteller mit dem Hund seiner Geliebten an der Leine trat in die Schreibstube für Stellenlose.
783,Schweichel, Robert,Um die Freiheit,1898,Historische Romane und Erzählungen,Robert_Schweichel_-_Um_die_Freiheit.txt,"Es war am Vortage der heiligen drei Könige, einem Donnerstage, da man schrieb das Jahr 1525. "
784,Tieck, Ludwig,Das grüne Band,1792,"Romane, Novellen und Erzählungen",Ludwig_Tieck_-_Das_grüne_Band.txt,"Durch die Thäler und über die Wiesen wandelte der graue Nebel; über einen Tannenhain blickte die Sonne noch einmal aus Westen auf die Fluren zurück, die sie itzt verlassen wollte – in den Wipfeln eines einsamen Gebüsches begann die Nachtigall ihr Lied, und das Murmeln eines kleinen Baches ward hörbarer: als über die Haide eine Schaar von Kriegern gegen die Veste Mannstein zog."
785,Barthel, Max,Blockhaus an der Wolga,1930,"Romane, Novellen und Erzählungen",Max_Barthel_-_Blockhaus_an_der_Wolga.txt,"Das Blockhaus war aus rohen Stämmen zusammengefügt und stand kaum einen Steinwurf von den großen Baracken entfernt, in denen die Frauen und Mädchen wohnten."
786,Jens,Ina,Maja,1926,"Romane, Novellen und Erzählungen",Ina_Jens_-_Maja.txt,In unserem Dörfchen gab es eine Sommer- und eine Winterschule. 
787,Lewald, Fanny,Wandlungen. Zweiter Band,1853,"Romane, Novellen und Erzählungen",Fanny_Lewald_-_Wandlungen._Zweiter_Band.txt,"Noch war kein Jahr verflossen, seit die beiden ältesten Kinder des Barons aus dem Vaterhause geschieden waren, als auch in diesem der Tod sein Opfer gefordert hatte."
788,Oppermann, Heinrich,Hundert Jahre. 2. Buch. Während der Sündflut,1870,Historische Romane und Erzählungen,Heinrich_Albert_Oppermann_-_Hundert_Jahre._2._Buch._Während_der_Sündflut.txt,Ein Spielabend bei Pütter und eine Gesellschaft bei Elise Bürger. 
789,Zweig, Stefan,Amok: Novellen einer Leidenschaft,1922,"Romane, Novellen und Erzählungen","Zweig,_Stefan_-_Amok:_Novellen_einer_Leidenschaft-57850.txt","Im März des Jahres 1912 ereignete sich im Hafen von Neapel bei dem Ausladen eines großen Überseedampfers ein merkwürdiger Unfall, über den die Zeitungen umfangreiche, aber sehr phantastisch ausgeschmückte Berichte brachten."
790,Polko,Elise,Papillon,1886,"Romane, Novellen und Erzählungen",Elise_Polko_-_Papillon.txt,"Das kleine Haus des Arztes, den sie in seinem Heimathstädtchen seit seiner Rückkehr aus Kasan, wo er lange Jahre als Privatdocent gelebt, nur den russischen Doctor nannten, war so dicht von Epheu und wildem Wein zugerankt, daß man kaum den Klingelzug an der Thüre hätte finden können, wenn er nicht so blank geputzt gewesen wäre, daß er wie ein goldener Faden niederhing."
791,Aston, Luise,Aus dem Leben einer Frau,1847,"Romane, Novellen und Erzählungen",Louise_Aston_-_Aus_dem_Leben_einer_Frau.txt,Eine alterthümliche Pfarrerwohnung gilt von jeher für das heimathliche Reich der Idylle. 
792,Löns, Hermann,Mein grünes Buch,1901,"Romane, Novellen und Erzählungen",Hermann_Löns_-_Mein_grünes_Buch.txt,"»Sau tot« und »Jagd vorbei« bliesen die Hörner, die Pleßschen kurz und hart, die hannoverschen lang und weich."
793,Schott, Anton,Gotswin. Des Fiedlers Denkbuch,1907,Historische Romane und Erzählungen,Anton_Schott_-_Gotswin._Des_Fiedlers_Denkbuch.txt,"Zeiten, Umstände und Wandlungen hatten es mit sich gebracht, dass aus den von Gott nach seinem Ebenbilde frei erschaffenen Menschen Freie und Unfreie oder Hörige geworden und dass jene Zeiten danach getan waren, aus dem Stande der Freien den sogenannten Kriegsadel herauswachsen zu lassen."
794,Willkomm, Ernst,Die Familie Ammer – Dritte Abtheilung. Geprüfte Seelen.,1855,"Romane, Novellen und Erzählungen",Ernst_Willkomm_-_Die_Familie_Ammer_–_Dritte_Abtheilung._Geprüfte_Seelen..txt,"An dem Nordabhange eines der vielen steilen Paßwege über das Gebirge lag unter hoher Tanne, deren dunkle Nadelbehänge beinahe die Erde berührten, ein Mann."
795,Mann,Klaus,Mephisto,1936,"Romane, Novellen und Erzählungen",Klaus_Mann_-_Mephisto.txt,"»In einem der westdeutschen Industriezentren sollen neulich über achthundert Arbeiter verurteilt worden sein, alle zu hohen Zuchthausstrafen, und das im Laufe eines einzigen Prozesses.«"
796,Gerstäcker, Friedrich,Germelshausen,1860,"Romane, Novellen und Erzählungen",Friedrich_Gerstäcker_-_Germelshausen.txt,"Im Herbst des Jahres 184– wanderte ein junger, lebensfrischer Bursch, den Tornister auf dem Rücken, den Stab in der Hand, langsam und behaglich den breiten Fahrweg entlang, der von Marisfeld hinauf nach Wichtelhausen führt."
797,Arndt, Ernst Moritz,Märchen und Jugenderinnerungen. Erster Teil,1818,"Märchen, Sagen, Legenden",Ernst_Moritz_Arndt_-_Märchen_und_Jugenderinnerungen._Erster_Teil.txt,"Als E. M. Arndt im Herbst des Jahres 1817 daran ging, seine »Märchen und Jugenderinnerungen« aufzuzeichnen, regte sich unter dem Einfluß der Romantik auf allen Gebieten die Liebe zur deutschen Vergangenheit. "
798,Fallada, Hans,"Kleiner Mann, Großer Mann - alles vertauscht",1940,"Romane, Novellen und Erzählungen","Hans_Fallada_-_Kleiner_Mann,_Großer_Mann_-_alles_vertauscht.txt","Ich erinnere mich noch gut des Augenblicks, da Unheil unser Heim betrat."
799,Heye, Artur,"Hatako, der Kannibale. Erster Teil",1921,Spannung und Abenteuer,"Arthur_Heye_-_Hatako,_der_Kannibale._Erster_Teil.txt",Über dem dunklen Meere der Kongowälder lag die Tropennacht.
800,Sealsfield, Charles,Das blutige Blockhaus,1837,"Romane, Novellen und Erzählungen",Charles_Sealsfield_-_Das_blutige_Blockhaus.txt,"Die beiden Freunde standen mit ihren Frauen auf dem Oberdeck des Raddampfers ›Alexandria‹, der den Red River aufwärts fuhr: der achtundzwanzigjährige schlanke George Howard, der von seinen Eltern eine herabgewirtschaftete Pflanzung am Strom einige dreißig Meilen oberhalb seiner Mündung in den »Vater der Flüsse« geerbt und mit Fleiß und dem Geld des Schwiegervaters wieder zur Blüte gebracht hatte, und der gleichaltrige riesige Ralph Doughby, der politischen Ehrgeiz hatte und ein eifriger Parteigänger des Generals Andrew Jackson war."
801,Landsberger, Artur,Villa im Tiergarten,1924,"Romane, Novellen und Erzählungen",Artur_Landsberger_-_Villa_im_Tiergarten.txt,"Als ich durch Vorlegung von Dokumenten und alten Familienbildern den Nachweis erbracht hatte, daß meine Familie väterlicher- und mütterlicherseits seit sechs Generationen in Berlin lebt, daß während dieser zweihundertfünfzig Jahre keiner von ihnen das Armenrecht in Anspruch genommen, einen verbotenen Handel getrieben oder die bürgerlichen Ehrenrechte, wenn auch nur vorübergehend, verloren hatte, wurde ich am 1. April 1923 endlich in die Tiergartenvilla eingewiesen. "
802,Werfel, Franz,Stern der Ungeborenen,1945,"Romane, Novellen und Erzählungen",Franz_Werfel_-_Stern_der_Ungeborenen.txt,"Dies hier ist ein erstes Kapitel, welches verhindern soll, daß vorliegendes Werkchen mit einem Zweiten Kapitel beginne."
803,Rüts, Rudolf von,Der Gespenster-Bungalow und andere indische Kriminalerzählungen,1920,"Krimis, Thriller, Spionage",Rudolf_von_Rüts_-_Der_Gespenster-Bungalow_und_andere_indische_Kriminalerzählungen.txt,Wir hatten uns in Bombay bei Watson kennen gelernt und später in Benares in Clarks Hotel wiedergesehn.
804,Rosegger, Peter,Die Abelsberger Chronik,1907,"Romane, Novellen und Erzählungen",Peter_Rosegger_-_Die_Abelsberger_Chronik.txt,Wir sind für den 28. Oktober Anno 1628 nach Alt-Abelsberg auf den Amtstag vorgeladen.
805,Bahr, Hermann,Dialog vom Marsyas,1913,"Romane, Novellen und Erzählungen",Hermann_Bahr_-_Dialog_vom_Marsyas.txt,"Wir sahen an, was der Sammler oder wie er, aus den dunklen Zuständen der Heimat abgelöst, um betrachtend, erhorchend durch die Welt zu schweifen, sich jetzt lieber nennen hört: der Planet von der Reise mitgebracht, und waren eben dabei, uns nach diesen Photographieen und wie er sie uns, Erinnerung aus seinen Heften ergänzend, kräftig zu beleben verstand, die Zeichnungen vorzustellen, die im fünften Saal der venezianischen Akademie sind. "
806,Beeg, Marie,Schulmädelgeschichten: für Mädchen von 7-12 Jahren,1890,Jugendliteratur,"Beeg,_Marie_-_Schulmädelgeschichten:_für_Mädchen_von_7-12_Jahren-69864.txt","Sie war ein niedliches liebes Mädchen, die kleine Anna, und wen sie mit ihren blitzenden Aeuglein und weißen Zähnchen anlachte, der mußte sie gern haben, trotzdem sie ein solch tüchtiger Wildfang war, welcher Haus und Hof fortwährend unsicher machte."
807,Mann, Heinrich,Professor Unrat,1905,"Romane, Novellen und Erzählungen",Heinrich_Mann_-_Professor_Unrat.txt,"Da er Raat hieß, nannte die ganze Schule ihn Unrat."
808,Boy-Ed, Ida,Stille Helden: Roman,1914,"Romane, Novellen und Erzählungen","Boy-Ed,_Ida_-_Stille_Helden:_Roman-29738.txt","Eine Frühlingsnacht endete, und das neue Tagewerk begann."
809,Hesse, Hermann,Klingsors letzter Sommer,1920,"Romane, Novellen und Erzählungen","Hesse,_Hermann_-_Klingsors_letzter_Sommer-42338.txt","Manchmal handeln wir, gehen aus und ein, tun dies und das, und es ist alles leicht, unbeschwert und gleichsam unverbindlich, es könnte scheinbar alles auch anders sein. "
810,Roth, Joseph,Hotel Savoy,1924,"Romane, Novellen und Erzählungen",Joseph_Roth_-_Hotel_Savoy.txt,Ich komme um zehn Uhr vormittags im Hotel Savoy an.
811,Gotthelf,Jeremias,Der Besuch,1854,"Romane, Novellen und Erzählungen",Jeremias_Gotthelf_-_Der_Besuch.txt,"Sommer wars, nach dem Heuet ungefähr, denn die Wiesen waren frisch gemäht, und im Felde stund noch das Korn."
812,Ortmann, Reinhold,Das goldene Kalb,1903,"Krimis, Thriller, Spionage",Reinhold_Ortmann_-_Das_goldene_Kalb.txt,"Der lange Assessor Valentini, dessen Magerkeit noch niemals so auffällig gewesen war als heute, wo ihm der vom Amtsrichter ausgeliehene Pelz in abenteuerlichen Falten um die dürren Glieder schlotterte, hatte seit dem letzten Examen keinen so sauern Tag mehr gehabt wie diesen."
813,Lindau, Paul,Toggenburg,1883,"Romane, Novellen und Erzählungen",Paul_Lindau_-_Toggenburg.txt,Um die zehnte Morgenstunde war Gustav Wöhringen in übelster Laune erwacht.
814,Ball, Hugo,Flametti: oder vom Dandysmus der Armen,1918,"Romane, Novellen und Erzählungen","Ball,_Hugo_-_Flametti:_oder_vom_Dandysmus_der_Armen-2889.txt","Flametti zog die Hosen an, spannte die Hosenträger und brachte durch mehrfaches Wippen der Beine die etwas straff ansetzende Hosennaht in die angängigste Lage."
815,Perfall, Anton von,Das verlorene Paradies,1895,"Romane, Novellen und Erzählungen",Anton_von_Perfall_-_Das_verlorene_Paradies.txt,"Vielgelästeter, vielumwimmerter Herbst – der jedem Griesgram und Weltschmerzler zum Motto dienen muß –, grauer Entblätterer, nebelumwallter, feuchtkalter, schwermutsschwangerer Todesbote – verzeih den kurzsichtigen, hinter kalten Mauern Verbannten, die dir nie in das frische, männlich trotzige Antlitz geschaut und keine Ahnung haben, daß es dasselbe ist, dessen wonniges Lächeln sie vor wenigen Monaten entzückte. "
816,Nithack-Stahn, Walther,Der letzte Tag,1931,Science Fiction,Walther_Nithack-Stahn_-_Der_letzte_Tag.txt,Um den runden Tisch die ernste Gemeinde in tiefem Schweigen.
817,Perutz, Leo,Zwischen neun und neun,1918,"Romane, Novellen und Erzählungen","Perutz,_Leo_-_Zwischen_neun_und_neun-36901.txt","Die Greislerin in der Wiesengasse, Frau Johanna Püchl, trat an diesem Morgen gegen halb acht Uhr aus dem Laden auf die Straße."
818,Hennings, Emmy,Das irdische Paradies und andere Legenden,1945,"Märchen, Sagen, Legenden",Emmy_Ball-Hennings_-_Das_irdische_Paradies_und_andere_Legenden.txt,"Die vorliegende Legendensammlung, die aus verschiedenen, frühen Quellen geschöpft wurde, will nicht als kritischer Beitrag für die Literaturgeschichte der Legende betrachtet werden."
819,Hackländer, Friedrich Wilhelm,Eugen Stillfried – Zweiter Band,1863,"Romane, Novellen und Erzählungen",Friedrich_Wilhelm_Hackländer_-_Eugen_Stillfried_–_Zweiter_Band.txt,"Jungfer Clementine Strebeling erhält einen Brief und findet sich in Folge desselben bewogen, die Liebe ihrer Freundin zu unterstützen."
820,Alexis, Willibald,Der Neue Pitaval,1883,Historische Kriminalromane und -fälle,Willibald_Alexis_-_Der_Neue_Pitaval.txt,"Mancher unserer Leser wundert sich vielleicht darüber, daß wir in der Ueberschrift von einem Räuberleben in Deutschland aus den letzten Jahren sprechen."
821,Werner, Elisabeth,Gesprengte Fesseln - Verdächtig,1902,"Romane, Novellen und Erzählungen",Elisabeth_Werner_-_Gesprengte_Fesseln_-_Verdächtig.txt,ElDer Vorhang sank unter dem Beifallssturme des ganzen Hauses.
822,Falke, Gustav,Die Stadt mit den goldenen Türmen,1912,Romanhafte Biographien,Gustav_Falke_-_Die_Stadt_mit_den_goldenen_Türmen.txt,"In Lübeck bin ich geboren, im Schatten von Sankt Marien."
823,Schmidt, Maximilian,Meister Martin,1895,"Romane, Novellen und Erzählungen",Maximilian_Schmidt_-_Meister_Martin.txt,Das bayrisch-böhmische Grenzgebirge ist ungemein quellenreich und entsendet zahlreiche Gewässer nach allen Richtungen.
824,Hesse, Hermann,Knulp: Drei Geschichten aus dem Leben Knulps,1915,"Romane, Novellen und Erzählungen","Hesse,_Hermann_-_Knulp:_Drei_Geschichten_aus_dem_Leben_Knulps-17622.txt","Anfang der neunziger Jahre mußte unser Freund Knulp einmal mehrere Wochen im Spital liegen, und als er entlassen wurde, war es Mitte Februar und scheußliches Wetter, so daß er schon nach wenigen Wandertagen wieder Fieber spürte und auf ein Unterkommen bedacht sein mußte. "
825,Mader,Friedrich Wilhelm,Die Tote Stadt,1923,"Romane, Novellen und Erzählungen",Friedrich_Wilhelm_Mader_-_Die_Tote_Stadt.txt,"Die Tote Stadt entstand zu einer Zeit, da die Südpolarforschung völlig vernachlässigt wurde."
826,Gotthelf, Jeremias,Wie fünf Mädchen im Branntwein jämmerlich umkommen,1838,"Romane, Novellen und Erzählungen",Jeremias_Gotthelf_-_Wie_fünf_Mädchen_im_Branntwein_jämmerlich_umkommen.txt,"Der Verfasser hatte über das Branntweintrinken ein Lustspiel gelesen, welches mit einer Heirat und einem frohen Mahle schließt."
827,Böhlau, Helene,Halbtier!,1899,"Romane, Novellen und Erzählungen",Helene_Böhlau_-_Halbtier!.txt,"Fernes Gewittergrollen verliert sich im lauten Treiben des Menschenstroms, der die schwülen Straßen füllt."
828,Lindau, Paul,Der König von Sidon,1898,"Romane, Novellen und Erzählungen",Paul_Lindau_-_Der_König_von_Sidon.txt,"Zum dritten Male las Andreas langsam und bedächtig die lakonische Meldung aus Konstantinopel, die der Telegraphenbote vor einer halben Stunde bei ihm abgegeben hatte."
829,Hegner, Ulrich,Die Molkenkur,1812,"Romane, Novellen und Erzählungen",Ulrich_Hegner_-_Die_Molkenkur.txt,"Diese Briefe des alten Obersten von N...land sind durch die Folge der Zeit wieder aus dem nördlichen Deutschland, wohin sie vor einigen Jahren geschrieben wurden, in die Schweiz zurückgekommen."
830,Reiser, Hans,Yatsuma,1926,"Humor, Satire",Hans_Reiser_-_Yatsuma.txt,"Die Straße Die Straße, in der Yatsuma wohnte, bis zu dem Tag, an dem er sein neues Leben begann, was sich mancher jeden Tag vornimmt, hat zwei verschiedene Gesichter."
831,Decken, Auguste von der,Die jüngeren Prinzen,1894,"Romane, Novellen und Erzählungen",Auguste_von_der_Decken_-_Die_jüngeren_Prinzen.txt,Am Fenster des alten herzoglichen Jagdschlosses Katelnburg stand ein Mann und blickte sinnend in die abendliche Landschaft hinaus.
832,Mühlbach, Luise,Berlin und Sanssouci oder Friedrich der Große und seine Freunde. Erstes Buch,1858,Historische Romane und Erzählungen,Luise_Mühlbach_-_Berlin_und_Sanssouci_oder_Friedrich_der_Große_und_seine_Freunde._Erstes_Buch.txt,"Es war ein wundervoller Maientag; die Sonne, eben erst aufgegangen, hatte die Blüten und das frische Grün des Gartens von Charlottenburg noch nicht gewelkt, sondern nur erquickt zu neuem Blühen und Grünen."
833,Wolzogen, Ernst von,Der Kraft-Mayr,1897,"Romane, Novellen und Erzählungen",Ernst_v._Wolzogen_-_Der_Kraft-Mayr.txt,"In einem der ältesten Häuser am Luisenplatz in Berlin, drei Treppen hoch, bewohnte der Pianist Florian Mayr ein möbliertes Zimmer bei der Magistratssekretärswitwe Stoltenhagen."
834,Skowronnek, Richard,Das bißchen Erde,1913,"Romane, Novellen und Erzählungen",Richard_Skowronnek_-_Das_bißchen_Erde.txt,"Der alte Lentz und Miken Dannappel, die Köchin, die schon den Eltern des Grafen Malte in Treue gedient hatten, standen auf der Freitreppe des Vellahner Schlosses und erwarteten die Heimkehr ihres jungen Herrn."
835,Brentano, Clemens,Aus der Chronika eines fahrenden Schülers (Zweite Fassung),1818,"Romane, Novellen und Erzählungen",Clemens_Brentano_-_Aus_der_Chronika_eines_fahrenden_Schülers_(Zweite_Fassung).txt,"Ich habe dieses aber nicht allein bei dem Anblick dieses schwindelhohen Turmes empfunden, sondern auch bei gar lieblichen und feinen Werken, von welchen ich nur nennen will die überaus feinen und natürlichen Gemälde des Malers Wilhelm in Köln, der von den Meistern als der beste Meister in allen deutschen Landen geachtet wird, denn er malet einen jeglichen Menschen von aller Gestalt, als lebe er."
836,Dahn, Felix,Odhins Rache - Friggas Ja - Die Finnin,1896,"Romane, Novellen und Erzählungen",Felix_Dahn_-_Odhins_Rache_-_Friggas_Ja_-_Die_Finnin.txt,"Still, wie träumend in trauerschwerem Schweigen, lag Gladhsheim, Odhins Haus, das doch von der Freude den Namen führt, in Asgardh."
837,Madeleine,Marie,Pantherkätzchen,1913,"Romane, Novellen und Erzählungen",Marie_Madeleine_-_Pantherkätzchen-63933.txt,"Das Königskleid der Wintereinsamkeit strahlte in der Sonne, weit über das Land war es gebreitet, — alle Unebenheiten, allen Schmutz des Alltags deckte es zu."
838,Löns,Hermann,Dahinten in der Heide,1909,"Romane, Novellen und Erzählungen",Hermann_Löns_-_Dahinten_in_der_Heide.txt,"Der Südwind strich warm über den Kopf des hohen Heidbrinkes und bewegte die Zweige der Hängebirke, die voll von Blütenkätzchen und jungen Blättern waren, hin und her."
839,Beer, Johann,Teutsche Winter-Nächte,1682,"Romane, Novellen und Erzählungen",Johann_Beer_-_Teutsche_Winter-Nächte.txt,"Ehe und bevor wir zu diesem Werk schreiten, ist notwendig zu wissen, daß dieser ganze Entwurf mehr einer Satyra als Histori ähnlich siehet."
840,Busse, Carl,Winkelglück,1916,"Romane, Novellen und Erzählungen",Karl_Busse_-_Winkelglück.txt,"Dies soll ein fröhliches Buch sein, und wenn es nach meinem Wunsch und Willen geht, schenkt es diesem und jenem ein Lächeln."
841,Landsberger, Artur,Das Blut,1921,"Romane, Novellen und Erzählungen",Artur_Landsberger_-_Das_Blut.txt,"Johannes van Gudry kniff die Augen zusammen, stützte den Kopf in die Hand und spitzte die Ohren."
842,Meißner, August Gottlieb,Die Seelen-Folter,1783,"Krimis, Thriller, Spionage",August_Gottlieb_Meißner_-_Die_Seelen-Folter.txt,"Katharina H. war eine achtzehn- bis neunzehnjährige, von Gestalt nicht uneben, von Denkungsart ziemlich wollüstige, böhmische Landdirne."
843,Richter, Jean Paul,Grönländische Prozesse,1783,"Romane, Novellen und Erzählungen",Jean_Paul_-_Grönländische_Prozesse.txt,"Eine Priesterin der Venus, die ihre lezten Reize auf den weichen Altären ihrer Göttin geopfert, und deren Schönheit kein Käufer der Wollust eines verstohlnen Wunsches mehr würdigt, ist darum noch nicht auf dem Wege, gegen die alte Schande den Ruhm der Besserung einzutauschen, und auf den sichtbaren Wink der neuen Häslichkeit den Dienst des Vergnügens zu verlassen."
844,Pestalozzi, Johann Heinrich,Fabeln aus: Figuren zu meinem ABC-Buch oder über die Anfangsgründe meines Denkens,1797,"Märchen, Sagen, Legenden",Johann_Heinrich_Pestalozzi_-_Fabeln_aus:_Figuren_zu_meinem_ABC-Buch_oder_über_die_Anfangsgründe_mein.txt,"Wir sind doch unglücklich, daß aus unserem Tale kein Ausweg stattfindet – also jammerten Schafe und Kühe in einer eingeschlossenen Bergweide."
845,Bock, Alfred,Der Flurschütz,1901,"Romane, Novellen und Erzählungen",Alfred_Bock_-_Der_Flurschütz.txt,"Der Pfarrer ergriff die Schaufel, warf langsam mit abgemessener Bewegung dreimal Erde auf den Sarg und sprach: »Von Erde bist du gekommen, zur Erde sollst du wieder werden, Jesus Christus, unser Erlöser, wird dich auferwecken am jüngsten Tag.« "
846,Schirokauer, Alfred,Alarm,1930,"Krimis, Thriller, Spionage",Alfred_Schirokauer_-_Alarm.txt,"John Rutland warf die Serviette auf den Tisch, der Butler zog den Stuhl unter ihm fort."
847,Prutz, Robert Eduard,Das Engelchen. Dritter Theil,1851,"Romane, Novellen und Erzählungen",Robert_Prutz_-_Das_Engelchen._Dritter_Theil.txt,So war wieder eine Reihe von Wochen ins Land gegangen und das verhängnißvolle Weihnachtsfest stand dicht vor der Thür.
848,Barthel, Max,Das unsterbliche Volk,1933,"Romane, Novellen und Erzählungen",Max_Barthel_-_Das_unsterbliche_Volk.txt,"Der Mensch ist ein Geschöpf, das ja sagt und hofft."
849,Spielhagen, Friedrich,Alles fließt,1897,"Romane, Novellen und Erzählungen",Friedrich_Spielhagen_-_Alles_fließt.txt,Frau Regine seufzte leise in sich hinein.
850,Hermann, Georg,Einen Sommer lang,1917,"Romane, Novellen und Erzählungen",Georg_Hermann_-_Einen_Sommer_lang.txt,"Diese Geschichte, die eigentlich keine Geschichte ist, hat eine Vorgeschichte."
851,Werner, Elisabeth,Siegwart,1909,"Romane, Novellen und Erzählungen",Elisabeth_Werner_-_Siegwart.txt,"Von der sonnigen Höhe kamen zwei Bergwanderer, den Rucksack über der Schulter, den Bergstock in der Hand, und die Ausrüstung des Führers, der mit Seil und Pickel folgte, zeigte, daß sie von einer Hochtour kamen."
852,Steinmüller, Paul,Von Erde zu Erde,1934,"Romane, Novellen und Erzählungen",Paul_Steinmüller_-_Von_Erde_zu_Erde.txt,Mariä Lichtmeß brachte helles Wetter. 
853,Feuerbach, Paul Johann Anselm Ritter von,Merkwürdige Verbrechen in aktenmäßiger Darstellung,1849,Historische Kriminalromane und -fälle,Anselm_Ritter_von_Feuerbach_-_Merkwürdige_Verbrechen_in_aktenmäßiger_Darstellung.txt,"Zu Nürnberg, in der großen, sehr gangbaren Königsstraße, wohnte im eigenen Haus Christoph Bäumler, ein achtbarer Bürger, der das dort so genannte Geschäft der Großpfragnerei betrieb, das im Handel mit Mehl, Hülsenfrüchten, Kerzen und dergleichen besteht, womit zugleich das Recht einer Branntweinschenke verbunden ist."
854,Voß, Richard,Die Auferstandenen – Zweiter Band,1890,"Romane, Novellen und Erzählungen",Richard_Voß_-_Die_Auferstandenen_–_Zweiter_Band.txt,"Mehr und mehr arbeitete sich Anna Pawlowna in einen Gemütszustand hinein, der ihr allmählich gefährlich zu werden drohte. "
855,Mörike, Eduard,Mozart auf der Reise nach Prag,1856,Romanhafte Biographien,Eduard_Mörike_-_Mozart_auf_der_Reise_nach_Prag.txt,"Im Herbst des Jahres 1787 unternahm Mozart in Begleitung seiner Frau eine Reise nach Prag, um ›Don Juan‹ daselbst zur Aufführung zu bringen"
856,Harich, Walter,Der Aufstieg,1972,"Romane, Novellen und Erzählungen",Walther_Harich_-_Der_Aufstieg.txt,"Natürlich konnte der alte Amende nicht wie die andern Menschen zur polnischen Vorstadt hinunterlaufen, um dem Einzug des neuen Postvorstehers zuzusehen, obwohl er gern gewußt hätte, was das für Leute sind."
857,Zschokke, Heinrich,Das Abenteuer der Neujahrsnacht,1823,"Romane, Novellen und Erzählungen",Heinrich_Zschokke_-_Das_Abenteuer_der_Neujahrsnacht.txt,"Mutter Käthe, des alten Nachtwächters Frau, schob am Silvesterabend um neun Uhr das Zugfensterlein zurück und steckte den Kopf in die Nacht hinaus."
858,Rosegger, Peter,Als ich noch der Waldbauernbub war,1900,"Romane, Novellen und Erzählungen",Peter_Rosegger_-_Als_ich_noch_der_Waldbauernbub_war.txt,"In meinem zwölften Lebensjahre wird es gewesen sein, als am Frühmorgen des heiligen Christabends mein Vater mich an der Schulter rüttelte: ich solle aufwachen und zur Besinnung kommen, er habe mir etwas zu sagen."
859,Benrath, Henry,Die Kaiserin Konstanze,1935,"Romane, Novellen und Erzählungen",Henry_Benrath_-_Die_Kaiserin_Konstanze.txt,"Spät noch hatte Barbarossa seinen Kanzler, den Erzbischof Christian von Mainz, zu einer Berichterstattung zu sich befohlen."
860,Langenscheidt,Paul,Taumel,1914,"Romane, Novellen und Erzählungen",Paul_Langenscheidt_-_Taumel.txt,Bill Petersen kam sich an der Dornerschen Tafel entschieden deplaciert vor.
861,Arnim, Achim von,Die Kronenwächter,1817,"Romane, Novellen und Erzählungen",Achim_von_Arnim_-_Die_Kronenwächter.txt,"Wieder ein Tag vorüber in der Einsamkeit der Dichtung! Die Glocke läutet Feierabend, und die Pflüger ziehen heim mit dem Gespann, führen und tragen behaglich die Kinder, die ihnen entgegen gegangen, und freuen sich ihrer Mühe in der Ruhe."
862,Hillern, Wilhelmine von,Am Kreuz,1890,"Romane, Novellen und Erzählungen",Wilhelmine_von_Hillern_-_Am_Kreuz.txt,"Im Garten zu Gethsemane war es, wo der wiederauferstandene Gottessohn sich als schlichter Gärtner der büßenden Sünderin zeigte. "
863,Kayser, Rudolf,Moses Tod: Legende,1921,"Romane, Novellen und Erzählungen","Kayser,_Rudolf_-_Moses_Tod:_Legende-52517.txt","Als man das Lager aufschlug, war es später Abend."
864,Ernst, Otto,Ein frohes Farbenspiel,1910,"Romane, Novellen und Erzählungen",Otto_Ernst_-_Ein_frohes_Farbenspiel.txt,"Wir waren eine regelrecht gemischte Gesellschaft: immer ein Mädel – ein Bursche, ein Mädel – ein Bursche u. s. w. "
865,Schwitzky, Ernst Bernhard Joseph Theodor,Das Geheimnis der Gioconda: Das Tagebuch des Diebes,1914,"Romane, Novellen und Erzählungen","Schwitzky,_Ernst_Bernhard_Joseph_Theodor_-_Das_Geheimnis_der_Gioconda:_Das_Tagebuch_des_Diebes-43733.txt","Als ich gestern auf dem Gare de l'Est den Wiener Schnellzug verließ, passierte mir etwas recht Seltsames und wenn man will, Rätselhaftes."
866,Gangl, Josef,Markus der Tor,1913,"Romane, Novellen und Erzählungen",Josef_Gangl_-_Markus_der_Tor.txt,In einer tannenschwarzen Höhenrunde ist ein waldfreier Hügel.
867,Koenig,Alma Johanna,Schibes,1920,"Romane, Novellen und Erzählungen",Peter_Geibel_-_Immer_uf_de_Bah!.txt,"Der Schmied stand mit weitgespreizten Beinen da, hielt ein funkensprühendes Stück Eisen mit der Feuerzange auf dem Amboß fest und hämmerte darauf los, daß es hallte."
868,Bechstein, Ludwig,Ludwig Bechsteins MärchenbuchMit 176 Holzschnitten nach Originalzeichnungen von Ludwig Richter,1853,"Märchen, Sagen, Legenden",Alma_Johanna_Koenig_-_Schibes.txt,"Es war einmal ein Schneiderlein, das saß in einer Stadt, die hieß Romadia; das hatte auf eine Zeit, da es arbeitete, einen Apfel neben sich liegen, darauf setzten sich viele Fliegen, wie das Sommerszeiten so gewöhnlich, die angelockt waren von dem süßen Geruch des Apfels."
869,Dominik, Hans,Das Erbe der Uraniden,1935,Science Fiction,Hans_Dominik_-_Das_Erbe_der_Uraniden.txt,Seit den ersten Morgenstunden tobte die Schlacht.
870,Goethe, Johann Wolfgang von,Wilhelm Meisters Lehrjahre,1795,"Romane, Novellen und Erzählungen",Johann_Wolfgang_von_Goethe_-_Wilhelm_Meisters_Lehrjahre.txt,"Die alte Barbara trat einigemal ans Fenster und horchte, ob die Kutschen nicht rasseln wollten."
871,Tieck, Ludwig,Leben des berühmten Kaisers Abraham Tonelli,1804,"Romane, Novellen und Erzählungen",Ludwig_Tieck_-_Leben_des_berühmten_Kaisers_Abraham_Tonelli.txt,"Habe hier in meiner Einsamkeit und mitten unter meinen Regierungsgeschäften vernommen (weil mich auch stets für Literatur interessiere), daß man sich sehr um wunderbare Begebenheiten in Deutschland, meinem lieben Vaterlande, bekümmert."
872,Thoma, Ludwig,Bauerngeschichten,1908,"Romane, Novellen und Erzählungen",Ludwig_Thoma_-_Bauerngeschichten.txt,Vor beinahe 1800 Jahren hat der berühmteste aller Geschichtsschreiber mit vielem Wohlwollen und ehrlicher Bewunderung unsere Vorfahren geschildert.
873,Heyse, Paul,Die Witwe von Pisa,1865,"Romane, Novellen und Erzählungen","Heyse,_Paul_-_Die_Witwe_von_Pisa-9086.txt","Überhaupt scheint mir, daß Sie von den italienischen Frauen eine zu günstige Meinung haben."
874,Ernst, Otto,Frieden und Freude,1920,"Humor, Satire",Otto_Ernst_-_Frieden_und_Freude.txt,"Auf meinen täglichen Spaziergängen in O. begegnete mir mit vollkommener Regelmäßigkeit ein alter, hagerer Mann, der von Anfang an mein besonderes Interesse erregte, zunächst durch seine milden Züge, die durch ein Paar großer, schwärmender Augen belebt wurden, sodann durch die erstaunliche Akkuratesse, mit der er seinen offensichtlich schon lange nicht mehr neuen Anzug instand hielt."
875,Federer, Heinrich,Berge und Menschen,1911,"Romane, Novellen und Erzählungen",Heinrich_Federer_-_Berge_und_Menschen.txt,Der Ingenieur Emil Manuß schüttelte sich von den Achseln über den ganzen Rücken hinunter.
876,Fouqué, Friedrich de la Motte,Die wunderbaren Begebenheiten des Grafen Alethes von Lindenstein,1817,"Romane, Novellen und Erzählungen","Fouqué,_Friedrich_Baron_de_la_Motte_-_Die_wunderbaren_Begebenheiten_des_Grafen_Alethes_von_Lindenste.txt","In der trüben Zeit, wo durch Gottes damals unerforschlichen, jetzt aber wohl Allen, die Augen haben, klargewordnen Rathschluß ein dumpfzerdrückendes Band über unserm deutschen Vaterlande lag, und es mir beinahe vorkam, als seye für Männer von gesetzlichem Sinn die Bahn zu ächten Thaten durch ehrne Riegel verschlossen, – in der Zeit, wo ich die Lust und das Vertrauen für das Erdenleben nur durch die Aussicht auf beglücktere Nachkommen zu erhalten wußte, – in Mitten all dieses ängstigenden Leidens geschah es, daß ich die vorliegende Geschichte zu schreiben begann."
877,Frank, Leonhard,Die Ursache: Erzählung,1915,"Romane, Novellen und Erzählungen","Frank,_Leonhard_-_Die_Ursache:_Erzählung-46928.txt","Nach vierzehn unter der ständigen Beobachtung verbrachten Jahren, daß er eine entlarvte Illusion nach der andern für eine Portion Seelenschmutz hatte hingeben müssen, verspürte der vermögenslose Dichter Anton Seiler im Winter 1907, ohne die Ursache zu kennen, unvermittelt und heftig den Drang, von Berlin in die kleine Stadt zu reisen, wo er als Sohn eines Wagnergesellen auf die Welt gekommen war. "
878,Kraze,Frieda H. ,Maria am Meer,1923,"Romane, Novellen und Erzählungen",Friede_H._Kraze_-_Maria_am_Meer.txt,"Als Elsalill Jeß ein ganz kleines Mädchen war, hatte sie ein sonderbares Erlebnis."
879,Raabe, Wilhelm,Die Kinder von Finkenrode,1859,"Romane, Novellen und Erzählungen",Wilhelm_Raabe_-_Die_Kinder_von_Finkenrode.txt,"Schöner lächelt der Hain, silberner schwebt der Mond,       Und der ganze Olymp fleußt auf die Erd' herab!"
880,Schneider-Foerstl, Josephine,Die Liebe des Geigerkönigs Radanyi,1926,"Romane, Novellen und Erzählungen",Josephine_Schneider-Foerstl_-_Die_Liebe_des_Geigerkönigs_Radanyi.txt,"Pralle glutende Sommersonne über der Pußta! In der endlosen Weite zittert die hitzegeschwängerte Luft in schimmernden Wellen, wie schillernde Seide."
881,Panizza, Oskar,Visionen der Dämmerung,1914,Phantastische Literatur,Oskar_Panizza_-_Visionen_der_Dämmerung.txt,Im Januar 1891 wurde zu München die »Gesellschaft für modernes Leben« gegründet.
882,Riesbeck, Johann Kaspar,"Neue Briefe, für und wider das Mönchswesen - Zweiter Band",1781,"Romane, Novellen und Erzählungen","Johann_Kaspar_Riesbeck_-_Neue_Briefe,_für_und_wider_das_Mönchswesen_-_Zweiter_Band.txt","Seitdem ich die verzweifelten Bücher von den Mönchen, und allem dem, was dazu gehört, im Hause habe, habe ich keine leibliche Ruhe mehr."
883,Schreyvogel, Joseph,Samuel Brinks letzte Liebesgeschichte,1820,"Romane, Novellen und Erzählungen",Joseph_Schreyvogel_-_Samuel_Brinks_letzte_Liebesgeschichte.txt,"»Die Achse hält den Weg noch zweimal aus«, schrie Paul, »macht nur den Riemen geschwind zurecht, daß wir fortkommen!« "
884,Baudissin, Wolf Graf von,Offiziers-Ehen,1907,"Romane, Novellen und Erzählungen",Freiherr_von_Schlicht_-_Offiziers-Ehen.txt,Leutnant Gillberg war mit seiner jungen Frau von der Hochzeitsreise zurückgekommen und hatte nun mit seiner Gattin die offiziellen Antrittsbesuche im Regiment gemacht. 
885,Salten, Felix,Die Dame im Spiegel,1920,"Romane, Novellen und Erzählungen",Felix_Salten_-_Die_Dame_im_Spiegel.txt,"Aber es ist ja gar nicht wahr, daß die Frauen so viel Geschmack haben, wie man immer behaupten hört; es ist gar nicht wahr, daß sie so viel Schick und Erfindungsgabe in ihrer Toilette entwickeln."
886,Meyer, Conrad Ferdinand,Jürg Jenatsch,1876,"Romane, Novellen und Erzählungen",Conrad_Ferdinand_Meyer_-_Jürg_Jenatsch.txt,"Die Mittagssonne stand über der kahlen, von Felshäuptern umragten Höhe des Julierpasses im Lande Bünden."
887,Blei, Franz,Die Frivolitäten des Herrn von D.,1924,"Romane, Novellen und Erzählungen",Franz_Blei_-_Die_Frivolitäten_des_Herrn_von_D..txt,Eigentlich hatte mich nur der Regen ins        Olympia getrieben.
888,Fontane,Theodor,Unterm Birnbaum,1885,"Krimis, Thriller, Spionage",Theodor_Fontane_-_Unterm_Birnbaum.txt,"Vor dem in dem großen und reichen Oderbruchdorfe Tschechin um Michaeli eröffneten Gasthaus und Materialwarengeschäft von Abel Hradscheck (so stand auf einem über der Tür angebrachten Schild) wurden Säcke, vom Hausflur her, auf einen mit zwei magern Schimmeln bespannten Bauerwagen geladen."
889,Weiß, Ernst,Die Vaterlosen oder Der Gefängnisarzt,1934,"Romane, Novellen und Erzählungen",Ernst_Weiß_-_Die_Vaterlosen_oder_Der_Gefängnisarzt.txt,"Im Herbst des Jahres 1923 wurde in einer vornehmen Villengegend von B., einer großen Stadt im deutschen Osten, ein Raubmord an einem alten Kriegsindustriellen und Grundstücksmakler, Jakob Zollikofer, genannt »Rosenfinger«, verübt, wobei dem Täter oder den Tätern große Geldbeträge in fremder Währung, aber auch einige tausend Mark in der neuen Rentenmark, zahlreiche teils deutsche, teils ausländische Wertpapiere und besonders viele kostbare Schmucksachen in die Hände gefallen sein mußten."
890,Heiberg, Hermann,Eine vornehme Frau,1886,"Romane, Novellen und Erzählungen",Hermann_Heiberg_-_Eine_vornehme_Frau.txt,Beim Oberst war eine große Fête angesagt.
891,Diebold, Bernhard,Italienische Suite,1939,"Romane, Novellen und Erzählungen",Bernhard_Diebold_-_Italienische_Suite.txt,"Es ist so viele Jahre her, daß meine Erzählung von jenem Wächter, der kein wahrer Wächter war, dem Manne nicht mehr schaden kann."
892,Hansjakob, Heinrich,Meine Madonna,1903,Romanhafte Biographien,Heinrich_Hansjakob_-_Meine_Madonna.txt,"Seitdem ich in den »Erinnerungen einer alten Schwarzwälderin« die Geschichte meines mütterlichen Großvaters und seiner Hausierliste geschrieben, sind alle Familienstücke, die ich besitze, unruhig und lebendig geworden."
893,Baumbach, Rudolf,Trug-Gold,1910,Historische Romane und Erzählungen,Rudolf_Baumbach_-_Trug-Gold.txt,Was sich im Wald begab.
894,Wildermuth, Ottilie,"Morgen, Mittag und Abend",1862,"Romane, Novellen und Erzählungen","Ottilie_Wildermuth_-_Morgen,_Mittag_und_Abend.txt","ch weiß nicht, ob andere Nationen so reich sind an Sprüchwörtern, die mißtrauisch gegen frühes Glück machen, wie wir bedachtsamen Deutschen."
895,Hoffmann, C.,Was der Afrikanische Großvater seinen Enkeln erzählt,1912,"Märchen, Sagen, Legenden",C._Hoffmann_-_Was_der_Afrikanische_Großvater_seinen_Enkeln_erzählt.txt,Großvater Moßutho sitzt am Herdfeuer auf der Lapa. 
896,Goethe,Johann Wolfgang von,Der Mann von funzig Jahren,1924,"Romane, Novellen und Erzählungen",Johann_Wolfgang_von_Goethe_-_Der_Mann_von_funfzig_Jahren.txt,"Der Major war in den Gutshof hereingeritten, und Hilarie, seine Nichte, stand schon, um ihn zu empfangen, außen auf der Treppe, die zum Schloß hinaufführte."
897,Braune, Rudolf,Der Kampf auf der Kille,1928,"Romane, Novellen und Erzählungen",Rudolf_Braune_-_Der_Kampf_auf_der_Kille.txt,Zwei Männer kommen über die Kille.
898,Zschokke, Heinrich,Die Rose von Disentis,1822,"Romane, Novellen und Erzählungen",Heinrich_Zschokke_-_Die_Rose_von_Disentis.txt,"Wer ein Leben voll reicher Ereignisse betrachtet, findet darin zuweilen Vorfälle, die romanhafter sind, als alle unsere Alltagsromane."
899,Fontane, Theodor,Meine Kinderjahre,1894,Romanhafte Biographien,Theodor_Fontane_-_Meine_Kinderjahre.txt,"An einem der letzten Märztage des Jahres 1819 hielt eine Halbchaise vor der Löwen-Apotheke in Neu-Ruppin, und ein junges Paar, von dessen gemeinschaftlichem Vermögen die Apotheke kurz vorher gekauft worden war, entstieg dem Wagen und wurde von dem Hauspersonal empfangen."
900,Schätzler-Perasini, Gebhard,Das Verbrechen im Hause Clifford,1923,"Krimis, Thriller, Spionage",Mark_Roberts_-_Das_Verbrechen_im_Hause_Clifford.txt,"In der Neuyorker Fünften Avenue lag das vornehme, von einem herrlichen, wenn auch kleinen Park umgebene Besitztum des bekannten Großindustriellen Mac Clifford, der als Generaldirektor der Trust-Kompanie Clifford & Co. allgemeines Ansehen genoß."
901,Binding, Rudolf G.,Der Wingult,1927,"Romane, Novellen und Erzählungen",Rudolf_Binding_-_Der_Wingult.txt,"Nur wenige haben die wahrhaft wüste und ungeheuerliche Gestalt des Wingult erlebt, die im ersten Jahre des großen Krieges erschien und in einem ungeschlachten Heldentum von kurzer Dauer und kaum erkennbarer Deutung an den Augen der Menschen vorüberzog."
902,Freytag, Gustav,Ingo und Ingraban,1872,Historische Romane und Erzählungen,Gustav_Freytag_-_Ingo_und_Ingraban.txt,"Auf der Berghöhe stand an dem Verhau, das die Wälder der Thüringe von den Katten schied, der junge Wächter und hütete den steilen Pfad, welcher aus den Gründen der Katten nach der Höhe führte."
903,Kronoff,Frida von,Aus Nacht zum Licht,1899,"Romane, Novellen und Erzählungen",Frida_von_Kronoff_-_Aus_Nacht_zum_Licht.txt,"In Lindenheim, dem anmutig zu Füßen der bewaldeten Berglehne gebetteten Dörfchen, gings heut hoch her, denn Kirmeßlust war eingekehrt und leuchtete aus den Gesichtern der müssigen Schulkinder, die scharf Ausschau hielten, ob auch gewiß nichts versäumt werde."
904,Lenk, Margarete,"Thomas, der Leutpriester :  Erzählung aus der Reformationszeit",1909,Historische Romane und Erzählungen,"Lenk,_Margarete_-_Thomas,_der_Leutpriester_:__Erzählung_aus_der_Reformationszeit-71619.txt",Es war im Jahre 1523. 
905,Hollaender, Felix,Sturmwind im Westen,1931,"Romane, Novellen und Erzählungen",Felix_Hollaender_-_Sturmwind_im_Westen.txt,"Als Advokat Gent in den hell erleuchteten Flur trat, stieß er gerade auf den Kollegen Heller, den er erst vor wenigen Tagen draußen im Moabiter Gerichtspalast kennen gelernt hatte."
906,Reinhardt,Luise,Der Major,1869,"Krimis, Thriller, Spionage",Luise_Reinhardt_-_Der_Major.txt,"Es war ein heiterer, warmer Sommertag, als vom Dorfe Gorwisch querfeldein nach dem Biederitzer Busche ein sonderbares Paar durch die wallenden Kornfelder schritt. "
907,Glauser, Friedrich,Wachtmeister Studer,1936,"Krimis, Thriller, Spionage",Friedrich_Glauser_-_Wachtmeister_Studer.txt,"Der Gefangenenwärter mit dem dreifachen Kinn und der roten Nase brummte etwas von »ewigem G'stürm«, – weil ihn Studer vom Mittagessen wegholte."
908,Seidel, Willy,Schattenpuppen,1927,"Romane, Novellen und Erzählungen",Willy_Seidel_-_Schattenpuppen.txt,"Die Scheidewand Djodok schließt die weißbewimperten Augen und fährt noch einmal mit seinen Armen, die doppelt so lang sind als sein Kinderkörper, wie ein erschöpftes Klageweib durch die Luft, als wolle er Unnennbares abwehren."
909,Auerbach, Berthold,Die Geschichte des Diethelm von Buchenberg,1852,"Romane, Novellen und Erzählungen",Berthold_Auerbach_-_Die_Geschichte_des_Diethelm_von_Buchenberg.txt,"In Nordstetten, einem kleinen Gebirgsdorf, wurde Berthold Auerbach am 18. Februar 1812 geboren."
910,Hermann, Georg,Eine Zeit stirbt,1934,"Romane, Novellen und Erzählungen",Georg_Hermann_-_Eine_Zeit_stirbt.txt,"Alle sind damit – mit Unrecht, vielleicht mit Recht, je nach dem, wie man das ansehen will – unzufrieden."
911,Braun, Isabella,Geschichten aus der Jugendzeit,1871,"Romane, Novellen und Erzählungen",Isabella_Braun_-_Geschichten_aus_der_Jugendzeit.txt,"Wer heutigen Tages im Dampfwagen auf dem Wege von Augsburg nach Ulm fährt, gelangt an die kleine Station Jettingen."
912,Edschmid, Kasimir,Die Engel mit dem Spleen,1923,"Romane, Novellen und Erzählungen","Edschmid,_Kasimir_-_Die_Engel_mit_dem_Spleen-63100.txt","Ich warne unbefangene Leute, sich in diese Geschichte einzulassen, die sich aus Kriminalitäten und Unwahrscheinlichkeiten zusammensetzt und vielleicht nicht einmal zeitgemäß scheint."
913,Grosse, Karl,Der Genius,1791,"Romane, Novellen und Erzählungen",Karl_Grosse_-_Der_Genius.txt,"Man wird es hier wahrnehmen können, wie wenig alle menschlichen Kräfte, wie wenig eine geprüfte und aufmerksam gemachte Erfahrung, ja wie kaum alle Veranstaltungen des Schicksals etwas über die verborgenen Plane gewisser Unbekannten vermögen, welche durch die undurchdringliche Hülle der Gewöhnlichkeit verstellt, über die halbe Menschheit unsichtbar wachen."
914,Berend, Alice,Spreemann & Co,1955,"Romane, Novellen und Erzählungen",Alice_Berend_-_Spreemann_&_Co.txt,"Niemand weiß, was aus ihm werden kann."
915,Franzos, Karl Emil,Der Stumme mit dem bösen Blick,1876,"Romane, Novellen und Erzählungen",Karl_Emil_Franzos_-_Der_Stumme_mit_dem_bösen_Blick.txt,"Es war ein schöner, heiterer Junitag; über dem Städtlein am Ortsrand der Karpaten, über dem tiefgrünen Waldgebirg und der braunen Ebene leuchtete die Sonne."
916,Mügge, Theodor,Täuschung und Wahrheit,1859,"Romane, Novellen und Erzählungen",Theodor_Mügge_-_Täuschung_und_Wahrheit.txt,"Es ist nicht möglich, liebste Madame Petermann, denn es wäre gegen alle Grundsätze, sagte Herr Frohlieb."
917,Samarow, Gregor,"Der Todesgruß der Legionen, 1. Band",1870,Historische Romane und Erzählungen,"Samarow,_Gregor_-_Der_Todesgruß_der_Legionen,_1._Band-13657.txt","Am Ufer der Marne, in der Nähe der kreidereichen weißen Ebene der Champagne, liegt die alte Stadt Saint-Dizier, ein kleiner Ort mit etwa fünftausend Einwohnern, deren Industrie zum großen Theil darin besteht die auf der Marne herabgeflößten Holzstämme in Bretter zu zerschneiden--außerdem befinden sich dort berühmte Manufacturen von Eisenwaaren und durch diese Gewerbthätigkeit hat der ganze Ort trotz seiner geringen Ausdehnung, vielleicht gerade wegen derselben eine bedeutende Wohlhabenheit erreicht. "
918,Andreas-Salomé, Lou,Das Haus,1921,"Romane, Novellen und Erzählungen",Lou_Andreas-Salomé_-_Das_Haus.txt,Das Haus lag an der Berglehne und überblickte die Stadt im Tal und langgestreckte Höhen jenseits davon. 
919,Sauer, Karl Marquard,Licht- und Schattenbilder aus dem Wiener Leben,1864,"Humor, Satire",Karl_Marquard_Sauer_-_Licht-_und_Schattenbilder_aus_dem_Wiener_Leben.txt,Das Frühstück eines Hausherrn in der Vorstadt Wien mit seinen 36 Vorstädten zählt in runder Nummer 8000 Häuser.
920,Levett, Oswald,Papilio Mariposa,1935,"Romane, Novellen und Erzählungen",Oswald_Levett_-_Papilio_Mariposa.txt,Es war vor ein paar Jahren in Venedig.
921,Eyth, Max,Im Strom unsrer Zeit. Erster Band. Lehrjahre,1904,Romanhafte Biographien,Max_Eyth_-_Im_Strom_unsrer_Zeit._Erster_Band._Lehrjahre.txt,"Die Entwicklung der Dampfmaschine ist die Schule gewesen, in der die moderne Industrie großgewachsen ist, und der Missionar, der von ihrer Geburtsstätte ausziehend den Samen über Europa verbreitet hat, ist der englische Monteur, der bei jeder Lieferung einer Dampfmaschine vertragsmäßig mitgeschickt wird und mit seiner Maschine in den Dienst des Käufers übergeht."
922,Kompert, Leopold,Geschichten einer Gasse,1865,"Romane, Novellen und Erzählungen",Leopold_Kompert_-_Geschichten_einer_Gasse.txt,In einer mondhellen Sommernacht vermochte sich manches schlaftrunkene Auge in der »Gasse« nicht zu schließen.
923,Courths-Mahler, Hedwig,Die Testamentsklausel,1915,"Romane, Novellen und Erzählungen",Hedwig_Courths-Mahler_-_Die_Testamentsklausel.txt,"Laß uns zum Presseball gehen, Armin!« "
924,Kurz,Isolde,Phantasieen und Märchen,1890,"Märchen, Sagen, Legenden",Isolde_Kurz_-_Phantasieen_und_Märchen.txt,"Wonneschauer durchrieseln mich, ich liege auf meinem Divan ausgestreckt, dessen Polster mich wie weiche Wolken tragen, eine stille alles erfüllende Seligkeit hat mein ganzes Wesen durchflutet."
925,Kellermann, Bernhard,Das Meer,1917,"Romane, Novellen und Erzählungen",Bernhard_Kellermann_-_Das_Meer.txt,"Wir hatten alles, was das Herz begehrt."
926,Dominik, Hans,Die Spur des Dschingis-Khan,1923,Science Fiction,Hans_Dominik_-_Die_Spur_des_Dschingis-Khan.txt,"Archibald Wellington Fox, der Berichterstatter der Chikago-Preß, und Georg Isenbrandt, ein Oberingenieur der Asiatischen Dynothermkompagnie, gingen zusammen den Bismarckdamm in Berlin entlang."
927,Wassermann, Jakob,Olivia oder Die unsichtbare Lampe,1916,"Romane, Novellen und Erzählungen","Wassermann,_Jakob_-_Olivia_oder_Die_unsichtbare_Lampe-21860.txt","Im Hause des Professors Khuenbeck, eines angesehenen Wiener Arztes, war große Gesellschaft."
928,Hopfen, Hans,Verdorben zu Paris,1867,"Romane, Novellen und Erzählungen",Hans_Hopfen_-_Verdorben_zu_Paris.txt,"Mein Gott, wie traurig ist es, in der Fremde zu sein, wenn die Nebel fallen über den Novembertag und sie Einem daheim die liebe Großmutter in die kalte Erde verscharren!"
929,Spielhagen, Friedrich,Sonntagskind. 2. Band,1893,"Romane, Novellen und Erzählungen",Friedrich_Spielhagen_-_Sonntagskind._2._Band.txt,"Was für Justus folgte, war eine lange, lange Fortsetzung des Deliriums, das ihn bereits auf der Flucht durch den Wald ergriffen und dessen Nacht der Schrecken beim Erblicken des toten Vaters nur für einen Moment fürchterlich hatte lichten können."
930,Becker, August,Die Nonnensusel,1886,"Romane, Novellen und Erzählungen",August_Becker_-_Die_Nonnensusel.txt,Mehrere Jahre nach der Gründung der unierten pfälzischen Kirche durch die Vereinigung der Reformierten und Lutheraner hatte es an einem heiteren Herbstsonntag bereits zweimal zum Gottesdienst geläutet
931,May, Karl,Winnetou IV,1910,"Romane, Novellen und Erzählungen",Karl_May_-_Winnetou_IV.txt,"Es war in der Frühe eines schönen, warmen, hoffnungsreichen Frühlingstages. "
932,Oppermann, Heinrich,"Hundert Jahre. 9. Buch. Jähes Ende welfischer, Anfang neuer Dinge",1870,Historische Romane und Erzählungen,"Heinrich_Albert_Oppermann_-_Hundert_Jahre._9._Buch._Jähes_Ende_welfischer,_Anfang_neuer_Dinge.txt","Zu dem nämlichen Tage, an welchem Ernst August aus dem Leben schied, trat der blinde am 27. Mai 1819 geborene König, ohne daß irgendein Bedenken gegen seine Regierungsfähigkeit laut geworden, den Thron durch ein Patent an, in welchem er bei seinem königlichen Worte versicherte, die Verfassung unverbrüchlich zu halten, und das Staatsministerium wie die sämmtliche Dienerschaft (der »Staat« war weggelassen, der König war schon der Staat) in ihren Aemtern bestätigte."
933,Bülow, Frieda von,Die Tochter,1906,"Romane, Novellen und Erzählungen",Frieda_Freiin_von_Bülow_-_Die_Tochter.txt,Die Kinder gingen auf dem kiesbestreuten Gartenweg hin.
934,Jensen, Wilhelm,Nach Sonnenuntergang – Zweites Buch,1879,"Romane, Novellen und Erzählungen",Wilhelm_Jensen_-_Nach_Sonnenuntergang_–_Zweites_Buch.txt,"Was haben wir für das Leben gelernt, wenn wir die Schule verlassen?"
935,Raabe, Wilhelm,Verworrenes Leben. Novellen und Skizzen,1862,"Romane, Novellen und Erzählungen",Wilhelm_Raabe_-_Verworrenes_Leben._Novellen_und_Skizzen.txt,"Glänzend stieg am wolkenlosen Himmel der Vollmond hinter dem Tannenwalde in die Höhe, ohne sich im Geringsten darüber zu verwundern, daß er das kleine Harzdorf Sachsenborn noch auf derselben Stelle in seinem engen Bergthal eingeschachtelt fand, wie gestern, wie vor hundert Jahren, wie vor achthundert Jahren."
936,Keller, Gottfried,Der Landvogt von Greifensee,1877,"Romane, Novellen und Erzählungen",Gottfried_Keller_-_Der_Landvogt_von_Greifensee.txt,"Am 13. Heumonat 1783, also an Kaiser Heinrichs Tag, wie er noch heute rot im Züricher Kalender steht, spazierte ein zahlreiches Publikum aus Stadt und Landschaft nach dem Dorfe Kloten an der Schaffhauser Straße, zu Wagen, zu Pferde und zu Fuß."
937,Lilienfein, Heinrich,Die große Stille: Roman,1912,"Romane, Novellen und Erzählungen","Lilienfein,_Heinrich_-_Die_große_Stille:_Roman-53283.txt",Käthe hatte ihren Posten auf der obersten Treppenstufe gleich gar nicht verlassen.
938,May, Karl,Die Liebe des Ulanen. Teil 4,1885,"Romane, Novellen und Erzählungen",Karl_May_-_Die_Liebe_des_Ulanen._Teil_4.txt,"Das ernste, blasse Gesicht Marions war sich während dieser Rede vollständig gleich geblieben."
939,Kurz,Isolde,Das Haus des Atreus,1939,"Romane, Novellen und Erzählungen",Isolde_Kurz_-_Das_Haus_des_Atreus.txt,"Von allen Herrscherhäusern des alten Griechenland war keines mächtiger, reicher und berühmter als das der Atriden, der Nachkommen des Atreus, die auf dem Peloponnes geboten."
940,Hoffmann, E. T. A. (Ernst Theodor Amadeus),Nachtstücke,1816,Phantastische Literatur,"Hoffmann,_E._T._A._(Ernst_Theodor_Amadeus)_-_Nachtstücke-6341.txt","Gewiß seid Ihr alle voll Unruhe, daß ich so lange - lange nicht geschrieben."
941,Eichendorff, Joseph Freiherr von,Das Schloß Dürande,1837,"Romane, Novellen und Erzählungen",Josef_Freiherr_von_Eichendorff_-_Das_Schloß_Dürande.txt," In der schönen Provence liegt ein Tal zwischen waldigen Bergen, die Trümmer des alten Schlosses Dürande sehen über die Wipfel in die Einsamkeit hinein; von der andern Seite erblickt man weit unten die Türme der Stadt Marseille; wenn die Luft von Mittag kommt, klingen bei klarem Wetter die Glocken herüber, sonst hört man nichts von der Welt. "
942,Lindau, Paul,Die kleine Madonna,1910,"Romane, Novellen und Erzählungen",Paul_Lindau_-_Die_kleine_Madonna.txt,"Hermann Pfeifer behauptete, der Mensch sei von Hause aus kein Monogam, und die Einehe sei eine Kunstbildung der Kultur."
943,Ertl, Emil,Freiheit die ich meine,1925,"Romane, Novellen und Erzählungen",Emil_Ertl_-_Freiheit_die_ich_meine.txt,"Unter der schattenden Esche, die ihre Äste und Zweige wagrecht über das Lattendach der Laube breitete, saßen zwei frische, hübsche Knaben einander gegenüber, jeder sein »Namenbüchlein« in der Hand, wie man damals die Kinderfibeln oder Abcbücher für den Elementarunterricht nannte."
944,Edschmid, Kasimir,Die Achatnen Kugeln: Roman,1920,"Romane, Novellen und Erzählungen","Edschmid,_Kasimir_-_Die_Achatnen_Kugeln:_Roman-39277.txt",Nun stiegen sie schon die zweite Stufenreihe hinunter.
945,Achleitner,Arthur,Die Dobratschrose,1896,"Romane, Novellen und Erzählungen",Arthur_Achleitner_-_Die_Dobratschrose.txt,"Von flutendem Sonnengold übergossen ragt der östlichste Ausläufer der Gailthaler Alpen,        Dobratsch genannt, in den lichtblauen Äther; Kärntens Rigi nennt man den wuchtigen Bergkoloß, der als Aussichtsberg unter allen Gipfeln der herrlichen Ostalpen den ersten Rang einnimmt, und dessen Lob der Ausschau in allen Zungen gepriesen wird."
946,Tieck, Ludwig,Der Roman in Briefen,1797,"Romane, Novellen und Erzählungen",Ludwig_Tieck_-_Der_Roman_in_Briefen.txt,"Es ist um die Schilderung der Menschen eine mißliche Sache! rief Günther aus, als seine Freunde wieder darüber sprachen, wie schon oft geschehen war."
947,Ompteda, Georg Freiherr von,Maria da Caza,1901,"Romane, Novellen und Erzählungen",Georg_Freiherr_von_Ompteda_-_Maria_da_Caza.txt,"Gnädige Frau, wissen Sie denn, daß Stassingk wieder da ist? – fragte im gleichgültigen Ton des Ballgespräches, nur um etwas zu sagen, Herr von Nyvenström, der schwedische Gesandtschaftssekretär."
948,Ebner-Eschenbach, Marie von,"Ein Buch, das gern ein Volksbuch werden möchte",1909,"Romane, Novellen und Erzählungen","Ebner-Eschenbach,_Marie_von_-_Ein_Buch,_das_gern_ein_Volksbuch_werden_möchte-40012.txt",Doktor Nathanael Rosenzweig hatte eine entbehrungsreiche Jugend durchlebt. 
949,Döblin, Alfred,Die Ermordung einer Butterblume und andere Erzählungen,1913,"Romane, Novellen und Erzählungen","Döblin,_Alfred_-_Die_Ermordung_einer_Butterblume_und_andere_Erzählungen-31660.txt",Die Digue von Ostende lag in dem blitzenden Mittagslicht.
950,Kohlhaas,Michael,Die Hügelhöfe,1930,"Romane, Novellen und Erzählungen",Michael_Kohlhaas_-_Die_Hügelhöfe.txt,Schauplatz: die oberbayrische Landschaft.
951,Bechstein, Ludwig,Die Geheimnisse eines Wundermannes. Zweiter Theil,1856,"Romane, Novellen und Erzählungen",Ludwig_Bechstein_-_Die_Geheimnisse_eines_Wundermannes._Zweiter_Theil.txt,Mit Staunen hörte der Hofkreis Herzog Carls II. zu Braunschweig die Erzählung des Helmstädter Professors.
952,Fontane, Theodor,Graf Petöfy,1884,"Romane, Novellen und Erzählungen",Theodor_Fontane_-_Graf_Petöfy.txt,"In einer der Querstraßen, die vom »Graben« her auf den Josephsplatz und die Augustinerstraße zuführen, stand das in den Prinz-Eugen-Tagen erbaute Stadthaus der Grafen von Petöfy mit seinem Doppeldach und seinen zwei vorspringenden Flügeln."
953,Kleist,Heinrich von,Michael Kohlhaas,1810,"Romane, Novellen und Erzählungen",Heinrich_von_Kleist_-_Michael_Kohlhaas.txt,"An den Ufern der Havel lebte, um die Mitte des sechzehnten Jahrhunderts, ein Roßhändler, namens Michael Kohlhaas, Sohn eines Schulmeisters, einer der rechtschaffensten zugleich und entsetzlichsten Menschen seiner Zeit."
954,Heyking, Elisabeth von,"Liebe, Diplomatie und Holzhäuser",1919,"Romane, Novellen und Erzählungen","Elisabeth_von_Heyking_-_Liebe,_Diplomatie_und_Holzhäuser.txt","Während des ganzen langen, lauen Frühlingstages hatte Axel Kronar durch das Coupéfenster die eintönige Ebene an sich vorüberziehen sehen."
955,Ponten, Josef,Rheinisches Zwischenspiel,1937,"Romane, Novellen und Erzählungen",Josef_Ponten_-_Rheinisches_Zwischenspiel.txt,"Eines Tages ging an Christian Heinsberg, Schulmeister im deutschen Dorfe Bellmann auf dem hohen europäischen Ufer der Wolga, der große Wunsch in Erfüllung, den fast ein jeder draußen in der Welt geborene Kolonist, wes Stammes, Standes und Volkes er sei, im tiefsten Herzen trägt; einmal das Vaterland zu sehen, das Ausgangsland, das Heimatland … "
956,Halbe, Max,Generalkonsul Stenzel und sein gefährliches Ich,1931,"Romane, Novellen und Erzählungen",Max_Halbe_-_Generalkonsul_Stenzel_und_sein_gefährliches_Ich.txt,Johann Sebastian Stenzel hatte seinen schlechten Tag.
957,Böhlau, Helene,Der Rangierbahnhof,1895,"Romane, Novellen und Erzählungen",Helene_Böhlau_-_Der_Rangierbahnhof.txt,"Im letzten Winkel des Reichs – dort, wo aus dem bayrischen Algäu die niedrigen Pässe nach Vorarlberg führen, liegt lautlose Dämmerung."
958,Keller,Paul,Ferien vom Ich,1915,"Romane, Novellen und Erzählungen",Paul_Keller_-_Ferien_vom_Ich.txt,Der alte Johannisbrunnen rauscht wieder vor meinem Fenster.
959,Hesse, Hermann,Gertrud,1910,"Romane, Novellen und Erzählungen","Hesse,_Hermann_-_Gertrud-61266.txt","Wenn ich, von außen her, über mein Leben weg schaue, sieht es nicht besonders glücklich aus."
960,Kabel,Walther,Das Haus des Hasses,1929,"Romane, Novellen und Erzählungen",Walther_Kabel_-_Das_Haus_des_Hasses.txt,"Draußen wütete der Wintersturm, jagte Eiskörner gegen die Scheiben."
961,Galen, Philipp,Der Strandvogt von Jasmund - Erster Band,1859,Historische Romane und Erzählungen,Philipp_Galen_-_Der_Strandvogt_von_Jasmund_-_Erster_Band.txt,Philipp Galen wurde am 21. Dezember 1813 zu Potsdam geboren.
962,Klingemann, August,Nachtwachen,1804,"Romane, Novellen und Erzählungen",August_Klingemann_-_Nachtwachen.txt,"Die Nachtstunde schlug; ich hüllte mich in meine abenteuerliche Vermummung, nahm die Pike und das Horn zur Hand, ging in die Finsterniß hinaus und rief die Stunde ab, nachdem ich mich durch ein Kreuz gegen die bösen Geister geschützt hatte."
963,Gangl, Josef,Mein Berg,1912,"Romane, Novellen und Erzählungen",Josef_Gangl_-_Mein_Berg.txt,Heute bin ich mit der Aussaat meines Sommerkornes fertig geworden.
964,Wohlbrück, Olga,Das ist Rußland,1915,"Romane, Novellen und Erzählungen",Olga_Wohlbrück_-_Das_ist_Rußland.txt,Das Gut der Sobatschnikoff ist eines der schönsten im Gouvernement Smolensk. 
965,Strobl, Karl Hans,Rex,1939,"Romane, Novellen und Erzählungen",Karl_Hans_Strobl_-_Rex.txt,"In jenen ersten unruhigen Monaten nach dem Zusammenbruch konnte man fast jede Nacht Schüsse hören, die draußen auf den Feldern fielen."
966,Auerbach, Berthold,Das Landhaus am Rhein / Band II,1869,"Romane, Novellen und Erzählungen",Berthold_Auerbach_-_Das_Landhaus_am_Rhein_|_Band_II.txt,"Die Sperlinge auf den Erlen und Weiden am Ufer der Klosterinsel zwitscherten und schetterten lärmend durcheinander; sie mußten sich wunderviel zu sagen haben, was sie heut erlebt, und wer weiß, ob ein Heute für sie nicht ein viel größerer Zeitraum als für uns."
967,Frenssen, Gustav,Peter Moors Fahrt nach Südwest,1917,"Romane, Novellen und Erzählungen",Gustav_Frenssen_-_Peter_Moors_Fahrt_nach_Südwest.txt,"Als ich ein kleiner Junge war, wollte ich Kutscher oder Briefträger werden; das gefiel meiner Mutter sehr."
968,Werner, Elisabeth,Glück auf!,1902,"Romane, Novellen und Erzählungen",Elisabeth_Werner_-_Glück_auf!.txt,Die Hauptkirche war trotz der späten Nachmittagsstunde noch dicht gefüllt.
969,Hahn-Hahn, Ida von,Peregrin. Erster Band,1864,"Romane, Novellen und Erzählungen",Ida_Gräfin_Hahn-Hahn_-_Peregrin._Erster_Band.txt,Pechpfannen brennen vor dem Portal des Gormschen Hauses.
970,Paul,Jean,Die Vernichtung,1796,"Romane, Novellen und Erzählungen",Jean_Paul_-_Die_Vernichtung.txt,"Ottomar lag im äußersten Hause eines Dorfs, aus dem man die Aussicht auf ein noch unbegrabenes Schlachtfeld hatte, an einem giftigen Faulfieber ohne Hoffnung danieder."
971,Stavenhagen, Fritz,Grau und Golden,1904,"Romane, Novellen und Erzählungen",Fritz_Stavenhagen_-_Grau_und_Golden.txt,"Das weite Schilfmeer, das vom Deich bis nahe an die Fahrrinne des Stromes reichte, hatte wieder einmal Manneshöhe erreicht."
972,Hauptmann,Gerhart,Atlantis,1912,"Romane, Novellen und Erzählungen",Gerhart_Hauptmann_-_Atlantis.txt,Der deutsche Post- und Schnelldampfer »Roland« verließ Bremen am 23. Januar 1892.
973,Zweig, Stefan,Die Liebe der Erika Ewald: Novellen,1904,"Romane, Novellen und Erzählungen","Zweig,_Stefan_-_Die_Liebe_der_Erika_Ewald:_Novellen-38686.txt","Erika Ewald trat langsam ein, mit dem vorsichtig-leisen Gang einer Zuspätkommenden."
974,Sudermann, Hermann,Im Zwielicht,1886,"Romane, Novellen und Erzählungen",Hermann_Sudermann_-_Im_Zwielicht.txt," Die Sterne, die man nicht begehrt."
975,Roquette, Otto,Das Eulenzeichen,1884,"Romane, Novellen und Erzählungen",Otto_Roquette_-_Das_Eulenzeichen.txt,"Auf einer der höchsten Alpenstraßen, eingeschlossen von himmelhohen Granitmauern, mitten im Schneegestöber, standen zwei menschliche Gestalten von sonderbarem Aussehen, welche mit Aufmerksamkeit die nächste Felswand betrachteten und etwas daran zu suchen schienen."
976,Huch, Ricarda,Der Hahn von Quakenbrück und andere Novellen,1910,"Romane, Novellen und Erzählungen","Huch,_Ricarda_-_Der_Hahn_von_Quakenbrück_und_andere_Novellen-27446.txt","Im folgenden wird gemeldet, was die Chroniken über den staatswichtigen Prozeß wegen des eierlegenden Hahnes überliefert haben, durch welchen eine freie Reichsstadt Quakenbrück im Jahre 1650 ängstlich erschüttert wurde und leicht zu gänzlicher Auflösung gebracht worden wäre."
977,Thoma, Ludwig,Münchnerinnen,1919,"Humor, Satire",Ludwig_Thoma_-_Münchnerinnen.txt,In einer Seitengasse der inneren Stadt lag die Spezereiwarenhandlung von Nepomuk Globergers sel. Erben.
978,Bloem, Walter,Komödiantinnen: Roman,1914,"Romane, Novellen und Erzählungen","Bloem,_Walter_-_Komödiantinnen:_Roman-44647.txt",Aus tiefdunklem Jugendschlummer fuhr Hans Thumser mit einem Ruck in die Höhe.
979,Siebe, Josephine,Kasperle auf Reisen: Eine lustige Geschichte,1921,Jugendliteratur,"Siebe,_Josephine_-_Kasperle_auf_Reisen:_Eine_lustige_Geschichte-36813.txt",Mitten im Walde stand irgendwo vor etwa hundert Jahren ein altes Haus.
980,Duncker, Dora,Marquise von Pompadour,1913,Romanhafte Biographien,Dora_Duncker_-_Marquise_von_Pompadour.txt,In dem großen Kamin knisterten die Buchenscheite.
981,Hasek, Jaroslav,Von Scheidungen und anderen tröstlichen Dingen,1927,"Humor, Satire",Jaroslav_Hasek_-_Von_Scheidungen_und_anderen_tröstlichen_Dingen.txt,Zwischen den bayerischen Städten Tillingen und Höchstädt an der Donau herrscht grimmige Feindschaft.
982,Ebner-Eschenbach, Marie Freifrau von,"Lotti, die Uhrmacherin",1880,"Romane, Novellen und Erzählungen","Marie_von_Ebner-Eschenbach_-_Lotti,_die_Uhrmacherin.txt",Fräulein Lotti war soeben erwacht.
983,Mann, Heinrich,Zwischen den Rassen,1907,"Romane, Novellen und Erzählungen",Heinrich_Mann_-_Zwischen_den_Rassen.txt,"Die Schwarzen, die das Pferd am Zaum geführt hatten, mußten ihre Herrin auffangen: ihr ward schwach – und dann lag sie in Farren versteckt; ein Palmenblatt ward bewegt über ihrem dunkeln Scheitel; der große, hellhaarige Mann beugte sich zu seiner bleichen Gefährtin, und das Kind kam zur Welt."
984,Jung, Franz,Das Trottelbuch,1912,"Romane, Novellen und Erzählungen","Jung,_Franz_-_Das_Trottelbuch-36718.txt",Um einen Tisch des Café du Dôme saßen mehrere Herren.
985,Ebers, Georg,Der Kaiser,1881,"Romane, Novellen und Erzählungen",Georg_Ebers_-_Der_Kaiser.txt,"Die Morgendämmerung war geschwunden, die Sonne des ersten Dezembers im Jahre 129 nach der Geburt des Heilands aufgegangen, aber sie wurde von milchweißen Dünsten verhüllt, die dem Meere entstiegen."
986,Heun, Carl,Das Raubschloß,1818,"Romane, Novellen und Erzählungen",H._Clauren_-_Das_Raubschloß.txt,"Eine sehr angenehme Dienstreise führte mich in die Gegend des Riesengebirges, wo ich in meiner früheren Jugend, ein Jahr im Hause meiner Tante Walther, äußerst glücklich verlebt hatte. "
987,Strobl, Karl Hans,Madame Blaubart,1929,"Romane, Novellen und Erzählungen",Karl_Hans_Strobl_-_Madame_Blaubart.txt,Der Polizeikommissär Mirko Bovacs war ratlos.
988,Olden,Balder,Anbruch der Finsternis,1933,"Romane, Novellen und Erzählungen",Balder_Olden_-_Anbruch_der_Finsternis.txt,"Um elf sollte Hans-Heinz entlassen werden, jetzt war es fast ein Uhr, und Gerda saß immer noch einsam am Volant."
989,Oppeln-Bronikowski von, Friedrich,Der Rebell,1905,"Romane, Novellen und Erzählungen",Friedrich_von_Oppeln-Bronikowski_-_Der_Rebell.txt,Die erste steife halbe Stunde des Liebesmahls war glücklich überstanden.
990,Storch,Ludwig,Orestes in Paris,1836,"Romane, Novellen und Erzählungen",Ludwig_Storch_-_Orestes_in_Paris.txt,"Die schöne spröde Amazonenkönigin sank endlich von der Liebe und den Bitten des treuesten Ritters Amadis besiegt, an seine zärtliche Brust, Jean-Botage that einige Freudensätze, machte einen schlechten Witz über ihre glückliche Vereinigung, und der Vorhang fiel unter dem Beifalljauchzen des Publikums."
991,Tieck,Ludwig,Die Glocke von Aragon,1837,"Romane, Novellen und Erzählungen",Ludwig_Tieck_-_Die_Glocke_von_Aragon.txt,Der Rath Eßling war schon seit länger als einem Jahre mit seiner Cäcilie verheirathet.
992,Wassermann,Jakob,Alexander in Babylon,1905,Historische Romane und Erzählungen,Jakob_Wassermann_-_Alexander_in_Babylon.txt,Am neunten Tage des makedonischen Monats Lus begann die Not aufs Höchste zu steigen.
993,Watzlik,Hans,Die Fräulein von Rauchenegg,1929,Historische Romane und Erzählungen,Hans_Watzlik_-_Die_Fräulein_von_Rauchenegg.txt,"Der Major Johann Ignaz Reichsfreiherr von Rauchenegg warf sich gestiefelt und gespornt und samt seinem ungeheuren Schleppsäbel und den Pistolen im Halfter, wie er eben von einem Ritt aus der Stadt Cham zurückgekehrt war, in das hastig aufgerissene Bett."
994,Hesse,Hermann,Peter Camenzind,1904,"Romane, Novellen und Erzählungen","Hesse,_Hermann_-_Peter_Camenzind-41051.txt",Im Anfang war der Mythus.
995,Storm,Theodor,Immensee,1849,"Romane, Novellen und Erzählungen","Storm,_Theodor_-_Immensee-6651.txt",An einem Spätherbstnachmittage ging ein alter wohlgekleideter Mann langsam die Straße hinab.
996,Willkomm,Ernst,Der Halligmann,1858,"Romane, Novellen und Erzählungen",Ernst_Willkomm_-_Der_Halligmann.txt,Fahrt durch die Westsee Während der Blockade der deutschen Seehäfen durch die Dänen im Jahre 1849 war die Schiffahrt auf Nord- und Ostsee sehr gehemmt.
997,Wolff,Julius,Der Raubgraf,1884,"Romane, Novellen und Erzählungen",Julius_Wolff_-_Der_Raubgraf.txt,"Auf einem Felsen hoch über der Stadt Quedlinburg im alten Harzgau steht eine Kaiserpfalz, die schaut rundum in das blühende, fruchtbare Land vom fernblauenden Hackelforst und vom Huywald im Norden bis zu dem langhingestreckten Kamme des Gebirges, der den Blick im Süden begrenzt."
998,Werner,Elisabeth,Vineta,1895,"Romane, Novellen und Erzählungen",_-_Vineta.txt,Der heiße Sommertag neigte sich seinem Ende entgegen.
999,Schnitzler,Arthur,Der Mörder: Eine Novelle,1910,"Romane, Novellen und Erzählungen","Schnitzler,_Arthur_-_Der_Mörder:_Eine_Novelle-25204.txt","Ein junger Mann, Doktor beider Rechte, ohne seinen Beruf auszuüben, elternlos, in behaglichen Umständen lebend, als liebenswürdiger Gesellschafter wohl gelitten, stand nun seit mehr als einem Jahre in Beziehungen zu einem Mädchen geringerer Abkunft, das, ohne Verwandtschaft gleich ihm, keinerlei Rücksichten auf die Meinung der Welt zu nehmen genötigt war."
