ID,filename,sentence_id,text,space_type,date
1,PG54214_raw.txt,1218,"""It was not long till Heracles went out in his might to rid the world of monsters, to defend the innocent and the helpless, and to set right that which is wrong; and, for aught I know, he is toiling still along the straight road of Virtue, towards the blue mountains of Fame.
",no_space,2025-08-10
2,PG33392_raw.txt,2803,"""He--in a business way----"" Anthony muttered vaguely.
",no_space,2025-08-10
3,PG48112_raw.txt,1515,"But I did have it, and I did read it.
",no_space,2025-08-10
4,PG40176_raw.txt,49,"PIPPIN PRAISES THE LORD                    297
",no_space,2025-08-10
5,PG20588_raw.txt,3186,"""Where the surface of a cast plate is polished the material is such that you can see through it, but if it is left rough it is impossible to see through it, although it will permit light to go through.
",no_space,2025-08-10
6,PG35787_raw.txt,3705,"The yells increased.
",no_space,2025-08-10
7,PG1154_raw.txt,1244,"Next he went back to the seashore, mingled with the crowd there and at last sneaked safely on to the big ship.
",action_space,2025-08-10
8,PG24103_raw.txt,2820,"""I do think it very odd that you cannot take that money;
",no_space,2025-08-10
9,PG50824_raw.txt,2586,"As darkness fell he saw members of the party gathering about the blaze with tin cans in their hands.
",visual_space,2025-08-10
10,PG19083_raw.txt,3080,"""I may forgive you, Harding,"" rejoined Jack, ""but I can never forget.""
",no_space,2025-08-10
11,PG14060_raw.txt,8527,"""I don't make out he wasn't human.
",no_space,2025-08-10
12,PG22883_raw.txt,3177,"The rooms were low and cramped, and had a mouldy, disused smell in them.
",descriptive_space,2025-08-26
13,PG28958_raw.txt,3905,"The new flames shot up, and threw a flickering light on the copper faces, many of which still wore the paint of the morning.
",perceived_space,2025-08-26
14,PG28631_raw.txt,1580,"Augustine walked with her to the door and down the stone passage outside, where a strip of faded carpet hardly kept one's feet from the cold.
",action_space,2025-08-26
15,PG30236_raw.txt,407,"The river, that by means of innumerable drains waters almost all these gardens, falls into a deep ravine, bordered on both sides by white and black poplars, osiers, flowering oleanders, and other leafy trees.
",descriptive_space,2025-08-26
16,PG20914_raw.txt,313,"From her window I saw Hendry buying dulse.
",visual_space,2025-08-26
17,PG1448_raw.txt,914,"Then she went to the cupboard and taking out Heidi's things rolled them up in a bundle.
",action_space,2025-08-26
18,PG25857_raw.txt,909,"So she concluded to drop the subject, and use more thought and tact in her endeavours to break up Mona's new friendship.
",no_space,2025-08-27
19,PG15899_raw.txt,341,"Lathrop returned to her own house to shed her apron and wash her hands, and then sallied over to view Mr. Clegg.
",action_space,2025-08-27
20,PG33478_raw.txt,9079,"M'Arthur merely nodded his head, and Cornwallis, rising from his chair, strode a few paces backwards and forwards through the room.
",action_space,2025-08-27
21,PG20247_raw.txt,3791,"He turned toward her with a smile of gratification, as if he knew she had detected something out of the ordinary in him.
",no_space,2025-08-27
22,PG22407_raw.txt,2964,"As the girl bent over the two baskets, lying in the bottom of the vinta, a frown puckered her brow.
",perceived_space,2025-08-27
23,PG2641_raw.txt,2027,"As she spoke, she pulled off her rings, of which she wore several, and ranged them upon the pin cushion.
",action_space,2025-08-27
24,PG1872_raw.txt,5205,"I think in his heart he hoped I should be his Boswell.
",no_space,2025-08-27
25,PG6578_raw.txt,5772,"She found her father arranging the morning's mail.
",action_space,2025-08-27
26,PG13152_raw.txt,7472,"As she approached, she satisfied herself apparently that she was the first on the ground, for she slackened her pace once more and walked in the listless way that people assume when they are waiting.
",action_space,2025-08-27
27,PG17530_raw.txt,277,"Maida sat up in bed with a vigor that surprised her father.
",action_space,2025-08-27
28,PG51354_raw.txt,2302,"And I hope you’ll never see Maude Kent again.
",no_space,2025-08-27
29,PG49426_raw.txt,2218,"“Has he ever spoken of marriage?”
",no_space,2025-08-27
30,PG33785_raw.txt,1644,"""I wonder what's keeping Miss Farnum?"" she added thoughtfully, as she returned to the dressing-room.
",action_space,2025-08-27
31,PG32115_raw.txt,6497,"She found her chair and sank into it.
",action_space,2025-08-27
32,PG53851_raw.txt,498,"Deborah summoned Ephraim, an old servant of the house, who with Huldah his wife assisted in bringing Elkiah into the roof chamber;
",action_space,2025-08-27
33,PG47564_raw.txt,502,"The next morning the king and the prime-minister were talking over what they had seen.
",no_space,2025-08-27
34,PG36522_raw.txt,4845,"One of these was a storeroom for dynamite and other camp equipment, one was a bedroom, and the other was an armory.
",descriptive_space,2025-08-27
35,PG26389_raw.txt,2582,"Laughing at his own ancient witticism, Captain Lem started houseward with ""Netty"" in his arms, the little thing nestling down in them as if it knew it had found a friend.
",action_space,2025-08-27
36,PG37429_raw.txt,397,"“Most folks go over for other things than to see the fine towns,” remarked Mr. Alexander.
",no_space,2025-08-27
37,PG38323_raw.txt,265,"fetch me my horse--he is tethered to the clump of elms to the right there.'
",action_space,2025-08-27
38,PG49553_raw.txt,1645,"Hallibut arose and stretched his long arms.
",no_space,2025-08-27
39,PG39709_raw.txt,803,"Then you will be lovely, without flaw.
",no_space,2025-08-27
40,PG52810_raw.txt,1190,"Behind them again lumbered the bear, apparently not in any particular hurry, but still getting over the ground uncomfortably fast for those he was pursuing.
",action_space,2025-08-27
41,PG18579_raw.txt,2325,"The latter turned her screw a few times once in a while to keep from drifting, and Christy saw from his chart that the water was too shallow for her in the direction in which the tug was approaching her.
",visual_space,2025-08-27
42,PG17342_raw.txt,66,"""You also said no one cared,"" I went on, courageously.
",no_space,2025-08-27
43,PG32365_raw.txt,4204,"A long run brought the ball to within a few feet of Regal's goal, and a score looked certain.
",action_space,2025-08-27
44,PG708_raw.txt,1303,"'I am not quite so great as all that,' she answered, smiling almost merrily.
",no_space,2025-08-27
45,PG28648_raw.txt,2068,"A little crease came between her eyes, but it seemed to him it made her prettier than before.
",no_space,2025-08-27
46,PG35186_raw.txt,1735,"How the time went they had no idea.
",no_space,2025-08-27
47,PG45622_raw.txt,485,"The house faced the east, and, built on an English model, was far wider than deep.
",descriptive_space,2025-08-27
48,PG47640_raw.txt,7518,"A sudden excitement caught him.
",no_space,2025-08-27
49,PG33210_raw.txt,2259,"""That's as fast as some trains,"" Tom said.
",no_space,2025-08-27
50,PG22225_raw.txt,2238,"Hidden like a crab in your shell, you think everything on the outside is going wrong.
",no_space,2025-08-27
51,PG28958_raw.txt,3230,"I will tell her.
",no_space,2025-08-27
52,PG21573_raw.txt,791,"Philip, assisted by Amine, carried the carbines and pistols into the adjoining chamber;
",action_space,2025-08-27
53,PG30302_raw.txt,6703,"""My name is Lohm,"" said Axel, feeling the folly of attempting to defy anyone so absolutely powerful in the place where he was; and he proceeded to explain the crime of which he was suspected.
",no_space,2025-08-27
54,PG20259_raw.txt,1074,"""Can't be seen far even if the fog is thinner,"" objected Jim.
",visual_space,2025-08-27
55,PG23208_raw.txt,415,"""I know the place, Walky,"" he agreed.
",no_space,2025-08-27
56,PG42562_raw.txt,2310,"“No one seems to take that MacNutt person seriously but me,” he mused softly, “but if I don’t miss my guess, he’s fooling them all.”
",no_space,2025-08-27
57,PG1607_raw.txt,2759,"Of what use is life to me, with distractions that draw my thoughts to earth as gravitation drew my body?
",no_space,2025-08-27
58,PG33615_raw.txt,1911,"Allen Winthrop knew full well that he had a long journey before him and one that would, perhaps, be full of peril, yet his heart did not fail him as he and Noel Urner rode away, bound first for Dottery's ranch, and then for the railroad station, over a hundred miles away.
",action_space,2025-08-27
59,PG29439_raw.txt,5326,"He waited in silence for Reisen to unfold his enigma, but already his resentment against Richling was gathering itself for a spring.
",no_space,2025-08-27
60,PG43344_raw.txt,2882,"“I deeply regret that an unpleasant duty had fallen to my lot, particularly as our country has every reason to be grateful to America.”
",no_space,2025-08-27
61,PG2031_raw.txt,123,"He then hastily purchased a ticket to Houston, Texas, and boarded the train.
",action_space,2025-08-27
62,PG7529_raw.txt,2108,"She grew dizzy, remembering how she had refused him, and how little he had liked it, that day at Saint-Germain.
",no_space,2025-08-27
63,PG3268_raw.txt,4799,"She withdrew from the casement, while they passed, but soon returned to observe them further.
",action_space,2025-08-27
64,PG14107_raw.txt,122,"At the opening bars of the _Gagliarda_ the creaking of the chair occurred spontaneously with the utmost regularity.
",perceived_space,2025-08-27
65,PG20053_raw.txt,3967,"And then he and his brothers wheeled it to one side, so the runabout could pass.
",action_space,2025-08-27
66,PG40403_raw.txt,2842,"I was his nearest relative; and, in time, when his affairs are finally settled, I shall inherit his estate.
",no_space,2025-08-27
67,PG31718_raw.txt,2805,"George paused a moment, then laughed a little apologetically.
",no_space,2025-08-27
68,PG32537_raw.txt,1513,"Then before the boy could strike back at him Conroy had dodged away and was off down the street, running, while Bulldog Smouder followed.
",action_space,2025-08-27
69,PG35987_raw.txt,217,"At length, however, the laborer was seen to depart and to make his way across the valley and disappear into the mountains.
",visual_space,2025-08-27
70,PG33048_raw.txt,2185,"To his surprise, Jap took the bundles and walked out with Isabel.
",action_space,2025-08-27
71,PG25708_raw.txt,1867,"The commandant sat up in bed.
",action_space,2025-08-27
72,PG23643_raw.txt,2835,"He rode his old white pony down to the quay, and sat there watching the ships go out with the tide.
",visual_space,2025-08-27
73,PG39159_raw.txt,629,"""If we're going to that island we may as well start right away,"" said Button-Bright, when they had safely landed.
",action_space,2025-08-27
74,PG35049_raw.txt,711,"At a number of steep places, he lost his footing and slid several bow-lengths before he regained his balance.
",action_space,2025-08-27
75,PG40105_raw.txt,1678,"In the glare of the hall light Joe saw that the youth was Ford Weston.
",perceived_space,2025-08-27
76,PG48937_raw.txt,4276,"Outside were the usual summer sounds, the rattle of the dog's feet on the porch floor as he capered about her.
",perceived_space,2025-08-27
77,PG54808_raw.txt,1982,"She turned the lamp full on and sat down in a chair by the fire-place.
",action_space,2025-08-27
78,PG50198_raw.txt,833,"Merrill looked around the yard and saw what she had been too excited before to notice.
",visual_space,2025-08-27
79,PG31005_raw.txt,2359,"With her, nothing ever came to a quarrel.
",no_space,2025-08-27
80,PG25448_raw.txt,3829,"but Colney Hatch found Miss Mink sniffing mouse-like sniffs in a corner, and wept with her, and offered her a live bat that she had just caught, by way of consolation.
",action_space,2025-08-27
81,PG20052_raw.txt,2928,"Up went the parasol altogether, and Kathie slipped to the ground.
",action_space,2025-08-27
82,PG730_raw.txt,7092,"Oliver needed no prompting to despatch, and in little more than five minutes they were on their way to Craven Street.
",action_space,2025-08-27
83,PG778_raw.txt,2721,"'Oh! - horrid! - you wouldn't believe,' she said.
",no_space,2025-08-27
84,PG52900_raw.txt,2264,"The day was Sunday, and the house so still that he never waked till near noon, and, looking round him, saw an eager little face peering in at the door.
",visual_space,2025-08-27
85,PG19607_raw.txt,341,"""Anything we can help you with?"" asked Betty, with a smile.
",no_space,2025-08-27
86,PG49967_raw.txt,1075,"It was very hot and almost suffocating in the midst of the forest through which the devastating fire had so recently passed.
",perceived_space,2025-08-27
87,PG37487_raw.txt,792,"""I'm not looking for any chance bullets,"" Ned replied, coolly.
",no_space,2025-08-27
88,PG26242_raw.txt,6670,"""Picture this girl, Lily,"" said the enthusiastic josser, ""picture this girl on her trestles, doing weights, balancings, all sorts of things.
",no_space,2025-08-27
89,PG20821_raw.txt,3880,"In a minute the whole meeting was clapping as hard as it could.
",no_space,2025-08-27
90,PG30642_raw.txt,4055,"""I know, of course.
",no_space,2025-08-27
91,PG27935_raw.txt,2966,"Now every one looked at Fred, but these were congratulatory glances, with a bit of hero worship about them.
",no_space,2025-08-27
92,PG55148_raw.txt,2632,"I had my plan.
",no_space,2025-08-27
93,PG3670_raw.txt,435,"He paused, and his eye looked back over many years.
",no_space,2025-08-27
94,PG32241_raw.txt,2591,"""Go down-stairs, you vicious boy!"" said Mrs. Todgers, holding the door open.
",action_space,2025-08-27
95,PG25892_raw.txt,3868,"""Did you ever hear him speak?"" asked Nolan.
",no_space,2025-08-27
96,PG33218_raw.txt,3690,"I will keep on giving them a happy ending, that my readers may finish them contentedly.
",no_space,2025-08-27
97,PG20163_raw.txt,1327,"The man who ruined me was once my friend.
",no_space,2025-08-27
98,PG17878_raw.txt,942,"""Can he jiggle--I mean juggle?""
",no_space,2025-08-27
99,PG23627_raw.txt,2093,"""When are you going to start?""
",no_space,2025-08-27
100,PG17761_raw.txt,331,"""I'm terrible glad you came, Grandpa Ford,"" said Mun Bun, as he sat opposite the old gentleman at the table.
",action_space,2025-08-27
101,PG24177_raw.txt,1777,"Because, being filled with love for them, I recognize the same quality in what they feel for me, and only need a sign to read the meaning back of it.
",no_space,2025-08-27
102,PG3146_raw.txt,1814,"The scales fell from Swithin St. Cleeve's eyes as he heard the words of his neighbours.
",no_space,2025-08-27
103,PG39587_raw.txt,3731,"But human nature works in them just the same as in anybody else.
",no_space,2025-08-27
104,PG21052_raw.txt,1110,"The boys glanced at each other, pale-faced.
",no_space,2025-08-27
105,PG41581_raw.txt,3233,"""Most extraordinary!""
",no_space,2025-08-27
106,PG36907_raw.txt,2303,"Quinn sat taking her cup of coffee the next morning when Owen made his appearance.
",action_space,2025-08-27
107,PG38609_raw.txt,3013,"Rather than tie up at the dock that night, which would bring them too near the not very pleasant sights and sounds of a waterfront neighborhood, it was decided to anchor the _Bluebird_ out some distance in the lake.
",action_space,2025-08-27
108,PG40484_raw.txt,620,"At about the same moment the chief of police was indulging in this tirade, Muggs groaned, tried to turn over and found that he could not, experienced nausea, wondered whether he was being taken down with some disease--and then made the discovery that he was bound and gagged and lashed to the bed.
",action_space,2025-08-27
109,PG46010_raw.txt,221,"""Are you feeling very tired, daughter?""
",no_space,2025-08-27
110,PG27680_raw.txt,60,"A moment later, when he realized that his ""joke"" had failed to raise a laugh, Bunny looked disappointed.
",no_space,2025-08-27
111,PG36888_raw.txt,3317,"Daylight was breaking when the Sioux again overtook their comrades with the captured ponies.
",action_space,2025-08-27
112,PG43835_raw.txt,120,"On the other hand, if the soul did not exist, and if the faculty of thinking were only a function of the brain, we should no longer be able to say that _we have_ a body, for it would be our body, our brain, _that would have us_.
",no_space,2025-08-27
113,PG21507_raw.txt,2365,"A number of the men had climbed aboard by this time.
",action_space,2025-08-27
114,PG48133_raw.txt,5390,"Lady Lane did not pursue the subject, but she continued to look anxiously at him.
",no_space,2025-08-27
115,PG638_raw.txt,1231,"As the night advanced, a slight white mist rose from the river, and the declining moon, bowed over the tops of the forest, seemed to seek the repose of the earth, like a wayward and wandering lover who returns at last to lay his tired and silent head on his beloved’s breast.
",perceived_space,2025-08-27
116,PG26160_raw.txt,2063,"They turned one corner and then another, and soon reached an alleyway between two houses located on a street behind the store.
",action_space,2025-08-27
117,PG545_raw.txt,980,"I could have wept for relief.
",no_space,2025-08-27
118,PG40607_raw.txt,663,"His right hand did not let his left know what it was doing, but proceeded quite independently to grip as much of Lathrop's hair as it would hold.
",no_space,2025-08-27
119,PG20359_raw.txt,215,"And one day when nobody came into the store from ten till four, and loose winds went in a pack about the village streets, casting up dry, icy dust where now and then some sharp muzzle reared out of the press as they turned the corners, he spoke to Mr. Greenslet about it.
",perceived_space,2025-08-27
120,PG19113_raw.txt,6994,"Internally she brimmed with a level content.
",no_space,2025-08-27
121,PG26207_raw.txt,1209,"Though he was elected, more out of gratitude for what he had tried to do for the town than because people thought he would make a fair judge, he got no further than his office in popular esteem.
",no_space,2025-08-27
122,PG23955_raw.txt,561,"Ernest flung his arm up in defense as Jane threw herself joyfully upon him.
",no_space,2025-08-27
123,PG14563_raw.txt,6145,"But he was smiling.
",no_space,2025-08-27
124,PG31804_raw.txt,2502,"He departed in the same state in which he arrived, but I was irresistibly reminded of a conquered enemy who has been accorded the honors of war.
",action_space,2025-08-27
125,PG30855_raw.txt,3028,"That seemed to her to symbolize the completeness of the breach the day had made between her husband and herself.
",no_space,2025-08-27
126,PG48357_raw.txt,2334,"“Yes, sir, with her father to help her,” laughed Eric.
",no_space,2025-08-27
127,PG44633_raw.txt,3566,"""Mother!"" said the woman, speaking loudly, as if to waken a soul from the depths, ""this is Brother Hampstead!""
",no_space,2025-08-27
128,PG33019_raw.txt,588,"""Sergeant McQuade here""--he indicated the detective whom Miss Temple recognized by a slight inclination of her head--""wishes to ask you a few questions.""
",no_space,2025-08-27
129,PG44819_raw.txt,5305,"And, sure enough, it was only a few months later that he bore away from the Crescent City the fairest flower of the Magnolia State, his bonny bride.
",action_space,2025-08-27
130,PG49979_raw.txt,6374,"Lady Stair gazed from the window blindly on the dark streets.
",visual_space,2025-08-27
131,PG29573_raw.txt,4606,"""How often?"" says I, wrinkling my brow, ""indeed you mean, how many times?""
",no_space,2025-08-27
132,PG27587_raw.txt,9051,"He was pushing aside the spear and forcing a packet into Hippon’s hands.
",action_space,2025-08-27
133,PG28741_raw.txt,341,"Both the men looked at him and laughed.
",no_space,2025-08-27
134,PG14060_raw.txt,9056,"Until one day an infinite weakness laid hold of him, and his pain grew faint and all his thoughts and memories grew faint--and still fainter....
",no_space,2025-08-27
135,PG19498_raw.txt,2833,"Just why he was going to Hoboken he really didn't know, but it made little difference what he did.
",no_space,2025-08-27
136,PG28391_raw.txt,2006,"All of this was quite unintelligible to the two men, who could scarcely have been more bewildered and alarmed if they had found themselves confronted by one of those ""white things"" that Bud had described to his wife; and when they heard the unmistakable sound of footsteps on the road, without being able to see who or what it was that made the noise, they could stand it no longer, but faced about and ran for their lives.
",perceived_space,2025-08-27
137,PG27741_raw.txt,2479,"Philip turned in his chair and looked at Adam.
",action_space,2025-08-27
138,PG28743_raw.txt,371,"""I wish she could,"" said Dorothy kindly.
",no_space,2025-08-27
139,PG19539_raw.txt,3315,"""You see, it's this way, me lads,"" he explained affably.
",no_space,2025-08-27
140,PG2870_raw.txt,115,"Mrs. Penniman had never had a lover, but her brother, who was very shrewd, understood her turn of mind.
",no_space,2025-08-27
141,PG35035_raw.txt,1198,"The consciousness that she was wrong and he was right--that she ought to have done as he told her--would force itself upon her in spite of her efforts.
",no_space,2025-08-27
142,PG46699_raw.txt,5351,"""Is it finally settled?"" the Judge asked, listening.
",no_space,2025-08-27
143,PG26208_raw.txt,1336,"She realized that there had been some childish squabble and she never paid much attention to such.
",no_space,2025-08-27
144,PG17545_raw.txt,1761,"The air felt chill and clinging, like that of a vault; and heaven above, and earth beneath betrayed a severity of mood infinitely depressing.
",perceived_space,2025-08-27
145,PG49227_raw.txt,1597,"""Then I went to bed, and Miss Pike set up the screen between me and the gas-light, and she read, and I went to sleep.
",action_space,2025-08-27
146,PG41784_raw.txt,1817,"I know one thing, he didn't render us the slightest help, and in my opinion there is only one bigger coward and scoundrel in the country, and that's yourself.""
",no_space,2025-08-27
147,PG47900_raw.txt,6908,"The man was now climbing up the stair and reached the landing.
",action_space,2025-08-27
148,PG17118_raw.txt,2267,"""It's getting ready to spring!"" whispered Alice.
",no_space,2025-08-27
149,PG44588_raw.txt,3437,"If the world says this, what am I to answer?’
",no_space,2025-08-27
150,PG22743_raw.txt,1926,"She tore down Ruth's hair and rubbed some lotion into it that darkened its color, too.
",no_space,2025-08-27
151,PG41471_raw.txt,2705,"Well, one said one thing, one another.
",no_space,2025-08-27
152,PG17333_raw.txt,1943,"""Any time before five will do,"" says he.
",no_space,2025-08-27
153,PG2600_raw.txt,19108,"He noticed this hesitation in Dron’s look and therefore frowned and moved closer up to him.
",no_space,2025-08-27
154,PG38357_raw.txt,5132,"I was up very early on the morning of the Czar's visit.
",no_space,2025-08-27
155,PG50607_raw.txt,3310,"“Thanks, I can easily manage it,” answered Katharine, careful, however, to speak in her ordinary tone of voice.
",no_space,2025-08-27
156,PG29877_raw.txt,5207,"""Oh, but, Jerry, you were so sure!
",no_space,2025-08-27
157,PG18413_raw.txt,2131,"I must have the twins invite her to spend some Saturday with us.
",no_space,2025-08-27
158,PG44796_raw.txt,58,"There were many windows, each with a saucy head looking out of it.
",descriptive_space,2025-08-27
159,PG3797_raw.txt,4631,"I was so busy, I say, with my share in this dustman’s work that I did not notice, as I should otherwise have done, the little indications of change in my mother’s state.
",no_space,2025-08-27
160,PG48453_raw.txt,2491,"""I never tried either of those costumes,"" I answered, ""but if you saw me in my ordinary clothes you wouldn't take me for a farmer.""
",no_space,2025-08-30
161,PG38523_raw.txt,4865,"The second mate was a Groton man, a grim old salt who had sailed in many seas.
",no_space,2025-08-30
162,PG26182_raw.txt,693,"""I was going to close the window,"" came from Mrs. Stanhope.
",action_space,2025-08-30
163,PG34281_raw.txt,4384,"I said breathlessly.
",no_space,2025-08-30
164,PG33065_raw.txt,3613,"A feeling of ""home"" had come to him, a feeling he had not had on coming to Chicago.
",perceived_space,2025-08-30
165,PG42077_raw.txt,1853,"The highest point of land that the canal must traverse is Gold Hill, at the famous Culebra, where it is 662 feet above the sea level.
",descriptive_space,2025-09-01
166,PG22827_raw.txt,5064,"I'll never forget the glorious hour when we were on our knees and pushed away the leaves and found the arbutus.
",no_space,2025-09-01
167,PG31057_raw.txt,4565,"Her eyes kept their secrets under his questioning eyes.
",no_space,2025-09-01
168,PG46358_raw.txt,471,"What's the difference?
",no_space,2025-09-01
169,PG39248_raw.txt,897,"She found herself on a broad platform as wide as the hive and extending forward for what seemed to her a long distance, but which was in reality only a few inches.
",perceived_space,2025-09-01
170,PG22938_raw.txt,336,"Then the good things have their turn--health, better and more admiring friends, fame, money, love.
",no_space,2025-09-01
171,PG15281_raw.txt,1116,"One day the boy went out alone in a rowboat to see if he could find any fish.
",action_space,2025-09-01
172,PG53604_raw.txt,6456,"They were not accustomed to the water, and when the wind had filled her sail and the yacht began to careen to one side, they almost wished that they had never come.
",perceived_space,2025-09-01
173,PG21540_raw.txt,2561,"Paul and his lady rose then, and hand in hand, walking softly as if in the presence of one that was not dead, but sleeping, they sought the house together.
",action_space,2025-09-01
174,PG39138_raw.txt,7222,"“You devil, you witch, you besom! Go!” he cried.
",no_space,2025-09-01
175,PG32336_raw.txt,2131,"The man walked a few yards away toward a corner of the house.
",action_space,2025-09-01
176,PG28805_raw.txt,3866,"""He disappeared in the woods somewhere and I am going to find him.
",action_space,2025-09-01
177,PG5950_raw.txt,1179,"It still might be considered as an open road, along the south side of which stood various houses and hotels belonging to the nobility, having gardens behind them down to the water-side, with stairs to the river, for the convenience of taking boat;
",descriptive_space,2025-09-01
178,PG48537_raw.txt,1809,"Nevertheless it made him very, very uncomfortable, and of course the more uncomfortable he got the more blunders he made.
",no_space,2025-09-01
179,PG47562_raw.txt,317,"In the rear was a long shed, where horses were tied up during services.
",descriptive_space,2025-09-01
180,PG33293_raw.txt,2480,"It's got very good windows and an open outlook.
",descriptive_space,2025-09-01
181,PG42562_raw.txt,1387,"Shortly after this incident a light appeared in one of the rooms.
",perceived_space,2025-09-01
182,PG35728_raw.txt,1420,"“Well, I rather guess not, Herb,” grinned the other.
",no_space,2025-09-01
183,PG39899_raw.txt,1703,"As they travelled toward the place where the sun set, she took a piece of the dry meat from her bundle and started to chew it.
",action_space,2025-09-01
184,PG17053_raw.txt,834,"""Then stop your ears with your thumbs,"" she exclaimed, ""and you will not hear it.""
",no_space,2025-09-01
185,PG40104_raw.txt,921,"A dozen or more grim-faced men and women were gathered in the lawyer’s office when Tobias Bassett entered.
",action_space,2025-09-01
186,PG43766_raw.txt,1278,"He had come to the conclusion that a big ship like ours, even though she might be a whaler, would not loaf around in that fashion unless for mischief; and once this idea was in his head the skipper cast off from his prize, making all sail to windward.
",action_space,2025-09-01
187,PG36523_raw.txt,5876,"""I do.""
",no_space,2025-09-01
188,PG44457_raw.txt,1185,"“What’s up?” he asked, glancing from Tom to the cabin.
",visual_space,2025-09-01
189,PG35787_raw.txt,1181,"Her eyes would meet his, as if she couldn't help herself.
",no_space,2025-09-01
190,PG46597_raw.txt,7019,"""Well, I like him,"" replied Paganel.
",no_space,2025-09-01
191,PG28697_raw.txt,2868,"""When did you come?"" the latter asked, as if in surprise as he glanced meaningly toward a rather disreputable looking boy at his side.
",no_space,2025-09-01
192,PG15654_raw.txt,8226,"They fell and lingered on a card-table where some empty glasses decorated the green baize top.
",visual_space,2025-09-01
193,PG31135_raw.txt,919,"Suddenly he jumped up and jerked the window-shade so that it flew up to the top of the window, then dragged his chair closer to the window, and continued examining the shoes through his two instruments.
",action_space,2025-09-01
194,PG45839_raw.txt,436,"The Count himself came forward and took off the cover of a dish, and I fell to at once on an excellent roast chicken.
",action_space,2025-09-01
195,PG40024_raw.txt,97,"I should say not!
",no_space,2025-09-01
196,PG35336_raw.txt,4747,"She had given no instructions to the driver, nor did he appear to expect any.
",no_space,2025-09-01
197,PG38888_raw.txt,3085,"I had been in my room less than half an hour, when I heard Carnes come stumbling noisily through the passage.
",action_space,2025-09-01
198,PG5148_raw.txt,1156,"If my nephew comes with me, my nephew is my care.
",no_space,2025-09-01
199,PG39166_raw.txt,1478,"About a week had elapsed, when Pavel read in his morning paper of the hanging of three revolutionists in Odessa: two Gentiles and a Jew.
",action_space,2025-09-01
200,PG56896_raw.txt,4548,"It must be explained that Tom and his father, on reaching New York late in the evening, went to the Astor House to spend the night.
",action_space,2025-09-01
201,PG52143_raw.txt,2257,"He was not, however, drowned.
",no_space,2025-09-01
202,PG34296_raw.txt,533,"The tone brought the blood to Ross's cheek.
",no_space,2025-09-01
203,PG56563_raw.txt,4072,"Still, she said she was well and perfectly happy.
",no_space,2025-09-01
204,PG949_raw.txt,906,"""Is that you?""
",no_space,2025-09-01
205,PG38872_raw.txt,1843,"The troop-horses, whose bits he had heard jingling a few minutes before, were gone;
",perceived_space,2025-09-01
206,PG20985_raw.txt,1745,"There, the flame again began to show up, and dispell the gloom.
",perceived_space,2025-09-01
207,PG21832_raw.txt,1734,"The Krishnos were bound with their heads side by side, and a cloth put over their heads, so that they had no knowledge who their tormentors were.
",action_space,2025-09-01
208,PG73_raw.txt,1388,"The youth felt instant panic at this question, although at first its full import was not borne in upon him.
",no_space,2025-09-01
209,PG27679_raw.txt,1095,"""Green, I hope you haven't an idea that I'm the crook,"" Hal went on.
",no_space,2025-09-01
210,PG19337_raw.txt,344,"No, nor did he believe it even now.
",no_space,2025-09-01
211,PG28551_raw.txt,1672,"After a few hours' travel we came upon the grassy shore of another little lake, where the bells of several outfits were tinkling merrily.
",perceived_space,2025-09-01
212,PG22284_raw.txt,7086,"Roger's face was like stone.
",no_space,2025-09-01
213,PG30792_raw.txt,2274,"As they rush along, the crowd give way on all sides, and now a kind of ring or circus is formed, within which the strange men exhibit their horsemanship, rushing past each other, in and out, after the manner of a reel, the tall man occasionally balancing himself upon the saddle, and standing erect on one foot.
",action_space,2025-09-01
214,PG33927_raw.txt,1918,"""If I had only,"" became a favorite sentence with Louis, as time went on.
",no_space,2025-09-01
215,PG20795_raw.txt,1740,"This spectacle restoring her to a sense of the proprieties, she stood for some few moments silent, with her mouth wide open; and then, posting off to the bed on which the Baby lay asleep, danced in a weird, St. Vitus manner on the floor, and at the same time rummaged with her face and head among the bedclothes, apparently deriving much relief from those extraordinary operations.
",action_space,2025-09-01
216,PG40795_raw.txt,3328,"""I don't know who can have told you that,"" she replied.
",no_space,2025-09-01
217,PG43940_raw.txt,2731,"The accident that had befallen the great pitcher was a subject of the keenest anxiety.
",no_space,2025-09-01
218,PG6431_raw.txt,825,"Blount fairly gasped.
",no_space,2025-09-01
219,PG48720_raw.txt,1546,"“Oh, Philip!”
",no_space,2025-09-01
220,PG27674_raw.txt,2133,"How slowly the ship moved, now that they were nearing the end of their journey from the perils of the sea.
",perceived_space,2025-09-01
221,PG24695_raw.txt,2890,"He had not the least hope of any other consummation.
",no_space,2025-09-01
222,PG51777_raw.txt,1388,"Meanwhile Captain Doc entered his own apartments, which it will be remembered, were in the same building as the armory or drill room.
",action_space,2025-09-01
223,PG8647_raw.txt,7341,"It proceeds from the impetuous velocity of the waves, which, rushing ahead so much faster than the vessel that is even driving before the gale, breaks against the quarter, or stern, and throws its masses of water along the deck, in a line with its keel.
",perceived_space,2025-09-01
224,PG35042_raw.txt,2018,"There's a human critter out there in the snow.""
",descriptive_space,2025-09-01
225,PG10212_raw.txt,316,"You can't tell when his mind is in condition for running amuck, but suddenly he will whoop like a drunken man, strike his poor patient wife over the back with his trunk and grab her tail and try to pull it out by the roots, and jump up and crack his heels together like a drunken shoemaker, and bellow as though he was saying he was a bad man from Bitter Creek.
",no_space,2025-09-01
226,PG30006_raw.txt,2306,"""Wait, dear!""
",no_space,2025-09-01
227,PG16505_raw.txt,3779,"Was it that beside his splendid shallows the more luminous depths of Nicholas's nature still showed supreme?
",no_space,2025-09-01
228,PG146_raw.txt,2517,"She wakened from her dream at the shock, and, catching her breath, stood still a second.
",action_space,2025-09-01
229,PG34864_raw.txt,1702,"The shouts continued, but as they sounded farther and farther away, the trembling lad concluded that pursuers and pursued must have turned the bend in the road.
",perceived_space,2025-09-01
230,PG5730_raw.txt,2414,"But I do not think he could give a reason if he were asked.
",no_space,2025-09-01
231,PG44928_raw.txt,509,"Nathalie faltered a moment, for she had seen a smile creep into the eyes of the girls, which she knew would become a laugh if she did not say the right thing.
",no_space,2025-09-01
232,PG38421_raw.txt,161,"All along the moist banks grew other flowers that were never seen in the dry ground above--the blue star, and scarlet and white verbenas; and sweet-peas of all colours; and the delicate red vinegar flower, and angel's hair, and the small fragrant lilies called Mary's-tears, and tall scattered flags, flaunting their yellow blossoms high above the meadow grass.
",descriptive_space,2025-09-01
233,PG26240_raw.txt,1072,"She was ashamed of her disloyalty, and felt a rush of impetuous anger against Ben and his people for thrusting themselves between her and her own.
",no_space,2025-09-01
234,PG19223_raw.txt,1420,"""Oh, I hope not!"" murmured the girl.
",no_space,2025-09-01
235,PG43197_raw.txt,1037,"A boy has just come in here with a note, which he says he found in the street.
",action_space,2025-09-01
236,PG30457_raw.txt,4024,"Five minutes later, the Grenadiers of the Rhone and six other regiments of their division marched into Moscow to extinguish the flames.
",action_space,2025-09-01
237,PG31801_raw.txt,2424,"He told of the delight of the Highlanders in the sight of the Great Smoky Mountains, how they rejoiced to climb the crags and steep ravines even of the foothills.
",perceived_space,2025-09-01
238,PG40735_raw.txt,106,"I do remember hugging some one and being hugged, next door--once in the bay-window by the red geraniums, whose scent still bears to me some faint, sweet airs of summers gone.
",perceived_space,2025-09-01
239,PG28229_raw.txt,2652,"""Oh, cut it out--cut it out!"" rasped Lucius.
",no_space,2025-09-01
240,PG42754_raw.txt,2913,"""You're a whole lot bossier than you were the day I met you in the Brain Workers' Exchange,"" she said petulantly.
",no_space,2025-09-01
241,PG155_raw.txt,731,"I received a message from the footman to say that a gentleman wanted to see me.
",no_space,2025-09-01
242,PG20834_raw.txt,1427,"Ruth looked at him sadly but questioningly.
",no_space,2025-09-01
243,PG50823_raw.txt,2437,"“This is very interesting, Bunk.”
",no_space,2025-09-01
244,PG19946_raw.txt,2843,"Everywhere the invigorating odor of pine lay in the air.
",perceived_space,2025-09-01
245,PG37710_raw.txt,1846,"We had tea out-of-doors, for October has come in like a spring day, warm and clear and beautiful.
",perceived_space,2025-09-01
246,PG19010_raw.txt,1455,"""From the top of yon tower I can show you the path to Hamish Beg's.  Follow me,"" he said, turned his pony, and led the way up the hill with a sinister air.
",action_space,2025-09-01
247,PG35423_raw.txt,783,"""He means walkin' this-a-way,"" and her hands went across the table in a ""toeing-in"" gait, illustrative of the defect known as ""pigeon toes.""
",action_space,2025-09-01
248,PG39122_raw.txt,1298,"So, in spite of all my protestations, it was agreed.
",no_space,2025-09-01
249,PG31241_raw.txt,5506,"What was the use of thinking of it?
",no_space,2025-09-01
250,PG18079_raw.txt,846,"He remembered the voices he had heard in the little schoolhouse in the spring.
",no_space,2025-09-01
251,PG15180_raw.txt,2406,"Weston, who was beginning on a fresh ball of yarn.
",action_space,2025-09-01
252,PG27674_raw.txt,1263,"As the captain stood there with the revolver at his side, but pointed at the man, Alfred slowly closed the door.
",action_space,2025-09-01
253,PG39544_raw.txt,7528,"""I will gladly remind them,"" said the cowed usurer, leaving the room.
",action_space,2025-09-01
254,PG28574_raw.txt,3576,"But I tell um we got to skin dat fox.
",no_space,2025-09-01
255,PG33601_raw.txt,2413,"It is not only because you are sad, though not for worlds     would I trouble you now, but because I am afraid.
",no_space,2025-09-01
256,PG20445_raw.txt,1869,"Why was he so anxious to see her, as he had not been the first night or yesterday, or even ten minutes ago?
",no_space,2025-09-01
257,PG28514_raw.txt,3291,"So down I went, like a dutiful wife, to the room full of smoke and talk, where two big men and one very thin woman in a baby-bear motor coat were drinking Scotch highballs with my lord and master.
",action_space,2025-09-01
258,PG7529_raw.txt,1948,"Mr. Flack asked with a kind of portentous calm.
",no_space,2025-09-01
259,PG34926_raw.txt,2027,"A FEW moments after Bobbin's disappearance inside the house Mollie O'Neill had suddenly torn herself away from the people closed about her in their effort to hide from her eyes the possible destruction of her home.
",action_space,2025-09-01
260,PG53252_raw.txt,307,"We went through the outer courts where there were soldiers who carried naked swords in their hands.
",action_space,2025-09-01
261,PG37976_raw.txt,766,"Then the jagged rocks surrounding them melted away in the rear, and they passed into a country that lay peaceful and smiling under the pleasant rays of the sun.
",perceived_space,2025-09-01
262,PG42545_raw.txt,444,"“Whatever do you mean, Sir?” he exclaimed.
",no_space,2025-09-01
263,PG44633_raw.txt,986,"Then he drove his pen deep into his inkwell and began to write.
",action_space,2025-09-01
264,PG6858_raw.txt,2065,"""Then I can't guess,"" sighed Grace.
",no_space,2025-09-01
265,PG29129_raw.txt,337,"The Big Muddy, as Missourians affectionately call the turbid stream that gives name to their State, rolled sluggishly between the Parkville shore and the low banks fringed with cottonwoods that were the eastern boundary of Kansas.
",perceived_space,2025-09-01
266,PG25781_raw.txt,1483,"The Duke scowled at Warren, vainly attempting to divine the meaning of the Yankee slang.
",no_space,2025-09-01
267,PG32723_raw.txt,921,"I told him all my conversation with Silas, and it appeared to please him greatly that the lad was not willing to explain how he counted on going.
",no_space,2025-09-01
268,PG39984_raw.txt,3564,"She seated herself by the telephone and snatched up the receiver as if she were going to shake it.
",action_space,2025-09-01
269,PG19538_raw.txt,2767,"""And when do you expect to return to the United States?"" asked the general.
",no_space,2025-09-01
270,PG21863_raw.txt,301,"I am therefore going to trust you, and tell you something that I had no intention of mentioning when I sent for you this evening.
",no_space,2025-09-01
271,PG22879_raw.txt,626,"He drew his watch from his pocket, resolving to wait five minutes longer, and then, if the kavass did not return, to lift the curtain, come what might.
",action_space,2025-09-01
272,PG39868_raw.txt,1574,"""You are to lift the latch, open the door, and walk boldly into the cottage.
",action_space,2025-09-01
273,PG45347_raw.txt,972,"However, to prevent a recurrence of the mistake he had previously made, he tore a map of the world and a map of Europe from his geography, and, folding them up, placed them in his pocket.
",action_space,2025-09-01
274,PG40620_raw.txt,3264,"“You have never told me your last name, Archie,” she said gently as she took a seat beside him.
",action_space,2025-09-01
275,PG50394_raw.txt,2751,"Taking his little soft hand between her own, and very gently lest she should wake him, she dropped loving mother kisses on it.
",no_space,2025-09-01
276,PG30914_raw.txt,3286,"It greatly delighted Dot, for she did so love polysyllables.
",no_space,2025-09-01
277,PG17564_raw.txt,7990,"""Well, I have the consolation of thinking that I have done my duty,"" she said to Mrs. Voorhees.
",no_space,2025-09-01
278,PG1730_raw.txt,807,"But let's have done with beating about the bush.
",no_space,2025-09-01
279,PG1606_raw.txt,5727,"On the islet appeared a beautiful woman, clad in a watchet-coloured silken mantle, bound with a broad girdle inscribed with characters like the phylacteries of the Hebrews.
",visual_space,2025-09-01
280,PG33234_raw.txt,4768,"Let him die, if he must.
",no_space,2025-09-01
281,PG23643_raw.txt,1264,"He waited for her, still holding her close, but she said nothing.
",no_space,2025-09-01
282,PG17181_raw.txt,1640,"If, Phoebe, time may plead the proof of my truth, twice seven winters have I loved fair Phoebe: if constancy be a cause to farther my suit, Montanus' thoughts have been sealed in the sweet of Phoebe's excellence, as far from change as she from love: if outward passions may discover inward affections, the furrows in my face may decipher the sorrows of my heart, and the map of my looks the griefs of my mind.
",no_space,2025-09-01
283,PG950_raw.txt,716,"Mr. Foger knew nothing of Sam, naturally.
",no_space,2025-09-01
284,PG54995_raw.txt,1757,"""Once I did,"" said the rabbit.
",no_space,2025-09-01
285,PG23662_raw.txt,10587,"Seizing the heavy body in his strong arms he dragged it clear of the weed, and laid it upon its back.
",action_space,2025-09-01
286,PG42049_raw.txt,270,"“I’m afraid he is hurt this time.”
",no_space,2025-09-01
287,PG36538_raw.txt,3155,"And Marion's feelings were correct.
",no_space,2025-09-01
288,PG2480_raw.txt,6518,"He sat long enough for the declining sun to dip behind the roofs of the town at his back, and throw the shadow of the houses on the lake front over the islet, before he pulled out of his pocket a fountain pen, opened a small notebook on his knee, and began to write quickly, raising his eyes now and then at the connecting arm of the bridge.
",perceived_space,2025-09-01
289,PG8295_raw.txt,1068,"There were not a great many other guests, when they all arrived, and we sat down, a party not much larger than at Mrs. Makely's.
",action_space,2025-09-01
290,PG26208_raw.txt,168,"""I have something for you, Molly, and you shall have it if you will answer me one question.""
",no_space,2025-09-01
291,PG46371_raw.txt,1068,"""The better prepared she is the greater our victory will be.""
",no_space,2025-09-01
292,PG28444_raw.txt,3232,"How can it hurt you, when I am only your little adopted foster child that you have helped support and comfort and make a beautiful, glad life for?
",no_space,2025-09-01
293,PG36232_raw.txt,969,"Had it been consistent with his purposes, he would have spared her that suffering.
",no_space,2025-09-01
294,PG40480_raw.txt,3084,"Their numbers didn’t help them.
",no_space,2025-09-01
295,PG52872_raw.txt,1762,"“You’re made of mischief,” laughed Hickson.
",no_space,2025-09-01
296,PG22063_raw.txt,4562,"You pity me, fear for me, and you have known so few other girls.
",no_space,2025-09-01
297,PG36115_raw.txt,6303,"""Like a shot,"" said Sir Wilton, a touch of pique in his tone.
",no_space,2025-09-01
298,PG34826_raw.txt,5138,"""Ain't you got any nerve a-tall?""
",no_space,2025-09-01
299,PG1460_raw.txt,1987,"The person whom he addressed in vain endeavoured to impress him with the indifference to external form which is the natural result of philosophy, or entreat him to recall the superiority of mental talents to the more attractive attributes that are merely personal.
",no_space,2025-09-01
300,PG28915_raw.txt,3716,"The people were drinking at the   inn, and dancing upon the green.
",action_space,2025-09-01
301,PG27661_raw.txt,4038,"The grey eyes glanced at him keenly for a moment, then swiftly turned away.
",no_space,2025-09-01
302,PG53414_raw.txt,3430,"Then both left the stage on hands and knees, each trying to keep the other back.
",action_space,2025-09-01
303,PG20033_raw.txt,373,"It was not until all the whistles in town had announced the birth of the New Year that the party broke up, and it was not until then that Quin realized that he was very tired, and that his pulse was behaving in a way that was, alas, all too familiar.
",perceived_space,2025-09-01
304,PG2664_raw.txt,6471,"The next night, at the same hour, Adela Glyndon died.
",no_space,2025-09-01
305,PG18310_raw.txt,9147,"The thumping of drums, shrill flutes, and an undefined noise rhythmic in its character, in which human voices and numerous rattles were confusedly mingled, issued from a quarter above which a glow arose like that of a fire burning within.
",perceived_space,2025-09-01
306,PG26695_raw.txt,2331,"""I am sorry you are sick, Andre,"" said the great man.
",no_space,2025-09-01
307,PG41890_raw.txt,4268,"""I am his mother confessor.""
",no_space,2025-09-01
308,PG45687_raw.txt,2665,"""But he was there,--he was not a minute late?"" asked Carolyn, with uncontrollable interest.
",no_space,2025-09-01
309,PG29646_raw.txt,1564,"Only in the last few hours since twilight had she admitted to herself the possibility that such a hope lurked behind her vigil.
",perceived_space,2025-09-01
310,PG133_raw.txt,3774,"Loitering along the shelves, the young minister's eye suddenly found itself arrested by a name on a cover.
",visual_space,2025-09-01
311,PG40922_raw.txt,911,"At the last line of his speech, she made one wild gesture of despair, and threw herself backward upon Ghisleri's ready arm.
",no_space,2025-09-01
312,PG2432_raw.txt,4553,"'Wait!
",no_space,2025-09-01
313,PG4306_raw.txt,5956,"'And in truth you would be better cared for there.'
",no_space,2025-09-01
314,PG19235_raw.txt,1625,"Altogether the change in his appearance was so great that his most intimate friend would hardly have recognised in him the youth who had been called the best dressed man in the T. I. class of '99 a few months earlier.
",no_space,2025-09-01
315,PG18058_raw.txt,2036,"""Indeed it has, papa,"" she replied, giving him an ardent hug.
",no_space,2025-09-01
316,PG267_raw.txt,663,"She bent to flick a caterpillar from the honey-suckle; then, as they turned indoors, “If we mean to go on the yacht next Sunday,” she suggested, “oughtn’t you to let Mr. Flamel know?”
",action_space,2025-09-01
317,PG44616_raw.txt,729,"Again and again have I sat on the puncheon benches, my feet numbed with the frost, my teeth chattering until it was necessary to thrust the corner of mother's mantle into my mouth to prevent unseemly noise, almost envying Master Hopkins when he walked from his bench to the pulpit in order to turn the hourglass for the second or third time, because of his thus having a chance for exercising his limbs.
",perceived_space,2025-09-01
318,PG21882_raw.txt,697,"""By George!"" says he.
",no_space,2025-09-01
319,PG24427_raw.txt,3168,"Always a good shot, I drew my revolver, aimed it at the nearest horse, and pulled the trigger.
",action_space,2025-09-01
320,PG224_raw.txt,5438,"Stephen instantly recognised the familiar voice, richer and fuller now than it used to be. “Elfride!” he whispered to himself, and held fast by a sapling, to steady himself under the agitation her presence caused him.
",no_space,2025-09-01
321,PG26208_raw.txt,674,"Now, I don't want my Polly to be that way, and I must ask her not to be so rude as to abuse hospitality by belittling the customs of a house or the town, state or locality in which it is.
",no_space,2025-09-01
322,PG18091_raw.txt,4585,"Maggie and Isabelle looked sweet as two new-blown roses, and Thomas J. smart and handsome.
",no_space,2025-09-01
323,PG48296_raw.txt,4664,"“She’s got a fine rich organ, a little untrained, perhaps, but not bad for a _débutante_.
",no_space,2025-09-01
324,PG1625_raw.txt,1013,"Frank, remembering the friendly reproof which he had just received, passed over the other officers of the _Wanderer_, and made a special effort to be civil to Crayford’s friend.
",no_space,2025-09-01
325,PG42365_raw.txt,2201,"Promontory after promontory tapered down at the far point to a surf-beaten line of rocks.
",action_space,2025-09-01
326,PG23988_raw.txt,4562,"Her glance fell.
",no_space,2025-09-01
327,PG9908_raw.txt,3511,"Sweat dripped from the faces of the dancers, deep flushes discoloured all not so heavily enamelled as to preserve an inalterable complexion, the eyes of many stared with the fixity of hypnosis.
",no_space,2025-09-01
328,PG41879_raw.txt,3752,"Some one was at the foot of the stairs.
",descriptive_space,2025-09-01
329,PG23192_raw.txt,5154,"Up hill and down, through timber and brush, sometimes on a trail and sometimes not, ever making northward, on they went, with the burro the nimblest of all, and Mr. Adams having hard work, occasionally, with his lame leg.
",action_space,2025-09-01
330,PG910_raw.txt,1279,"The noise he made was too much for the moose-bird, who sought safety in flight.
",perceived_space,2025-09-01
331,PG40075_raw.txt,5585,"These last words of the Bohemian struck the commander, and he started.
",no_space,2025-09-01
332,PG36881_raw.txt,2086,"He asked: ""Why do you think I have said anything?""
",no_space,2025-09-01
333,PG30022_raw.txt,599,"It is not likely that you will ever be as prudent as you are daring, and I foresee a troubled career, whether it be long or short, for you.
",no_space,2025-09-01
334,PG39666_raw.txt,2195,"They looked for cigarettes in the silver box lined with cedar which stood on the mantel-shelf, but some one had smoked them all and the box was empty.
",action_space,2025-09-01
335,PG33610_raw.txt,1403,"What tales I could tell you of it, if only they interested you!
",no_space,2025-09-01
336,PG139_raw.txt,4157,"A scuffle broke out in the back benches, and blows were freely exchanged among the medical students who crowded that part of the hall.
",action_space,2025-09-01
337,PG25865_raw.txt,385,"What's the name of your car, Mr. Banks?""
",no_space,2025-09-01
338,PG40141_raw.txt,688,"Her eyes, following the girl as she complied with the grim request, lit up with satisfaction, her mouth trembled in the effort for calm indifference.
",no_space,2025-09-01
339,PG35031_raw.txt,2151,"An exasperated expression crossed Montell’s face.
",no_space,2025-09-01
340,PG33645_raw.txt,5847,"And Crotty was not a remarkably common name.
",no_space,2025-09-01
341,PG30938_raw.txt,1343,"By the way, where's Lois?"" she asked abruptly.
",no_space,2025-09-01
342,PG40067_raw.txt,3541,"""What shall we do now?""
",no_space,2025-09-01
343,PG20383_raw.txt,3616,"Madeleine Verrier gazed at her friend in silence.
",no_space,2025-09-01
344,PG50678_raw.txt,2939,"“That’s a short jointer,” said Jim Alburgh.
",no_space,2025-09-01
345,PG23299_raw.txt,1564,"For a few moments after she had opened her eyes the young girl had not quite understood where she was, for she had lain down exhausted, and sleep had come to her as her head touched the pillow.
",action_space,2025-09-01
346,PG1368_raw.txt,4211,"I was afraid that even if he lived, his reason would go, but from certain indications I do not think that will happen now.
",no_space,2025-09-01
347,PG43471_raw.txt,729,"In the strange confusion of her abrupt departure Nita did not notice that she had left Dorian Mountcastle's room by a door exactly opposite to the one she had entered.
",action_space,2025-09-01
348,PG38186_raw.txt,2733,"And the first person he saw, who actually opened the door of their compartment, was a certain grim railway policeman, who, on Henry Harper's last appearance at Blackhampton Central Station, had led him outside by the ear and cuffed him soundly for having ventured to appear in it.
",action_space,2025-09-01
349,PG33476_raw.txt,2147,"Arrived at the roadway it had been already determined that, as the day was already well spent, they would return to Feeney's for the night, then make for Midlandville in the morning.
",action_space,2025-09-01
350,PG133_raw.txt,6279,"The dim, cold gray of twilight was sifting furtively through the lace curtains of the front windows when Mrs.
",perceived_space,2025-09-01
351,PG6406_raw.txt,3564,"“Good father,” he said, “I fear that you mistake the man with whom you wish me to harbour.
",no_space,2025-09-01
352,PG47417_raw.txt,208,"They took a long trip overland, got possession of a gold mine, and later went to Mexico, where they were in great danger.
",action_space,2025-09-01
353,PG31528_raw.txt,348,"He returned about four o'clock and burst into the store, flushed and jubilant.
",action_space,2025-09-01
354,PG47900_raw.txt,958,"She raised her head proudly, and stared into the glowing embers.
",visual_space,2025-09-01
355,PG42531_raw.txt,4482,"First I hear the church bells ringing—quite loud, pealing; and my heart goes thumpetty-thump because I’m going to be married, which I shall never be in my life.
",perceived_space,2025-09-01
356,PG26892_raw.txt,945,"For Waggie had been chewing at a bone on the floor ever since the entrance of the Confederate, and his master had not addressed a word to him during that time.
",action_space,2025-09-01
357,PG16468_raw.txt,472,"But there was none in the room, and it was contrary to the rules of etiquette for any person to leave it until the Princess was taken from the basket.
",action_space,2025-09-01
358,PG1368_raw.txt,3331,"I have been studying this book of writings, or world pictures,” and he pointed to my atlas which, as I now observed for the first time, was also lying upon the table.
",visual_space,2025-09-01
359,PG28093_raw.txt,2799,"I'm not saying that there were no holes in my argument, no links missing in the chain....
",no_space,2025-09-01
360,PG28454_raw.txt,1603,"""Now, if you feel equal to standing up, we'll have this rain-coat on you, and then run you down to the yacht.
",action_space,2025-09-01
361,PG43021_raw.txt,1725,"“Always thinking about money.”
",no_space,2025-09-01
362,PG28740_raw.txt,2391,"""Barnacle's nose might have deceived him,"" said Laura.
",no_space,2025-09-01
363,PG25159_raw.txt,1593,"Nothing nearly so simple and devilish as the actual truth occurred to them; and it was brought home with the force of a blow, when they reached the Warehouse.
",action_space,2025-09-01
364,PG26635_raw.txt,1244,"It was Phyllis Harrington's firm belief that Mr. De Guenther could produce anything anybody wanted at any time, or that if he couldn't his wife could.
",no_space,2025-09-01
365,PG52557_raw.txt,3157,"""It’s some foolishness,"" began Midkiff again.
",no_space,2025-09-01
366,PG45839_raw.txt,7874,"We all assured him.
",no_space,2025-09-01
367,PG22095_raw.txt,1112,"However, it did not seem to her of much importance then.
",no_space,2025-09-01
368,PG209_raw.txt,1654,"“If I didn’t—and you, too; if I didn’t—!” he repeated as if retreating for a jump, yet leaving his thought so unfinished that, after we had come into the gate, another stop, which he imposed on me by the pressure of his arm, had become inevitable.
",action_space,2025-09-01
369,PG12175_raw.txt,388,"He was past forty now.
",no_space,2025-09-01
370,PG32106_raw.txt,939,"The night had fallen now.
",perceived_space,2025-09-01
371,PG1281_raw.txt,3081,"The first gray streaks of dawn finally shone through the only window of their prison.
",perceived_space,2025-09-01
372,PG35281_raw.txt,1129,"“Oh, no!” said the raccoon, looking rather guilty, in spite of his assurance.
",no_space,2025-09-01
373,PG40814_raw.txt,1101,"October had come! coy and chill in the morning, warm and winning at noon, veiling her coat of many colors in a fleecy mist at evening, yet lovely still in all her changeful moods.
",perceived_space,2025-09-01
374,PG37332_raw.txt,1000,"This, at least, was what Sara gathered from his letters.
",no_space,2025-09-01
375,PG19083_raw.txt,156,"Through the driving sand he had distinctly seen three enormous forms sweep by, seen like dim shadows in the gloom around.
",visual_space,2025-09-01
376,PG7437_raw.txt,395,"The mother listened to her child's account with a pale and restless face.
",no_space,2025-09-01
377,PG33466_raw.txt,3873,"I had not yet quite got myself accustomed to a girl who was interested in such things, though, in these days, I must confess, saw no reason why she should not be.
",no_space,2025-09-01
378,PG120_raw.txt,1607,"“Ben Gunn,” he answered, and his voice sounded hoarse and awkward, like a rusty lock.
",no_space,2025-09-01
379,PG10743_raw.txt,852,"Mr. Bailiff, who was, as I guessed, the little man in the periwig, sat at the top of the table, and Mr. Clerk sat at the bottom, and on chairs were placed their hats, and travelling-cloaks, and bundles of papers tied together with green tape.
",descriptive_space,2025-09-01
380,PG22743_raw.txt,2230,"Nobody but her immediate friends would distinguish Ruth from a Gypsy now.
",no_space,2025-09-01
381,PG43423_raw.txt,4611,"""You never know,"" she said.
",no_space,2025-09-01
382,PG26232_raw.txt,1554,"It was Grandma standing at the foot of the stairs and calling them.
",action_space,2025-09-01
383,PG34468_raw.txt,5271,"""He never did, I suppose?""
",no_space,2025-09-01
384,PG39294_raw.txt,6500,"She could not.
",no_space,2025-09-01
385,PG31259_raw.txt,1149,"""Over a year!""
",no_space,2025-09-01
386,PG45443_raw.txt,3043,"In a sheltered spot at the foot of a great morainal ridge the three climbers sat down and ate their lunch.
",action_space,2025-09-01
387,PG16473_raw.txt,797,"""Why,"" said the boy, looking up at her with wide-open blue eyes, ""I take a good stiff word (I like 'em stiff, like that an--an_ti_cipate feller), and I says it over and over while I pull up ten weeds,--big weeds, o' course, pusley and sich.
",action_space,2025-09-01
388,PG5230_raw.txt,2852,"I was so unnerved by this encounter that I went into Covent Garden Market and sat down for some time in a quiet corner by a stall of violets, panting and trembling.
",action_space,2025-09-01
389,PG42797_raw.txt,1591,"I have heard the cuckoo calling, calling beyond the stream;
",perceived_space,2025-09-01
390,PG11144_raw.txt,1773,"The young man in the Panama expressed the deepest gratitude, and Billy, assuring him he would see him later, continued to the power-house, still wondering where he had seen him before.
",action_space,2025-09-01
391,PG41489_raw.txt,2674,"So accomplished was he in this very Oriental art that it was not uncommon for one or other of the sentries to listen to him through the opening in the shed wall, and the head-warder who locked the prisoners’ fetters would himself sometimes squat down at the door before leaving them at night, and remain an interested auditor until the blast of a horn warned all in fort and town that the hour of sleep had come.
",action_space,2025-09-01
392,PG32843_raw.txt,2703,"Then she began to listen to the voices about her, and presently caught a sentence which puzzled her.
",no_space,2025-09-01
393,PG42287_raw.txt,2187,"She and Aunt Nan talked with Miss King for a while, and then walked about the campus until time to dress for dinner.
",action_space,2025-09-01
394,PG20193_raw.txt,344,"I shall be with you during the day--at meals and all--and in the evening until bedtime.
",no_space,2025-09-01
395,PG1267_raw.txt,3086,"“Omnipotence,” replied Kai Lung, spreading out his hands to indicate the full extent of his submission, “not even a piece of the finest Ping-hi silk could be inserted between the deepest secret of this person’s heart and your all-extracting gaze.
",no_space,2025-09-01
396,PG25838_raw.txt,702,"In a few moments the three were seated at a carved and polished table overloaded with silver and cut glass, one on each side of Madame Bonanni.
",action_space,2025-09-01
397,PG22904_raw.txt,627,"He went downstairs with the others, laughing with Burke, who had a dozen army reminiscences to exchange with him, and bidding as small a good-by as decency permitted to Logan.
",action_space,2025-09-01
398,PG27437_raw.txt,806,"Congratulations echoed dully.
",no_space,2025-09-01
399,PG10662_raw.txt,3449,"And I ceased from my journeying, and lookt about me over the Land, and lo!
",action_space,2025-09-01
400,PG17152_raw.txt,1423,"Her attitude is only what that of every true follower of God should be.
",no_space,2025-09-01
401,PG38795_raw.txt,3257,"But no sooner had his feet touched the planks than two figures sprang towards him, a blanket was thrown over his head, and before he could utter a sound he was flung down, gagged, and pinioned.
",action_space,2025-09-01
402,PG40661_raw.txt,88,"Budd rolled over on the rug in his ecstasy, and Cherry was about to roll on top of him, when March interfered, and order was restored.
",action_space,2025-09-01
403,PG26061_raw.txt,3663,"Plenty of natural pasture, plenty of timber, an' this little creek's the coldest, an' it always seems to me, its water is the sparklin'est of 'em all.
",perceived_space,2025-09-01
404,PG29029_raw.txt,7650,"Jerome Fandor slipped on his overcoat and took the stairs at a rush in the wake of Juve.
",action_space,2025-09-01
405,PG32577_raw.txt,1181,"He had hung his hopes high on the Doctor's arguments.
",no_space,2025-09-01
406,PG30448_raw.txt,1051,"McGrath shrugged his shoulders.
",no_space,2025-09-01
407,PG18617_raw.txt,2842,"On the rail of the one on the port side sat the fat captain of the garrison of the place.
",descriptive_space,2025-09-01
408,PG38934_raw.txt,27,"A dark form stole softly up the long drive leading to the barn and paused before the door.
",action_space,2025-09-01
409,PG15899_raw.txt,328,"""I said 't if your father was some older--""
",no_space,2025-09-01
410,PG44478_raw.txt,1825,"“We must get down there on top of the ledge, and dig an opening.”
",action_space,2025-09-01
411,PG29753_raw.txt,1747,"She looked at herself in a mirror, conscious of Mary's amused expression.
",visual_space,2025-09-01
412,PG32115_raw.txt,6870,"She began with an eloquent throb in her voice.
",no_space,2025-09-01
413,PG4703_raw.txt,4339,"""Yes, I love her,"" he said, softly.
",no_space,2025-09-01
414,PG11012_raw.txt,2028,"The food was at times so distasteful and poorly cooked that I could not eat it.
",no_space,2025-09-01
415,PG18960_raw.txt,769,"When Geoffrey entered that evening the great drawing-rooms of his old home he found that they had been transformed from shabby and musty apartments into beautiful modern salons, which had the air of having been long lived in by people of refinement.
",perceived_space,2025-09-01
416,PG51198_raw.txt,515,"A long silence ensued, Jessie watching delightedly as the little repast was disposed of, entertaining her brother the while with a constant stream of talk, all fed from the fountain-head of their own little circle, their own humble and struggling life.
",no_space,2025-09-01
417,PG27575_raw.txt,2627,"Homais went on, raising his eyebrows and assuming one of his most serious expressions, ""that the agricultural meeting of the Seine-Inferieure will be held this year at Yonville-l'Abbaye.
",no_space,2025-09-01
418,PG36429_raw.txt,848,"Very conscious of her new hat was Randy, and she longed to find Helen that she might talk with her.
",no_space,2025-09-01
419,PG47128_raw.txt,4037,"Give me a hand.
",no_space,2025-09-01
420,PG36170_raw.txt,6176,"My son, Gordon, is here to represent our interests.
",no_space,2025-09-01
421,PG39296_raw.txt,5117,"Outside, the sun fell hotly on the steep red roofs, with their rows of casements, and on the sleepy square, in which knots of people still lingered, talking of the morning's events.
",perceived_space,2025-09-01
422,PG22231_raw.txt,548,"Not fifty yards away, in a sunny opening, lay a mass of brownish fur which could belong to nobody but a bear _in propria persona_.
",descriptive_space,2025-09-01
423,PG45975_raw.txt,536,"""Indeed!--my nurse never told me that.""
",no_space,2025-09-01
424,PG50177_raw.txt,5907,"Leonard relapsed into silence.
",no_space,2025-09-01
425,PG21894_raw.txt,2093,"""He'll never forgive you, Jack, for knocking him into the river,"" said Randy, while the Rovers and their friends walked slowly back to the Hall.
",action_space,2025-09-01
426,PG30299_raw.txt,3064,"You're a good boy, and I'm proud of you, but I don't like to see young folks putting themselves in opposition to the judgment of their elders.
",no_space,2025-09-01
427,PG36511_raw.txt,6787,"A fine woman like that with a good position and any amount of money.
",no_space,2025-09-01
428,PG22004_raw.txt,3559,"Lastly,--and here, at last, Nicholas spoke with some faint hesitation, it was Anton's express wish to resign the conductor's baton, during the interpretation of the symphony, to the composer himself!
",no_space,2025-09-01
429,PG29760_raw.txt,3847,"The fact is, I am utterly reckless, this morning, and I don't know nor care what I am saying.
",no_space,2025-09-01
430,PG37929_raw.txt,2674,"There, in plain view, were the footprints of two Chinese and the unmistakable mark of a white man's foot.
",visual_space,2025-09-01
431,PG19303_raw.txt,493,"The water was sufficiently clear for him to make out an indistinct outline of the rock on which the raft was hung, and as the rain was still falling, he quickly regained the shelter of the ""shanty,"" there to consider the situation.
",visual_space,2025-09-01
432,PG45136_raw.txt,2837,"""Yes, yes,"" acknowledged the general, feeling that every word he said only made the other two angrier, but still clinging to his deductions as to his life’s principles.
",no_space,2025-09-01
433,PG1188_raw.txt,2803,"Through the wide window she saw Lady Arabella enter the plain gateway of the farm, and advance towards the hall door.
",visual_space,2025-09-01
434,PG37338_raw.txt,2209,"""They happen to make all the difference between life and death,"" said Dollar gravely.
",no_space,2025-09-01
435,PG18654_raw.txt,2520,"""I am glad that Kate is particular,"" said Mrs. Loudon.
",no_space,2025-09-01
436,PG21219_raw.txt,5107,"""What is it?"" asked Gardley, awed with the awful sorrow in the strong man's attitude.
",no_space,2025-09-01
437,PG37418_raw.txt,2402,"After a time the notion came to us of rigging up a mast and sail, and trying what we could do in real navigation.
",action_space,2025-09-01
438,PG33884_raw.txt,1668,"He let slip the potato he was peelin', and it rolled under the stove.
",action_space,2025-09-01
439,PG27342_raw.txt,2322,"Everything always reminded me of you and of    happy evenings with you.
",no_space,2025-09-01
440,PG24204_raw.txt,3445,"""Natural causes?"" echoed the doctor.
",no_space,2025-09-01
441,PG41050_raw.txt,3559,"We have been required to serve against our own people.
",no_space,2025-09-01
442,PG9182_raw.txt,9346,"They mistook my work for the work of a ripe scholar.
",no_space,2025-09-01
443,PG46794_raw.txt,2544,"He remembered the skinny old crone who had wanted to adopt him as her own son.
",no_space,2025-09-01
444,PG2860_raw.txt,7933,"They then walked on in silence for some yards, after which Lord Lufton added: “And now I’ll dine with you to-day if you wish it.”
",action_space,2025-09-01
445,PG49553_raw.txt,891,"I see uncle has got you your breakfast, but surely you’ll enjoy a glass of fresh buttermilk.
",no_space,2025-09-01
446,PG52110_raw.txt,2386,"He didn't bring you with him.
",no_space,2025-09-01
447,PG45689_raw.txt,1186,"Parmelee raised his own eyes to the smiling ones across the table.
",visual_space,2025-09-01
448,PG24283_raw.txt,3395,"When the people had gazed at me to their satisfaction, the constable conducted me to the jail.
",action_space,2025-09-01
449,PG25689_raw.txt,1499,"""By all means,"" said Windt with alacrity, moving toward the door.
",action_space,2025-09-01
450,PG36999_raw.txt,1420,"Norton took the paper, folded it neatly, and placed it on the table, and after assembling the scattered sheets upon which he had been figuring, he placed them in a neat pile, using an empty coffee cup for a paper weight, he handed Gully the folded sheet, together with the pencil with which he had been working, and after asking what time he proposed to start for town in the morning, remarked that ""He guessed he would go home.""
",action_space,2025-09-01
451,PG30985_raw.txt,1985,"Starting from the yellow brick market building with the tower and the clock, Teeny-bits attempted to retrace the steps that he had taken on that night when he fled from the place where the Orientals had held him prisoner.
",action_space,2025-09-01
452,PG34497_raw.txt,893,"Roberts nodded.
",no_space,2025-09-01
453,PG526_raw.txt,41,"Hunters for gold or pursuers of fame, they all had gone out on that stream, bearing the sword, and often the torch, messengers of the might within the land, bearers of a spark from the sacred fire.
",action_space,2025-09-01
454,PG47305_raw.txt,2172,"Do you not know that you could charm any secrets of my own from me by a kind word?
",no_space,2025-09-01
455,PG45617_raw.txt,3507,"""Now,"" the starter said, when the two horses stood side by side in a line with him, ""I shall walk on twenty or thirty yards ahead so that you can both see me, then I shall hold up my six-shooter and fire.
",action_space,2025-09-01
456,PG18488_raw.txt,3501,"Priscilla was absolutely lacking in worldly wisdom, but she had a sense of accuracy that drove Boswell to the outer edge of veracity.
",no_space,2025-09-01
457,PG53610_raw.txt,654,"“You are weak,” said he, with some severity, “to hold your life thus, as it were, in jeopardy of a woman’s whim.”
",no_space,2025-09-01
458,PG30623_raw.txt,4493,"She gazed ruefully at the garment, then down at the blue flowering heaped about her ankles.
",no_space,2025-09-01
459,PG19223_raw.txt,1694,"The sun was barely an hour high when he reached his destination, only to find a mass of charred and desolate ruins, that told with a mute eloquence of the fate that had overtaken Sandusky.
",perceived_space,2025-09-01
460,PG17418_raw.txt,4383,"""They are what you really care for.""
",no_space,2025-09-01
461,PG32959_raw.txt,80,"For the first time he fully realized how it felt to be given up, and, characteristically, he thanked the Almighty that there was no one to whom it would really matter.
",no_space,2025-09-01
462,PG50607_raw.txt,1091,"And the worst of it is that you will laugh at it--and I am sure you will say that I am not honest to myself.
",no_space,2025-09-01
463,PG29439_raw.txt,9622,"""Yes, quite well,"" replied he, ignoring the inane effort at jest.
",no_space,2025-09-01
464,PG37710_raw.txt,2968,"""How is she?""
",no_space,2025-09-01
465,PG16502_raw.txt,6262,"You're letting the devil in again and getting censorious!
",no_space,2025-09-01
466,PG30662_raw.txt,692,"""Fine little creature, that wife of Dolph's,"" said the young men as they strolled about in Niblo's Garden.
",action_space,2025-09-01
467,PG14253_raw.txt,7639,"Long ago, perhaps, you might have fought me.
",no_space,2025-09-01
468,PG41917_raw.txt,3229,"And, as Perior walked back into the library, he heaved a long sigh of relief.
",action_space,2025-09-01
469,PG46712_raw.txt,898,"There was a dim light outside,--not daylight, by any means.
",perceived_space,2025-09-01
470,PG19510_raw.txt,2584,"She closed the window and went back to bed.
",action_space,2025-09-01
471,PG41877_raw.txt,1213,"A mist was hanging over the river and large drops of moisture were falling off the trees along shore.
",perceived_space,2025-09-01
472,PG108_raw.txt,66,"In the evening I strolled across the Park, and       found myself about six o’clock at the Oxford Street end of Park       Lane.
",action_space,2025-09-01
473,PG36919_raw.txt,1029,"I seemed to myself so very silly.
",no_space,2025-09-01
474,PG30664_raw.txt,4876,"They are more alive at night.
",no_space,2025-09-01
475,PG47910_raw.txt,3751,"I looked away, at the world that grew blurred, and at the sky and water, which ran together before my eyes.
",perceived_space,2025-09-01
476,PG36323_raw.txt,1955,"“Hurrah!” cried Ned.
",no_space,2025-09-01
477,PG47282_raw.txt,8229,"Late that night he sat alone in his chambers pondering still on how he should act.
",descriptive_space,2025-09-01
478,PG20929_raw.txt,4133,"""He has frequently told me so, indeed,"" said Selvaggia.
",no_space,2025-09-01
479,PG21529_raw.txt,2383,"They were in a cab, with luggage under the driver's feet.
",descriptive_space,2025-09-01
480,PG38719_raw.txt,1675,"He had always been accustomed to regard Gordon somewhat contemptuously in the light of an unpractical dreamer, and as he listened to his voice and watched his gestures, this habit reasserted itself from an association of ideas.
",no_space,2025-09-01
481,PG107_raw.txt,668,"It was a still, moist night.
",perceived_space,2025-09-01
482,PG22297_raw.txt,422,"""If she were your sister what should you wish her to be?"" she asked Ludlow.
",no_space,2025-09-01
483,PG43766_raw.txt,2190,"On the 3d day of February we knew the frigate had come to an anchor, and shortly afterward the old sailor appeared to give us the news.
",action_space,2025-09-01
484,PG90_raw.txt,4320,"He had lost her.
",no_space,2025-09-01
485,PG20815_raw.txt,3811,"Max cried out impulsively.
",no_space,2025-09-01
486,PG30993_raw.txt,999,"God meant you to rule your feelings and passions, not be ruled by them.
",no_space,2025-09-01
487,PG40500_raw.txt,3367,"And having looked their last on him, they went out through the postern gate of the convent of St. Agneten in groups of twos and threes.
",action_space,2025-09-01
488,PG52668_raw.txt,908,"""The poor fella,"" she said commiseratingly.
",no_space,2025-09-01
489,PG42057_raw.txt,828,"Thus he continued to approach, step by step, with apparent fear, and yet evidently impelled by an ungovernable curiosity, until he was scarce a hundred yards distant from the prostrate form of the trapper.
",action_space,2025-09-01
490,PG32312_raw.txt,2472,"But there were few other young girls there, and the gossip was not seasoned to her taste.
",no_space,2025-09-01
491,PG36237_raw.txt,3590,"The flash of the torches made the face look ghastly and white, and there was a stain of blood on his lips.
",perceived_space,2025-09-01
492,PG28848_raw.txt,4134,"He was far from sure of his understanding.
",no_space,2025-09-01
493,PG39482_raw.txt,95,"It's merely that I remember it as it used to be....
",no_space,2025-09-01
494,PG17841_raw.txt,1776,"Kreutzer was in agony.
",no_space,2025-09-01
495,PG41177_raw.txt,3443,"It chilled him not a little, and he sat down again in the chair.
",action_space,2025-09-01
496,PG32453_raw.txt,126,"Margaret was a bit taller and more massive, and her handsome face a little heavier.
",no_space,2025-09-01
497,PG52501_raw.txt,450,"I stood still.
",no_space,2025-09-01
498,PG17156_raw.txt,1415,"There was no rest for the eye, even.
",no_space,2025-09-01
499,PG41917_raw.txt,3527,"Until now it had been a face of triumph.
",no_space,2025-09-01
500,PG52872_raw.txt,4310,"Harry agreed that it would and dropped the subject.
",no_space,2025-09-01
501,PG46852_raw.txt,2404,"She grabbed it and ran, literally ran, out of the pond and up the bank, dragging after her by main strength the pole, the line and the fish.
",action_space,2025-09-01
502,PG22066_raw.txt,3749,"Marchmont stalked out of the chamber and to the open front door.
",action_space,2025-09-01
503,PG544_raw.txt,655,"You sartainly are a nice little bride, Mistress Blythe.
",no_space,2025-09-01
504,PG30022_raw.txt,679,"The glory of Paisley Castle has long departed, but it was a brave and well-furnished house in the late spring of 1684, to which this story now moves.
",descriptive_space,2025-09-01
505,PG40416_raw.txt,2487,"""Why, the more I think of it the more I believe that the solution of this mystery is to be found in the place where it began.""
",no_space,2025-09-01
506,PG34057_raw.txt,2780,"Jerry was hanging limp in the arms of his rescuer.
",no_space,2025-09-01
507,PG28861_raw.txt,1869,"""But we will have to ask the others first.""
",no_space,2025-09-01
508,PG1364_raw.txt,973,"""Tell that crazy fellow?"" demanded the old colored man heatedly.
",no_space,2025-09-01
509,PG33977_raw.txt,1830,"This is absurd, of course.
",no_space,2025-09-01
510,PG32465_raw.txt,1735,"When, late in May, the snow had left the open places reached by the sun and the ice cleared the rivers, Marcel was ready to make his first trip to the camp on the Ghost.
",perceived_space,2025-09-01
511,PG40668_raw.txt,1103,"The ball was put into play.
",action_space,2025-09-01
512,PG917_raw.txt,10548,"If we meet the rioters, swear that I took you prisoner for wearing it.
",no_space,2025-09-01
513,PG36000_raw.txt,1158,"""Look for me about half-past seven, Merritt,"" Andy told him.
",no_space,2025-09-01
514,PG4074_raw.txt,193,"Now Suzanne, having lived so much with her elders, was very quick, and she was sure when she woke in the morning that if she said anything about her dream we should laugh at her and should not allow her to go to the place of which she had dreamt.
",no_space,2025-09-01
515,PG33733_raw.txt,5116,"Perhaps his mood was determined by her unexpected wonder that he should always try to hurt.
",no_space,2025-09-01
516,PG33208_raw.txt,5478,"In five minutes the dark basement is clear of noise--a litter of broken arms lies in one heap close by, others are scattered all over the ground in the mud, together with torn clothing, rags of leather and of cloth and great red pools that mingle with the melted ice.
",perceived_space,2025-09-01
517,PG54371_raw.txt,3075,"“It was getting dark, and there was a chill wind.”
",perceived_space,2025-09-01
518,PG15760_raw.txt,1828,"The _Arrow_ rose slowly, and John leaned back luxuriously in his seat.
",action_space,2025-09-01
519,PG26993_raw.txt,475,"The room into which Peveril was ushered was scrupulously clean and neat, but seemed to him painfully bare and cheerless.
",perceived_space,2025-09-01
520,PG20443_raw.txt,1431,"So beyond the square of lawn with its border of flowers the pergola stretched its row of trim white wooden Doric pillars, while over the latticed roof and through it hung bine and vine, grape, wistaria, and kadsu.
",descriptive_space,2025-09-01
521,PG56056_raw.txt,2534,"""I should like your company very much.""
",no_space,2025-09-01
522,PG14671_raw.txt,5258,"After Sir George had drunk far into the night the servants helped him to bed, and he carried with him the key to the dungeon together with the keys to all the outer doors and gates of Haddon Hall, as was his custom.
",action_space,2025-09-01
523,PG3006_raw.txt,5665,"One of our men, a young fellow from Dera Ismail, jumped on the wall to slang ’em back, and jumped down, blubbing like a child.
",action_space,2025-09-01
524,PG35205_raw.txt,5050,"Miss Trevor turned and saw a tall figure emerge from the house.
",visual_space,2025-09-01
525,PG37167_raw.txt,1804,"Dolph had come back into the cabin.
",action_space,2025-09-01
526,PG20259_raw.txt,1014,"But about a quarter of a mile from the beach they came to a halt, for a high fence barred their way.
",action_space,2025-09-01
527,PG34971_raw.txt,1334,"One could not tell all the things that happened that fall, or how very, very, very tired her friends became of having her ask their advice.
",no_space,2025-09-01
528,PG39548_raw.txt,4686,"She cried all night.
",no_space,2025-09-01
529,PG42035_raw.txt,1315,"“Follow me then,” she cried, and led the way over all sorts of little things which littered up the ground of the barnyard.
",action_space,2025-09-01
530,PG19615_raw.txt,622,"We can better    enjoy these glorious apprehensions in our hearts, than explain them to    others.
",no_space,2025-09-01
531,PG23644_raw.txt,919,"She stood meditatively poking her hatpins in and out of her hat, when the sound of footsteps on the stairs came to her ears.
",perceived_space,2025-09-01
532,PG7045_raw.txt,3294,"Her body trembled and her eyes looked wildly about.
",no_space,2025-09-01
533,PG34419_raw.txt,921,"Even now, pompous and slovenly as he appeared, it was difficult to resist a certain mysterious fascination which he still possessed.
",no_space,2025-09-01
534,PG26528_raw.txt,1391,"""It doesn't matter,"" says she.
",no_space,2025-09-01
535,PG20922_raw.txt,2686,"Callack stood in front of the tent from which the captives were led by the Indians.
",descriptive_space,2025-09-01
536,PG23208_raw.txt,3628,"All this went on quite satisfactorily.
",no_space,2025-09-01
537,PG52978_raw.txt,2478,"""Only two at a time,"" interposed Buck Lamb.
",no_space,2025-09-01
538,PG50983_raw.txt,4727,"He went out, and the Four, left to their own devices, talked until the crackling wood fire made its influence felt and lulled them to drowsy silence.
",perceived_space,2025-09-01
539,PG270_raw.txt,1519,"St. George gazed for a while on the fair landscape around them.
",visual_space,2025-09-01
540,PG146_raw.txt,3992,"She felt very queer indeed, and very uncertain, and she gave a side glance at Sara.
",no_space,2025-09-01
541,PG17841_raw.txt,2456,"Then, with an air of manly resolution the young man turned to the father.
",no_space,2025-09-01
542,PG3783_raw.txt,1072,"And they carried the pamphlets to the office.
",action_space,2025-09-01
543,PG52020_raw.txt,1319,"It’s silly of me to think of it.
",no_space,2025-09-01
544,PG42193_raw.txt,1467,"Half an hour later found him still working on that single word.
",no_space,2025-09-01
545,PG38747_raw.txt,5598,"Anthea said nothing for almost a minute, and because of the restraint he had laid upon himself Jimmy understood the cost of her quietness.
",no_space,2025-09-01
546,PG55323_raw.txt,598,"""Awfully rummy coincidence,"" said Mr. Dashwood, turning to his companion.
",no_space,2025-09-01
547,PG40202_raw.txt,840,"Marcella must have thought he meant something by it, too, for she turned as red as when you have a breaking out.
",no_space,2025-09-01
548,PG49416_raw.txt,3290,"“Three, fifteen, twelve o’clock,” Buck added, listening for more.
",no_space,2025-09-01
549,PG40300_raw.txt,669,"Stick to it.
",no_space,2025-09-01
550,PG36906_raw.txt,3687,"Elizabeth had grown angrier as she listened to Leslie.
",no_space,2025-09-01
551,PG30600_raw.txt,1236,"A look of alarm came into her face.
",no_space,2025-09-01
552,PG39456_raw.txt,2493,"Eve and I hurried down the steep path, and met them at its foot.
",action_space,2025-09-01
553,PG28461_raw.txt,96,"It gave him the headache to think of the things the fellows--fellows of a deplorable physique--and girls, too, did there.
",no_space,2025-09-01
554,PG1399_raw.txt,15916,"She liked him so much just now with his eager interest that she saw how Anna could be in love with him.
",no_space,2025-09-01
555,PG35926_raw.txt,2507,"Not until he caught the refrain did he know what it was--""_Deutschland, Deutschland, über alles!_""--the German battle-song, fit expression of the firm conviction that the Fatherland was first, was dearest, must be over all!
",no_space,2025-09-01
556,PG19946_raw.txt,1977,"He is a deity of peace.
",no_space,2025-09-01
557,PG53804_raw.txt,4213,"They will kill you.
",no_space,2025-09-01
558,PG42035_raw.txt,946,"Then he felt a tiny twig on the edge of the nest break beneath him, and he went tumbling, bumping, and scraping down into the fireplace below.
",perceived_space,2025-09-01
559,PG17100_raw.txt,4273,"Note his shrewdness: he does not mention Buckingham, but only the Tudor, his own step-son; and hence the greater will seem his loyalty.
",no_space,2025-09-01
560,PG52583_raw.txt,1912,"“My, but this is an adventure!” exclaimed the President.
",no_space,2025-09-01
561,PG31771_raw.txt,686,"As soon as Si's hour was up, and he had eaten supper and ""made up"" with Shorty, he set about answering his letter.
",no_space,2025-09-01
562,PG25514_raw.txt,1173,"Searching through his knapsack, he drew out what is known to first aid as a wire gauze bandage.
",action_space,2025-09-01
563,PG37949_raw.txt,2556,"Evelyn laughed merrily.
",no_space,2025-09-01
564,PG41052_raw.txt,3933,"How could you keep still and not tell the Burfords?
",no_space,2025-09-01
565,PG10363_raw.txt,5785,"But a gesture, a look in passing the prison-gates, the appearance of duresse, or an exclamation, might give the alarm to some one of the thousand spies of the police.
",visual_space,2025-09-01
566,PG19943_raw.txt,1931,"He knew nothing of the operation of tracheotomy, and though he spoke English well he found it difficult to follow Michael's soft, thick, County Cork speech.
",no_space,2025-09-01
567,PG40614_raw.txt,1431,"Though it was limp and withered, it was glorified because Gabrielle had worn it in her hair.
",no_space,2025-09-01
568,PG22433_raw.txt,1857,"""That's so,"" said Bob Hale.
",no_space,2025-09-01
569,PG24683_raw.txt,596,"""At least, my teachers tell me that I never do.""
",no_space,2025-09-01
570,PG37466_raw.txt,1417,"Sam certainly was much surprised when he got up in the morning and saw the flush of day in the strip of sky far overhead and the light coming into the depths of the cañon.
",perceived_space,2025-09-01
571,PG37591_raw.txt,1566,"They vacated their seats, which were immediately occupied by people who had been standing behind them, and moved slowly through the great hall towards the doors.
",action_space,2025-09-01
572,PG32429_raw.txt,6262,"So the doctor and his diminutive namesake drove contentedly away next morning in the great covered wagon, and Cassandra, standing by her mother's door, smiled and lifted her baby for one last embrace from his loving little uncle.
",action_space,2025-09-01
573,PG32106_raw.txt,2197,"He roamed up and down, now along the lake shore, now back into the woods with a vague hope that somewhere or other he would come upon something that should set him on the trail.
",action_space,2025-09-01
574,PG54190_raw.txt,2185,"There was plenty of opposition voiced.
",no_space,2025-09-01
575,PG44872_raw.txt,4340,"""When you knew a lady once who was nearly killed did she yell like that?"" asked Zizi, with an innocent smile.
",no_space,2025-09-01
576,PG17636_raw.txt,2536,"Pepper continued to hunt around until it was time to go below.
",action_space,2025-09-01
577,PG50109_raw.txt,1520,"The first thing we noticed when we entered Nikolaus’s room was the time--a quarter to 10.
",visual_space,2025-09-01
578,PG19191_raw.txt,7088,"She saw a slight shade cross his face, as if he had not expected this failure of courage in her; but he said quietly: ""You don't want me to go today?""
",no_space,2025-09-01
579,PG611_raw.txt,3596,"Meantime I was pulling myself up on the shelf, and loosening with one hand a boulder which overhung the pool.
",action_space,2025-09-01
580,PG32057_raw.txt,1172,"This catching of the driftwood bent down the limb that held Darry, and soon they saw that the imperiled boy was free from the grip which had held him.
",action_space,2025-09-01
581,PG18838_raw.txt,2243,"There was not much, of course, that they could tell him.
",no_space,2025-09-01
582,PG1695_raw.txt,1590,"But he felt that he would have laughed as loudly if a pepperpot had fallen over.
",no_space,2025-09-01
583,PG52480_raw.txt,1492,"Besides, Marge had learned, through the published schedules of liabilities of numerous insolvents, that some business-men have a way of borrowing privately and largely from relatives and friends.
",no_space,2025-09-01
584,PG17125_raw.txt,1328,"Such a boy he could have loved.
",no_space,2025-09-01
585,PG48653_raw.txt,1812,"He wished he could understand German.
",no_space,2025-09-01
586,PG37710_raw.txt,5218,"I asked, skipping a little, and collapsing up against his side as the boat rolled.
",action_space,2025-09-01
587,PG50418_raw.txt,2120,"Massawippa rose suddenly and dived like a swallow up the stairway.
",action_space,2025-09-01
588,PG46195_raw.txt,1797,"It was full daylight, although the sun was not yet visible.
",perceived_space,2025-09-01
589,PG34813_raw.txt,2343,"When he switched on the light it shone on six cartridges lying upon the table--cartridges that deft fingers had removed from his revolver and left to mock him.
",visual_space,2025-09-01
590,PG22267_raw.txt,900,"But just then Bailey came into the ante-room.
",action_space,2025-09-01
591,PG38429_raw.txt,3609,"""It is no more than right that you should tell me why you have arrested my friend, sir,"" he said.
",no_space,2025-09-01
592,PG47597_raw.txt,1823,"“Ain’t he the tender-hearted elder brother?” said Kit, with a not altogether pleasant glance in the direction of the master’s retreating figure.
",no_space,2025-09-01
593,PG36029_raw.txt,5822,"He is within his rights.
",no_space,2025-09-01
594,PG35504_raw.txt,4638,"He thought he detected a moment’s hesitation, then the man stepped back to the car and called a gruff:
",action_space,2025-09-01
595,PG19135_raw.txt,9327,"But you've lifted me up.
",no_space,2025-09-01
596,PG5182_raw.txt,1955,"The fourth day, when they came within view of the house, Edmund’s heart began to raise doubts of his reception.
",perceived_space,2025-09-01
597,PG39802_raw.txt,1107,"The farmer laughed.
",no_space,2025-09-01
598,PG41698_raw.txt,4953,"As the years advanced, Oxie, the younger daughter of Tezcot and Xochitl, developed into a very attractive woman.
",no_space,2025-09-01
599,PG48699_raw.txt,10080,"Helen saw only the smile.
",no_space,2025-09-01
600,PG27678_raw.txt,2884,"Miss Pickens looked rigid, but she made no reply.
",no_space,2025-09-01
601,PG20611_raw.txt,7674,"His thoughts became practical.
",no_space,2025-09-01
602,PG54060_raw.txt,259,"As we went down, I heard the little Swiss clock, above in my room, strike the half hour after two.
",perceived_space,2025-09-01
603,PG40570_raw.txt,2423,"And while they talked of how this might best be effected, they in their turn heard the sound of men coming up the road, this sound being made by Tommasino, Bena, and their party, who had ridden as fast as the weariness of their horses let them.
",perceived_space,2025-09-01
604,PG28735_raw.txt,37,"All three boys were sons of wealthy parents and lived on country estates at the far end of Long Island.
",descriptive_space,2025-09-01
605,PG5145_raw.txt,3338,"Back his mind flashed to that night of the dance in the mountains, when the four were children, and his wonder then as to what might take place if that mountain boy and girl should have the chance in the world that had already come to them.
",no_space,2025-09-01
606,PG32024_raw.txt,3442,"""Or mine?"" asked Norton eagerly, anxious to be of some service.
",no_space,2025-09-01
607,PG31414_raw.txt,895,"It is still too comfortable where you are.
",no_space,2025-09-01
608,PG21894_raw.txt,920,"""I'm afraid you've got yourself into a pickle, Andy,"" whispered his twin, when the latter had taken his seat at the table.
",action_space,2025-09-01
609,PG40401_raw.txt,463,"If anything will wheedle you into being good, letting you get busy will,” ended Constance, turning to the table and deftly lifting the squares to the flat pans upon which they were to be carried to the packing room.
",action_space,2025-09-01
610,PG22554_raw.txt,3954,"""No, right as a fiddler!"" he assured her, quickly, glancing down at the shadowy path.
",visual_space,2025-09-01
611,PG2721_raw.txt,6044,"They saw it for a breath.
",no_space,2025-09-01
612,PG25857_raw.txt,964,"Then Mona's manicure girl came.
",no_space,2025-09-01
613,PG25885_raw.txt,1377,"""They'll not be after me, if that distresses you,"" Mark promised him.
",no_space,2025-09-02
614,PG35740_raw.txt,1197,"He likes fast horses and fast motorcars, and the Theatre Francais.""
",no_space,2025-09-02
615,PG47128_raw.txt,3160,"He paused before Terry Lute and shook a lean finger under the little boy's nose.
",no_space,2025-09-02
616,PG51600_raw.txt,479,"In a corner, snowshoes and sleds and firearms told a mute story of the severity of the Canadian winter.
",perceived_space,2025-09-02
617,PG39812_raw.txt,1954,"All the same he was terribly frightened and remorseful.
",no_space,2025-09-02
618,PG41896_raw.txt,2101,"When he got his pocket knife out, Dave had to open it with his teeth.
",action_space,2025-09-02
619,PG1937_raw.txt,1402,"A little thought in life is like salt upon rice, as the boatmen say, and I have thought deeply always.
",no_space,2025-09-02
620,PG14249_raw.txt,1575,"""Thank you,"" she said.
",no_space,2025-09-02
621,PG40487_raw.txt,2093,"I caught sight of a pair of slim square shoulders, a good deal of pretty brown hair, and finally a pair of neat black shoes, as their owner deftly mounted to the top of the swaying vehicle.
",action_space,2025-09-02
622,PG33977_raw.txt,5030,"She looked straight at the young American, who nodded.
",no_space,2025-09-02
623,PG48904_raw.txt,1334,"At one time Dapple had gone quietly in the pasture for nearly six weeks, and the hopes of her master were raised to the highest pitch.
",no_space,2025-09-02
624,PG1587_raw.txt,7476,"I wish I could have sent you a more favorable report of my interference in this painful matter.
",no_space,2025-09-02
625,PG21816_raw.txt,5382,"""True, true,"" thoughtfully assented the other.
",no_space,2025-09-02
626,PG37647_raw.txt,2762,"""I've been in this business long enough to know it,"" was the reply, as Jim continued to row, increasing each instant the distance between himself and the shore.
",action_space,2025-09-02
627,PG47553_raw.txt,444,"The chums went out on the steps of the school, where they found a group of their friends waiting for them.
",action_space,2025-09-02
628,PG32224_raw.txt,3236,"Martin was evidently highly pleased at the invitation, and promised to be up without fail.
",no_space,2025-09-02
629,PG30733_raw.txt,2584,"But now, as if some inner corrosion were eating its way outward, she found that they had ceased to be anything more than the thinnest veneer, through which often broke, in words, or manner, or look, peevish irritation or sullen anger.
",no_space,2025-09-02
630,PG44455_raw.txt,1252,"Hands were laid on his shoulder.
",no_space,2025-09-02
631,PG39900_raw.txt,971,"Suppose the floor of the cave were divided into squares just as this paper is.
",no_space,2025-09-02
632,PG49677_raw.txt,2788,"But somehow or another that didn’t seem to be quite enough to do.
",no_space,2025-09-02
633,PG52020_raw.txt,4893,"He would be made much of, he would be congratulated, he would be able, on occasions, to lead the conversation.
",no_space,2025-09-02
634,PG4748_raw.txt,2046,"And when after a time she turned and came back to Baree, she did not look like the Nepeese who had been twining flowers in her hair.
",action_space,2025-09-02
635,PG792_raw.txt,1797,"I was conscious only to the vehemence of my sensations.
",no_space,2025-09-02
636,PG36869_raw.txt,4903,"""Starbuck, you remember what I told you one night?--the night I dragged you up to my rooms in the hotel and gave you a hint of the reason why I had no business to make love to Corona Baldwin?""
",no_space,2025-09-02
637,PG22140_raw.txt,3522,"[Illustration: In the very midst of that dread ordeal known as a test]
",no_space,2025-09-02
638,PG17402_raw.txt,3039,"Native animal keepers, armed with rifles, patrolled the menagerie.
",action_space,2025-09-02
639,PG36211_raw.txt,3231,"At the time, he was suffering though why I don't understand; and therefore it was up to me to suffer with him.
",no_space,2025-09-02
640,PG27584_raw.txt,3530,"Dimly, from beneath the handkerchief over his eyes, Joe saw the flash as a match was struck, and the lantern lighted.
",visual_space,2025-09-02
641,PG133_raw.txt,524,"“Oh, come, Brother Ware!” broke in Trustee Winch, with a somewhat agitated assumption of good-feeling.
",no_space,2025-09-02
642,PG36018_raw.txt,809,"""The teacher said '117,' and that means me, too.
",no_space,2025-09-02
643,PG39900_raw.txt,2364,"I feel like a selfish wretch beside her.
",no_space,2025-09-02
644,PG50824_raw.txt,1505,"The correct course for the fellow to take would be to fasten a dickey around Colleton’s neck, showing a false front, a wing collar, and a red tie.
",no_space,2025-09-02
645,PG39238_raw.txt,8712,"Mildred laughed again as she paused for breath.
",no_space,2025-09-02
646,PG46233_raw.txt,3341,"Reviewing the lines with care, and giving many orders as he came, the prince rode up, clad in his plain black armor and wearing the helmet of a simple esquire.
",action_space,2025-09-02
647,PG34986_raw.txt,83,"Matthew Goldie, the famous old proctor, was sauntering down the walk wriggling his fingers, as was his habit, and looking apparently in the other direction.
",action_space,2025-09-02
648,PG1661_raw.txt,4696,"It is a good seven miles from Eyford Station.
",descriptive_space,2025-09-02
649,PG38896_raw.txt,1196,"So then Mr. 'Coon ran with a splinter from Mr. Bear's fire and lit the candle, and Mr. Bear got up, rubbing himself and taking on, and began looking at his pantry shelves, which made him better right away.
",perceived_space,2025-09-02
650,PG41712_raw.txt,1702,"The two beside the fire sat in silence until the sound of Slue Foot's footsteps was swallowed up in the distance.
",perceived_space,2025-09-02
651,PG17666_raw.txt,1488,"Lucia opened one eye and moved her head so that she could see the speaker.
",no_space,2025-09-02
652,PG706_raw.txt,1786,"And I threw half he gave me through the open window, when he wasn't looking.
",action_space,2025-09-02
653,PG18987_raw.txt,293,"Never in the history of the world were the words ""This is so sudden!"" more vividly illustrated.
",no_space,2025-09-02
654,PG29697_raw.txt,569,"She looked eagerly at the other men, expecting to hear some one correct the gross exaggeration.
",no_space,2025-09-02
655,PG26429_raw.txt,4553,"There was a huge sycamore tree in the centre of the circle made by the carriage way in front of the ""big house,"" and there were sycamore trees of various sizes all over the place.
",descriptive_space,2025-09-02
656,PG40396_raw.txt,3616,"He passed these to them, and they devoured them hungrily.
",no_space,2025-09-02
657,PG9879_raw.txt,7889,"So saying, Barnabas stepped towards the door, but, seeing the look on Barrymaine's face, he stooped very suddenly, and picked up the pistol.
",action_space,2025-09-02
658,PG32576_raw.txt,1798,"Thus, in his view, politicians, rulers, pedagogues, apothecaries, explorers are not subjects for his sling: they are curiosities.
",no_space,2025-09-02
659,PG28123_raw.txt,2051,"She rang the bell, sweeping across the room in her haughtiest manner, and drawing herself up to her full height.
",action_space,2025-09-02
660,PG2865_raw.txt,494,"The mellow sunlight fell through the window upon old Ursela, as she sat in the warmth with her distaff in her hands while Otto lay close to her feet upon a bear skin, silently thinking over the strange story of a brave knight and a fiery dragon that she had just told him.
",perceived_space,2025-09-02
661,PG37338_raw.txt,2931,"""And what can any of you do for him,"" she cried fiercely--""except take him away from me?""
",no_space,2025-09-02
662,PG2183_raw.txt,3732,"""That won't do for me, you know,"" said the landlord, picking up a picture of the German Emperor, and wiping beer from it with his sleeve.
",action_space,2025-09-02
663,PG20485_raw.txt,2162,"“What do you mean?” she demanded.
",no_space,2025-09-02
664,PG32302_raw.txt,2587,"And he heard himself cry out sharply with the pain of his weak ankle newly twisted....
",no_space,2025-09-02
665,PG37176_raw.txt,2843,"Jerry waved both girls away with a magnificent gesture of disdain which sent them, giggling, toward their table.
",action_space,2025-09-02
666,PG48745_raw.txt,4532,"He closed his eyes again from sheer happiness, and tugged on at the oar.
",action_space,2025-09-02
667,PG32993_raw.txt,4754,"""Yes, I know,"" said Jeanne, ""and I will not say a word against it.
",no_space,2025-09-02
668,PG3091_raw.txt,4246,"The magistrate took the document and put it before the eyes of Manoel and showed him what he had done.
",action_space,2025-09-02
669,PG27661_raw.txt,2421,"Rosemary left the table and went back to her corner.
",action_space,2025-09-02
670,PG13501_raw.txt,1297,"The quadrangle was absolutely quiet and deserted, save for the cheeping of the swallows flitting across it, and the whistling of a lad in the porter’s lodge.
",perceived_space,2025-09-02
671,PG20832_raw.txt,1927,"Graham, my interference is not moved by any sentiment of sympathy for the kid.
",no_space,2025-09-02
672,PG39587_raw.txt,4407,"He thinks all the world of her, too. I know that.""
",no_space,2025-09-02
673,PG53602_raw.txt,1031,"I’m a black sheep.
",no_space,2025-09-02
674,PG30951_raw.txt,2281,"""Matter?"" repeated Hal.
",no_space,2025-09-02
675,PG19295_raw.txt,477,"""I guess we all do,"" answered Betty.
",no_space,2025-09-02
676,PG19806_raw.txt,5501,"He must have influence, and secret ways of working things.
",no_space,2025-09-02
677,PG42623_raw.txt,1459,"Not deigning to reply or to notice the laugh which arose at Bert's words, Bob resumed.
",no_space,2025-09-02
678,PG38910_raw.txt,1570,"""No, fool!"" he replied.
",no_space,2025-09-02
679,PG28856_raw.txt,4940,"""Yes, yes,"" said Donald, longing to produce the pieces of black cloth which he had brought with him, but fearing to interrupt the narrative just then.
",no_space,2025-09-02
680,PG20710_raw.txt,3764,"If anybody had felt dubious, he ought to have voted no.
",no_space,2025-09-02
681,PG27471_raw.txt,3586,"The girl clinched her hands.
",no_space,2025-09-02
682,PG29581_raw.txt,4695,"I can't sing it, can't I? Well, then, I'll practice it all day and every day until you change your mind about that, my lady!""
",no_space,2025-09-02
683,PG20101_raw.txt,436,"There was investigation and more scandal.
",no_space,2025-09-02
684,PG38006_raw.txt,1054,"You must have seen it, you must have read it for weeks, for my every thought has been of and for you, and sometimes I have even dared to think that your thought has been responsive to mine, assuring me that I had won your heart, and that my future is to be crowned with the supreme blessing of your love.
",no_space,2025-09-02
685,PG30089_raw.txt,1813,"It was twenty minutes before he discovered Speug, and then Speug was standing on the edge of the water at the top of the island, where the current runs swift and strong towards the other side.
",visual_space,2025-09-02
686,PG15406_raw.txt,1409,"What nonsense!
",no_space,2025-09-02
687,PG38087_raw.txt,3556,"He left the beach with the boys, but they dropped behind him and let him take the lead when they reached the scrubby firs which were scattered more or less thickly about the rocky ground.
",action_space,2025-09-02
688,PG32107_raw.txt,3386,"There was sternness but yet kindness in the keen eyes that held Helen's.
",no_space,2025-09-02
689,PG22924_raw.txt,183,"This game was growing more delightful to him every minute, and some of the others were feeling the same way.
",no_space,2025-09-02
690,PG24168_raw.txt,4314,"I've been trying ever since that night I found you and your chum in the river, to get a talk with you.
",no_space,2025-09-02
691,PG501_raw.txt,269,"“I can never be quite sure of my age,” said Polynesia.
",no_space,2025-09-02
692,PG44457_raw.txt,2243,"And if Skeel tries to cut up any funny tricks, and cheat me and Whalen, he’ll wish he never had.
",no_space,2025-09-02
693,PG18883_raw.txt,6672,"They halted their camels and made them kneel.
",action_space,2025-09-02
694,PG16909_raw.txt,5111,"""Come to scold you for being ill and worrying us all.""
",no_space,2025-09-02
695,PG325_raw.txt,151,"She spoke rapidly, however, all the time, in a low tone, as if talking to herself, but evidently addressing the purport of her words to me.
",no_space,2025-09-02
696,PG345_raw.txt,6111,"It seemed to me that all that he had of late been suffering in silence found a vent at once.
",no_space,2025-09-02
697,PG37466_raw.txt,3380,"The whole region was almost an unbroken wilderness.
",descriptive_space,2025-09-02
698,PG39166_raw.txt,4030,"Otherwise she would have been forced to escape and join the army of the ""ne-legalny"" (illegal), of political outlaws like the majority of Pavel's intimate friends in St. Petersburg.
",no_space,2025-09-02
699,PG17333_raw.txt,5132,"""The way you suggest ought to accomplish that,"" says Mr. Robert.
",no_space,2025-09-02
700,PG1965_raw.txt,5910,"It is the frenzy into which men whip themselves to justify an evil passion.
",no_space,2025-09-02
701,PG32325_raw.txt,1100,"He looked pretty uneasy, and didn’t say nothing for a minute.
",no_space,2025-09-02
702,PG49075_raw.txt,8195,"We know them to be brave and good, lovers of honour, and sensitive; but we cannot get over the line between us and them--and the rest of the world, perhaps.
",no_space,2025-09-02
703,PG36409_raw.txt,782,"“Harry Watson,” stammered the boy, his face scarlet at the brusqueness of the Latin instructor’s greeting.
",no_space,2025-09-02
704,PG155_raw.txt,11735,"Mr. Godfrey is all the readier to enter into the conspiracy, having himself suffered from your sharp tongue in the course of the evening.
",no_space,2025-09-02
705,PG35_raw.txt,1073,"And very soon she was smiling and clapping her hands, while I solemnly burnt a match.
",action_space,2025-09-02
706,PG24033_raw.txt,1222,"It's something that can't be left in there,"" and so speaking Roger slid open a door and hurried inside the garage.
",action_space,2025-09-02
707,PG44616_raw.txt,994,"In the forward portion of the vessel was a keg of John Alden's making, filled with sweet spring water, and thus, as you may see, everything had been done to minister to our comfort.
",visual_space,2025-09-02
708,PG41890_raw.txt,7319,"Ah--and he ground his teeth with anticipation--he meant all that he had said.
",no_space,2025-09-02
709,PG6627_raw.txt,7813,"He did not realize that there was not a particle of weak sentimentality about her, and that, since now pride was gone, her energetic spirit would make her as truly a leader in scenes like these as in those with which she had been familiar.
",no_space,2025-09-02
710,PG30041_raw.txt,3449,"Fouchette colored slightly and drew back.
",no_space,2025-09-02
711,PG37554_raw.txt,1714,"Flossie and Freddie were having too much fun playing a little game on the foot of Flossie's bed.
",action_space,2025-09-02
712,PG30006_raw.txt,5817,"It certainly was a good thing that the creek was shallow at that point and the canoes quite used to all sorts of conditions.
",descriptive_space,2025-09-02
713,PG42807_raw.txt,3934,"By F. H. COSTELLO.
",no_space,2025-09-02
714,PG32374_raw.txt,2777,"The idea of taking twenty-five street-arabs in our house!
",no_space,2025-09-02
715,PG46170_raw.txt,1419,"How the whole house clapped him in hall that night at tea!
",no_space,2025-09-02
716,PG50132_raw.txt,2952,"Case got the sleepy youngster out of the cabin and told him about the white rider and also about Don’s account of the tradition.
",action_space,2025-09-02
717,PG42714_raw.txt,4085,"“They’ve nothing against you, Millicent.”
",no_space,2025-09-02
718,PG53166_raw.txt,1988,"Dolly was dancing around the prostrate form of the visitor, and Michael and Pat were peeping in at the front door.
",action_space,2025-09-02
719,PG22912_raw.txt,1098,"An expectant silence fell over the room.
",perceived_space,2025-09-02
720,PG32310_raw.txt,2867,"Dolly laughed and clapped her hands.
",no_space,2025-09-02
721,PG42396_raw.txt,494,"As soon as ever Margaret could get them a cup of tea and a snack to eat, David and Andy were to be off upon their voyage to the post.
",action_space,2025-09-02
722,PG42011_raw.txt,1648,"When I visited Caio, I said to Pabo that I would call down fire from Heaven upon his head.
",no_space,2025-09-02
723,PG41471_raw.txt,1526,"It is delightful to greet those that remain, but what of those who are gone?
",no_space,2025-09-02
724,PG49861_raw.txt,2744,"The parlour-maid had once had a young man in the weak and low-waged past, and she knew how it felt.
",no_space,2025-09-02
725,PG38300_raw.txt,1808,"They quickly started around the tongue of marshy land bordering the little bay, for the ground was low there; and doubtless the natural outlet of the twin lakes would be discovered somewhere in that section, the scouts concluded.
",action_space,2025-09-02
726,PG47204_raw.txt,3223,"But the material is so voluminous that one can do no more than suggest the field.
",no_space,2025-09-02
727,PG40525_raw.txt,960,"The house was very quiet, so Kathie studied and had a good long music practice before mamma and Aunt Ruth returned.
",perceived_space,2025-09-02
728,PG17965_raw.txt,869,"The old mare grazed beside him in the dusk, and he began to laugh as he looked at her.
",visual_space,2025-09-02
729,PG38254_raw.txt,2976,"The weather was pleasant, though a bit cold, and the sun was shining brightly on the snow which still covered the ground.
",perceived_space,2025-09-02
730,PG19113_raw.txt,6420,"""We are rich enough.""
",no_space,2025-09-02
731,PG18829_raw.txt,215,"And through the glare of afternoon they passed along the horizon, a despondent scarecrow upon a dejected horse.
",perceived_space,2025-09-02
732,PG31470_raw.txt,2881,"The gun flashed and crashed, the earth shook, the people's long shout went up, the sax-horns sang ""Way Down upon the Swanee River""--and the tears of a true Southerner leaped into Barbara's eyes.
",perceived_space,2025-09-02
733,PG9787_raw.txt,2275,"He put his hand paternally upon my knee, and patted it softly.
",no_space,2025-09-02
734,PG36833_raw.txt,1178,"As Nyoda and Migwan went home from the Landsdownes they passed a telegraph pole in the road on which a man was working.
",action_space,2025-09-02
735,PG40105_raw.txt,325,"""Oh, don't bother me!"" exclaimed the blushing girl.
",no_space,2025-09-02
736,PG6100_raw.txt,927,"For some time she watched in silence the well-dressed men, women, and children, who walked briskly by the house, or else sauntered more leisurely through the parkway that extended up and down the middle of the Avenue.
",visual_space,2025-09-02
737,PG50414_raw.txt,4372,"Russell grinned crookedly and wet his lips with his tongue.
",no_space,2025-09-02
738,PG14395_raw.txt,3143,"Her mother began to cry.
",no_space,2025-09-02
739,PG35740_raw.txt,3441,"Adrian came through the vestibule and across the sidewalk with absolute composure.
",action_space,2025-09-02
740,PG17118_raw.txt,2239,"They stood spellbound, and could only gaze horrifiedly at the tawny beast stretched out on the limb of the tree.
",perceived_space,2025-09-02
741,PG33947_raw.txt,1771,"But after the relief-engine had pulled what was left of us back six miles to a siding, I made it my first business to explain to Neighbor, nearly beside himself, that Bartholomew was not only not at fault, but that he had actually saved the train by his nerve.
",action_space,2025-09-02
742,PG52579_raw.txt,280,"Well, because the little Sister desired that everybody might be happy; and in her heart of hearts she would have liked to see every young girl blissfully married to a young man without fault, of marvelous beauty, large fortune and irreproachable lineage.
",no_space,2025-09-02
743,PG32606_raw.txt,1664,"Dorothy sped back to where Elsa stood nervously balancing herself upon a fallen tree-trunk and laid the brilliant flowers in her hands.
",action_space,2025-09-02
744,PG50590_raw.txt,636,"Nelson flashed a look of annoyance at the peacemaker.
",no_space,2025-09-02
745,PG19970_raw.txt,1681,"He kept seeing her continually as she entered the jungle (walking so silently and swift, her face flushed from crossing the open space this side of the city in the terrible heat of noon)--and then not finding him there.
",perceived_space,2025-09-02
746,PG39850_raw.txt,1800,"For weeks at a time they did not see another human being.
",no_space,2025-09-02
747,PG42733_raw.txt,2161,"""A man doesn't need both feet to talk with,"" Watson suggested.
",no_space,2025-09-02
748,PG40696_raw.txt,1609,"""This won't do,"" he said coolly.
",no_space,2025-09-02
749,PG46178_raw.txt,4540,"During the next five minutes he must have in Yvonne either a determined opponent or a subservient if unwilling ally.
",no_space,2025-09-02
750,PG25998_raw.txt,294,"It sounded to Henry's sensitive ear as if an army were passing.
",perceived_space,2025-09-02
751,PG46156_raw.txt,6776,"It does good to everybody.
",no_space,2025-09-02
752,PG41719_raw.txt,714,"To the lower surface of the hammer was attached a nickel-steel die.
",descriptive_space,2025-09-02
753,PG3239_raw.txt,2031,"Maurice filled the glasses and pushed one across the table.
",action_space,2025-09-02
754,PG42961_raw.txt,1688,"I'll look it up and talk with my wife, and perhaps I'll give it to the dear little fellow.
",no_space,2025-09-02
755,PG26528_raw.txt,1010,"What I'm lookin' for is a squatty old party with gray hair pasted down over her ears, and a waist like a bag of hay tied in the middle.
",no_space,2025-09-02
756,PG18840_raw.txt,5222,"It must have been a heavy slam on you, Evaleen, when he dropped off.
",no_space,2025-09-03
757,PG26367_raw.txt,1704,"You must remember that while, in this country up to the Mandans, the early traders had been ahead of Lewis and Clark, above the Yellowstone no white man ever had gone.
",no_space,2025-09-03
758,PG28625_raw.txt,1551,"He slipped out, and the boys silently crept back into their beds.
",action_space,2025-09-03
759,PG51198_raw.txt,4174,"Aglow with excitement, her cheeks seemed to boast a colour he had never seen before, the delicate pink and white blending as on the face of childhood; and the splendid eyes, crowning all, were suffused with feeling.
",no_space,2025-09-03
760,PG53196_raw.txt,488,"Will smiled at such cheerful optimism.
",no_space,2025-09-03
761,PG36115_raw.txt,2330,"Then he asked an innocent question.
",no_space,2025-09-03
762,PG43063_raw.txt,5601,"But understand that all this did not take a moment, and that I was still down in the cellar, looking up at that hypnotizing cone of white light.
",perceived_space,2025-09-03
763,PG31528_raw.txt,3999,"They hid their digging tools, and departed for the shore of the lagoon, the volcano rumbling at times behind them.
",action_space,2025-09-03
764,PG38341_raw.txt,1452,"""Right here!"" asserted O'Byrn, bracing in his chair and vigorously banging his desk.
",action_space,2025-09-03
765,PG720_raw.txt,2384,"You must be drunk.
",no_space,2025-09-03
766,PG49098_raw.txt,1352,"Sheila crept out of bed, scolding Paddy in whispers, that she might not waken her mother who slept in the next room.
",action_space,2025-09-03
767,PG28915_raw.txt,2811,"At midnight he appeared at the gate.
",action_space,2025-09-03
768,PG33064_raw.txt,5281,"She felt him shrink and change as she called the name.
",no_space,2025-09-03
769,PG49471_raw.txt,3310,"Whitney, laying a soft hand on the shoulder nearest to her.
",no_space,2025-09-03
770,PG40059_raw.txt,473,"And the moment she realised it she felt hopeless.
",no_space,2025-09-03
771,PG43334_raw.txt,722,"William was the gardener, who, though too old and bent to make an efficient yeoman, had been armed, like Overcombe, the butler, with a blunderbuss, Mr. Bastable having thought it worth while to give the men of his household weapons of defense.
",action_space,2025-09-03
772,PG34929_raw.txt,2346,"Especially as she should never betray her conclusions.
",no_space,2025-09-03
773,PG28593_raw.txt,1569,"All night long she tossed on her bed, repeating her conversation with Don Felipe and revolving what course to pursue.
",action_space,2025-09-03
774,PG22904_raw.txt,1741,"Marjorie went to bed, as she had said she would do.
",action_space,2025-09-03
775,PG57137_raw.txt,2841,"He lay there on his back on the bed gazing at the ceiling, and revolving the question in his mind.
",visual_space,2025-09-03
776,PG28442_raw.txt,1642,"That took his attention off the pile of wood, and I sneaked out and got it.
",visual_space,2025-09-03
777,PG48320_raw.txt,4926,"The machine goes readily enough, but there is some stiffness in the working of it, and it has lost a little of its force.
",action_space,2025-09-03
778,PG21741_raw.txt,432,"Then she set them finally free at sunrise on the following day, when the soft yellow light streamed on surrounding land and sea, converting their sleeping-place into a silver cave by contrast.
",perceived_space,2025-09-03
779,PG78_raw.txt,3497,"It was plain to see that a burden had been lifted from their minds.
",no_space,2025-09-03
780,PG56831_raw.txt,514,"While turning a corner swiftly he ran into a girl who was hurrying along with her head bent forward.
",action_space,2025-09-03
781,PG8867_raw.txt,5114,"“And even if you were, of course you’d be coming back to visit your relatives every now and then.”
",no_space,2025-09-03
782,PG19340_raw.txt,2117,"Some minutes passed before his return, and Helen, who was apt to be attracted by forbidden fruit, could not resist going over to look at it.
",action_space,2025-09-03
783,PG54069_raw.txt,496,"The machine came to a stop and Jack jumped out.
",action_space,2025-09-03
784,PG39899_raw.txt,192,"Star felt very proud and important as he trotted at his mother's side, but he could not help twisting his neck to look back now and then at his little mistress who stood alone in front of the big tepee of the chief.
",visual_space,2025-09-03
785,PG45651_raw.txt,1421,"A tall man with a book under his arm stood in a listening attitude at the gate.
",descriptive_space,2025-09-03
786,PG43218_raw.txt,2319,"Mike sprang from his seat and addressed Alvin and Chester.
",action_space,2025-09-03
787,PG32770_raw.txt,2853,"He had laid his plans so well for this evening that he did not anticipate any likelihood of their being disturbed.
",no_space,2025-09-03
788,PG6824_raw.txt,77,"And yet in some manner this lawless race had been as a law to itself throughout.
",no_space,2025-09-03
789,PG30868_raw.txt,347,"After delays, changes and transfers made necessary by the uncertainties of Labrador travel, they came at last to Hamilton Inlet, and the little steamer approached the trading post at Rigolet.
",action_space,2025-09-03
790,PG4994_raw.txt,1649,"The craft, which was rushing in some direction, either downward, ahead or backwards within the unknown depths, shivered from the speed of the dynamos and other apparatus.
",perceived_space,2025-09-03
791,PG26482_raw.txt,3522,"Now, when dinner was over, and they had grouped themselves about the grate, its ruddy glow illuminating the twilight that was fast giving place to evening shadows, Madeline retold the story of Percy's first interview with Cora on his arrival, and his second, in the summer-house, the overhearing of which had caused that long absence from Miss Arthur's dressing-room, which necessitated her ingenious and highly improbable explanation to the aggrieved spinster, with which the reader is already acquainted.
",perceived_space,2025-09-03
792,PG28958_raw.txt,4751,"Then they jerked him to his feet, and with a stout brave at each elbow and others crowding about on every side, he was dragged off through the bushes.
",action_space,2025-09-03
793,PG4965_raw.txt,44,"The rays of the sun were lingering on the very verge of the horizon as the party ascended a hollow and somewhat steep path which led to the summit of a rising ground.
",perceived_space,2025-09-03
794,PG14654_raw.txt,3679,"Frona glanced up expectantly at the Indian woman.
",no_space,2025-09-03
795,PG706_raw.txt,2858,"I have stated before, however, and I can but reiterate, that to me, at all events, there was never anybody in the world so irresistible as Raffles when his mind was made up.
",no_space,2025-09-03
796,PG20877_raw.txt,765,"Then Johnny Chuck started off up the Lone Little Path, whistling, and Jimmy Skunk trotted down the Lone Little Path onto the Green Meadows.
",action_space,2025-09-03
797,PG41660_raw.txt,752,"Overhead a patch of blue sky gleamed and burned with the true empyrean glow.
",perceived_space,2025-09-03
798,PG20877_raw.txt,134,"Mr. Rabbit looked very grave, very grave indeed.
",no_space,2025-09-03
799,PG50209_raw.txt,1172,"Moreover, it kept him interested and occupied, and prevented his becoming morose or melancholy over his restricted life.
",no_space,2025-09-03
800,PG31773_raw.txt,1614,"Everybody made a rush for his gun and equipments.
",action_space,2025-09-03
801,PG46178_raw.txt,5304,"""I saw him go out,"" she persisted.
",no_space,2025-09-03
802,PG51062_raw.txt,448,"On week-days the stage-driver, as he passed the mill door, threw out a newspaper that the miller subscribed for, and it had long been his favorite pastime, as the great water-wheel was revolving and the millstones were grinding, to sit among the bags of grain in his flour-besprinkled clothes and read his paper through and through.
",action_space,2025-09-03
803,PG29183_raw.txt,5203,"He paused and his look was serious when he resumed: ""In a way, it's strange, but your English customs have a grip; they get hold of one.
",no_space,2025-09-03
804,PG33806_raw.txt,44,"A young man strode along through one of the principal streets of the town of Woodford, New Hampshire, with his blue eyes clouded and an expression of mingled displeasure and purpose about the firm lines of his mouth.
",action_space,2025-09-03
805,PG55151_raw.txt,262,"I noticed with mild curiosity that five men were on the maintopmast, and wondered whether it was their purpose to snug down the canvas, or if the captain had it in his mind to show more sail to the howling wind.
",visual_space,2025-09-03
806,PG26526_raw.txt,2348,"And as the trees swallowed the cantering horse and man, followed by a futile shot from the first revolver which the young constable had picked up, an embittered admiration kindled in the captive murderer's eyes.
",perceived_space,2025-09-03
807,PG53975_raw.txt,2057,"She had risen and stood before the girl, with her bald little statement of sorrow, and Hannah, forgetting herself and her fears for a moment, looked up at Annie Laurie with sympathy in her face.
",no_space,2025-09-03
808,PG53179_raw.txt,1725,"Then things began to get slack, and to-day, as bright a morning as ever broke on the Pacific coast, the Captain, down on his luck and without even the price of a drink, was hanging about a wharf near the China docks waiting for his companion.
",descriptive_space,2025-09-03
809,PG37800_raw.txt,526,"""Who is she?"" gasped the other girls in surprise.
",no_space,2025-09-03
810,PG49049_raw.txt,1403,"“They went off in an open boat, and there wasn’t much time to put water and provisions aboard.
",action_space,2025-09-03
811,PG49648_raw.txt,7356,"If, on the first summons at a door, the inmates peered out curious and loud-mouthed, they quieted down at the first glance at the silent horsemen outside.
",perceived_space,2025-09-03
812,PG40583_raw.txt,2542,"The hardest thing about great resolves and lofty moods is their intermixture with everyday life.
",no_space,2025-09-03
813,PG6450_raw.txt,5252,"But there were others present, who were equally interested in the approaching conference, whose apprehensions were not to be so easily suppressed.
",no_space,2025-09-03
814,PG47525_raw.txt,803,"But now that they had run away from him, and were too evidently ashamed of him, perhaps it was as well to let them remain where they were, he reflected.
",no_space,2025-09-03
815,PG26560_raw.txt,4625,"The rushing foam smothered his cries.
",perceived_space,2025-09-03
816,PG47165_raw.txt,3872,"Why, the tide is almost in,” said Walter, glancing out of the window.
",visual_space,2025-09-03
817,PG46195_raw.txt,1372,"No workaday method of communication would suffice under a sky shot with stars and in an air a-tingle with spring.
",perceived_space,2025-09-03
818,PG39102_raw.txt,766,"Pick answered in that way in which he so often knuckled to Soapy's humor, leading that young gentleman on to do the thing he himself most wished to do.
",no_space,2025-09-03
819,PG29533_raw.txt,4704,"This view of the matter was very characteristic of Godfrey.
",no_space,2025-09-03
820,PG39296_raw.txt,5097,"If there were not this table between us, I would pull your ears, Master Churchman!""
",action_space,2025-09-03
821,PG17854_raw.txt,295,"The young man reluctantly withdrew, and Maurice went to the telephone and rung up the police station.
",action_space,2025-09-03
822,PG25781_raw.txt,3033,"""Well, I call that a doggoned shame!"" and Jarvis started again for the stairs.
",action_space,2025-09-03
823,PG37413_raw.txt,2745,"While Alec Forsyth was engaged in showing Ziegler out of the crypt, the Duke of Beaumanoir, in happy ignorance of the perilous effort his friend was making for him, sat in the dark muniment room, still as a cat, with his eyes on the door.
",action_space,2025-09-03
824,PG35503_raw.txt,2592,"To make matters worse, he could hear from shouted remarks of hers that her suspicions were on the alert and that she was ready to flare up again.
",no_space,2025-09-03
825,PG29452_raw.txt,3582,"""It will be about his time, I gather, and rather a comfort to me definitely to know.""
",no_space,2025-09-03
826,PG14323_raw.txt,4001,"The window opened its half-wheel not on the place Saint Sulpice but on the rear of the church, whose roof prevented any light from getting in.
",descriptive_space,2025-09-03
827,PG954_raw.txt,1854,"Added to the noise of the falling walls was that of the machine guns, which were barking away like a kennel of angry hounds eager to be unleashed at the quarry.
",perceived_space,2025-09-03
828,PG55947_raw.txt,360,"Tommy jumped out, and scrambled up the bank.
",action_space,2025-09-03
829,PG23786_raw.txt,3724,"They were around the pretty tea table in a sort of triangle.
",descriptive_space,2025-09-03
830,PG19948_raw.txt,1254,"""All I am trying to tell you is that if the Treaty of Peace, which you talked my head off about the other day, contained a section that the Germans should walk in a parade and show to the Allies how that Peace Treaty made them suffer, Mawruss, Lenine and Trotsky and all the other crickets who abuse Mr. Wilson like the New York Republican newspapers and the American ladies who are attending that Zurich Permanent Peace Convention, would of called the Allies all sorts of barbarians, y'understand.
",no_space,2025-09-03
831,PG34296_raw.txt,876,"He stared at Ross with eyes which gradually cleared as a realization of his environment was borne in on him.
",no_space,2025-09-03
832,PG20438_raw.txt,1417,"There was so much laughter here that Jordan had to desist for a moment, but he had not finished.
",no_space,2025-09-03
833,PG21787_raw.txt,2929,"The wedding morning dawned clear and beautiful.
",perceived_space,2025-09-03
834,PG26356_raw.txt,1437,"I was speeding home with a jug o' water from the spring, and what with his staring as he stood at the road-side to let me pass, and what with a root i' th' way, I all but lost my footing.
",action_space,2025-09-03
835,PG1604_raw.txt,2022,"Thence, with an agile pace, he hurried ashore, and they saw his white clothes shining in the chequered dusk of the grove until the house received him.
",perceived_space,2025-09-03
836,PG46371_raw.txt,457,"No sooner had the roll of the drum been wafted across the waters than there was a change manifest in the attitude of the cruiser.
",perceived_space,2025-09-03
837,PG50224_raw.txt,1205,"“All I can say,” remarked the deeply interested listener, after the stirring account of their adventures on the road had been brought to a finish, “is that it beats the Dutch how you scouts do have thrilling happenings come your way.
",no_space,2025-09-03
838,PG26905_raw.txt,3745,"She looked at the bed where her boy lay, she looked at the angular face of the woman, with its brooding motherliness, at the soft, gray hair, and, with a little gasp of feeling, she raised the bowl to her lips and drank freely.
",visual_space,2025-09-03
839,PG3055_raw.txt,617,"Long was that hall, and now not very light, so that Walter was come past the fountain before he saw any folk therein: then he looked up toward the high-seat, and himseemed that a great light shone thence, and dazzled his eyes; and he went on a little way, and then fell on his knees;
",perceived_space,2025-09-03
840,PG38635_raw.txt,3467,"The fire had almost burned out, but a few red brands still gave a faint light, and the spires of the pines seemed a little blacker and sharper than they had been when the men went to sleep.
",perceived_space,2025-09-03
841,PG47817_raw.txt,1468,"In the next instant he had jerked off his boots, flung his sombrero at Bess’ feet and plunged into the foaming water some thirty feet further down the stream than where the Indian was.
",action_space,2025-09-03
842,PG25849_raw.txt,3272,"The island was too small to allow him to hide himself.
",descriptive_space,2025-09-03
843,PG19555_raw.txt,708,"The little boy and girl dug their heels in, or they tried to, but the clay was hard, as well as slippery.
",perceived_space,2025-09-03
844,PG39782_raw.txt,107,"From afar off they saw him again on the surface, weeping bitterly.
",visual_space,2025-09-03
845,PG20615_raw.txt,2068,"Do you not know the secret of Antonio Stradivari, of all the great makers of violins?
",no_space,2025-09-03
846,PG50317_raw.txt,4351,"He had never understood so definitely, so conclusively, so permanently, that in Beatrix was the epitome of all his hopes.
",no_space,2025-09-03
847,PG29859_raw.txt,2555,"Soon Ben and his father and Dunston Porter came into full view near the end of the lake.
",visual_space,2025-09-03
848,PG39933_raw.txt,2661,"And at the best, they were never anything but a fairy tale.
",no_space,2025-09-03
849,PG17741_raw.txt,2903,"And in my heart I stood once more amid the watery gleams and echoes of that moonlit cavern, struck dumb before that shining princess from whose mouth and hands had fallen those strange streams of gold.
",perceived_space,2025-09-03
850,PG29628_raw.txt,5068,"They were flaming through his brain.
",no_space,2025-09-03
851,PG1161_raw.txt,1720,"When the whaleboat was alongside, he descended into it first, superiorly, then invited Nau-hau to accompany him.
",action_space,2025-09-03
852,PG47597_raw.txt,4887,"One night, shortly after the episode, the first night that any favorable news had come from the Infirmary, as Doctor Forester was sitting before his study fire, there came a tap on the door, and in response to his summons, Mr. Roylston entered.
",perceived_space,2025-09-03
853,PG24347_raw.txt,1064,"At the next corner they saw Miss Jenny coming.
",visual_space,2025-09-03
854,PG21839_raw.txt,3558,"I could not trace her beyond her first seducer, and there was every reason to fear that she had removed from him only to sink deeper in a life of sin.
",no_space,2025-09-03
855,PG19489_raw.txt,1689,"When morning came he would have a heart-to-heart talk with the lad, and never again must there be a cloud allowed to rise between them--these three were all that were left of the family, now, and they must stick together.
",no_space,2025-09-03
856,PG21882_raw.txt,1441,"""It's a man!"" gasps Vee, clutchin' me by the sleeve.
",no_space,2025-09-03
857,PG40181_raw.txt,5324,"Meanwhile she sat in the station-master's private office, to wait for more than an hour until the next train should be ready.
",descriptive_space,2025-09-03
858,PG41929_raw.txt,1490,"They arranged her hair, and twined strings of pearls in it, which they had found in a sandal-wood box on the dressing-table.
",action_space,2025-09-03
859,PG53252_raw.txt,1478,"They flew in and lighted down on the floor while the hawk came sweeping up to the doorway.
",perceived_space,2025-09-03
860,PG16889_raw.txt,3814,"His face was thin, tanned and heavily lined, and his keen gray eyes were deep set under huge, shaggy eyebrows.
",no_space,2025-09-03
861,PG17226_raw.txt,2007,"The emotions Emily passed through during the day--from her awakening almost at dawn to the silence of her bedroom at South Audley Street, until evening closed in upon her sitting in the private parlour of an hotel in the company of the Marquis of Walderhurst--it would require too many pages to describe.
",perceived_space,2025-09-03
862,PG38020_raw.txt,540,"And it reminded me precisely of a peacock--one long, stuck-up tale with a hundred I's in it.
",no_space,2025-09-03
863,PG27453_raw.txt,2646,"At nights, with that hateful curtain between them, he had writhed in anguish to hear the soft breathing within a foot or so of his head.
",perceived_space,2025-09-03
864,PG10966_raw.txt,2331,"We reached the other men, and they opened out, and allowed us to get near the door.
",action_space,2025-09-03
865,PG21883_raw.txt,4470,"One day the chambermaid came below stairs (it was the first we knew of it) and propounded a conundrum.
",action_space,2025-09-03
866,PG57137_raw.txt,2342,"Mr. Carlton left the room a few moments afterwards in order to attend the Committee meeting.
",action_space,2025-09-03
867,PG46699_raw.txt,4649,"William went out and the Judge resumed his walk up and down the pathway of trouble.
",action_space,2025-09-03
868,PG25865_raw.txt,2020,"And indeed for more than a hundred years the furniture of the great parlour had stood precisely as they now saw it.
",visual_space,2025-09-03
869,PG28244_raw.txt,827,"Besides--women don't run men off like cattle rustlers.
",no_space,2025-09-03
870,PG40348_raw.txt,6823,"He reminded me, somehow, of the comic man in the burlesque.
",no_space,2025-09-03
871,PG31419_raw.txt,2148,"Wyn ran to his help, finding the flour, cracker-crumbs, and salt pork.
",action_space,2025-09-03
872,PG4703_raw.txt,260,"They made me hate what I was once, a moving, joyous part of--life down there.
",no_space,2025-09-03
873,PG37185_raw.txt,1752,"""Sunshine means hope,"" declared Leander Prawle.
",no_space,2025-09-03
874,PG18126_raw.txt,2399,"They parted to avoid him, and as he reached a fence, a few rods from the cabin, he leaned upon it, and swaying to and fro, raised his horrible eyes to the sky.
",action_space,2025-09-03
875,PG222_raw.txt,24,"It is a riddle which shares with the universe the merit of having no answer.
",no_space,2025-09-03
876,PG46152_raw.txt,1691,"He was familiar with Japanese students.
",no_space,2025-09-03
877,PG39606_raw.txt,708,"There was no sound for a time save the monotonous click, click of the knitting needles, keeping up a sort of recitative duet with the tick, tick of the clock.
",perceived_space,2025-09-03
878,PG30662_raw.txt,321,"At one o'clock, when some of the better streets had once more taken on their natural quiet, an ox-cart stood before the door of the Dolphs' old house.
",perceived_space,2025-09-03
879,PG34448_raw.txt,1277,"And then he was left to himself in the woodshed.
",descriptive_space,2025-09-03
880,PG21127_raw.txt,1644,"With a sickening knowledge of approaching catastrophe, she saw another of the unconventional black-robed servants emerge from behind the Sanctuary curtain, and proceed with maddening deliberation to light the sixteen groups of wax tapers that were set at intervals along the walls.
",visual_space,2025-09-03
881,PG40396_raw.txt,2253,"Once more the bug-eye got under weigh, stood out toward the middle of the river and cast anchor again, just beyond the path of any passing steamer.
",action_space,2025-09-03
882,PG16310_raw.txt,1649,"The fighting men of the village followed the four white men to the outskirts, and took up their stand there as Stedman told them to do, and the four walked on over the roughly hewn road, to meet the enemy.
",action_space,2025-09-03
883,PG54022_raw.txt,1014,"The girls saw the flagman seize his lantern and run back to set his signal.
",action_space,2025-09-03
884,PG21248_raw.txt,680,"The car made so much noise she could catch only an occasional word of their conversation, so she sat looking out of the window, busy with her thoughts.
",perceived_space,2025-09-03
885,PG17500_raw.txt,2244,"Was it really possible that her interest in Wildeve had been so entirely the result of antagonism that the glory and the dream departed from the man with the first sound that he was no longer coveted by her rival?
",no_space,2025-09-03
886,PG48354_raw.txt,4580,"But to Cleg the rattle of the bars meant none of these things.
",perceived_space,2025-09-03
887,PG44888_raw.txt,1838,"From the other end came the sound of music,—a harp, a flute, and a violin playing one of those Neapolitan yayayama songs that always, somehow, make you feel as if you ’d been abroad, even when you ’ve never been nearer Naples than waving good-by to your sister from a North German Lloyd dock in Hoboken.
",perceived_space,2025-09-03
888,PG29753_raw.txt,1607,"He vanished into Mary's office, banging the door.
",action_space,2025-09-03
889,PG12349_raw.txt,5007,"He stood on a bench and had around him a large crowd of soldiers.
",action_space,2025-09-03
890,PG1353_raw.txt,3077,"Palmyrin Rosette was suddenly separated from his servant Joseph, and when, after a long period of unconsciousness, he came to himself, he found that he was the solitary occupant of the only fragment that survived of the Balearic Archipelago.
",action_space,2025-09-03
891,PG46892_raw.txt,495,"In a low room, with the white rafters impending over his head, beside a basement window flanked with geraniums, little Smeed sat down to battle for the honour of the Dickinson and the record of the school.
",action_space,2025-09-03
892,PG35080_raw.txt,1253,"As they emerged from the shadow of the woods into the broad sunlight of the clearing, their first glance sought the house standing in the midst of green grass and springing grain.
",perceived_space,2025-09-03
893,PG38436_raw.txt,3297,"He passed through the door....
",action_space,2025-09-03
894,PG16946_raw.txt,577,"And as he talked in his fine little cambric-needle voice that sounded as if it came out of a squeaky cabinet, I knew he was meaning more than he was saying, and I sat up and listened until he stopped for breath.
",no_space,2025-09-03
895,PG6100_raw.txt,4178,"Pollyanna, glancing at Sadie Dean, vaguely wondered why she suddenly settled back in her seat with so very evident an air of relief.
",visual_space,2025-09-03
896,PG51772_raw.txt,1633,"But it appeared as though the Huns were getting ready for another charge and so McNabb was going over the mechanism of the Browning gun again when a bullet, among a dozen or more sent over in the past half minute, entered the space between the flat stone and the gun barrel and the cheery, brave little Irishman sank down, without a groan.
",action_space,2025-09-03
897,PG35436_raw.txt,195,"But she will be a Parisienne; we hope a de Fleury, of a house by inheritance religious.
",no_space,2025-09-03
898,PG39238_raw.txt,1737,"What part of Indiana do you come from?""
",no_space,2025-09-03
899,PG24093_raw.txt,705,"The lover who watches by the side of a stricken loved one and loses time and money--is he crazy?
",no_space,2025-09-03
900,PG38872_raw.txt,1144,"He struck the spade into the ground, and began to dig, while his companion watched him.
",action_space,2025-09-03
901,PG3655_raw.txt,476,"“Thank’e,” said the man, “you are a fine little industrious fellow.”
",no_space,2025-09-03
902,PG25785_raw.txt,1323,"Into Robert's distraught brain there leaped some wild idea of conspiracy, of intrigue to supplant him by the means of some pretender fashioned like himself.
",no_space,2025-09-03
903,PG42529_raw.txt,8858,"By and by, I heard a clanking like the swing of an iron door, and presently all, or as I thought all, the riders came back, and with laughter and singing, and the young chief Hisar at their head, made off by the track which leads home to their village.
",perceived_space,2025-09-03
904,PG45451_raw.txt,201,"""I have other things to think about on the Lord’s Day besides railway time-tables.""
",no_space,2025-09-03
905,PG3091_raw.txt,4527,"It is none the less true, however, that on the 29th of August, before sunrise, Fragoso, without saying anything to anybody, secretly left the jangada, arrived at Manaos, and embarked in one of the egariteas which daily descend the Amazon.
",action_space,2025-09-03
906,PG26657_raw.txt,1899,"I was just in the act of firing a third time, when a flash of fire spurted from the running car and my pistol dropped from my hand.
",perceived_space,2025-09-03
907,PG33305_raw.txt,3000,"Time was when I thought this shadow had a substance worth our investigation, but a further knowledge of his real fault and a completer knowledge of his sisters' virtues turned my inquiries in a new direction, where I have found, as I have told you, actual reason for arresting Mother Jane.
",no_space,2025-09-03
908,PG39598_raw.txt,1201,"I just looked at it a minute and put it back in the water, and threw my pole away.
",action_space,2025-09-03
909,PG500_raw.txt,2968,"Not adding another word, Pinocchio took the candle in his hand and going ahead to light the way, he said to his father:
",action_space,2025-09-03
910,PG18665_raw.txt,1191,"Cautiously she perched herself on the edge of a chair, and thrust her narrow, gold-embroidered toes into the wide, blunt depths of her overshoes.
",action_space,2025-09-03
911,PG27504_raw.txt,4105,"In due time we reached a shingle-roofed settlement, where a man who had some local reputation for skill in healing horses examined our companion.
",action_space,2025-09-03
912,PG18902_raw.txt,2644,"She passed the sieve to him and went to inspect the oven.
",action_space,2025-09-03
913,PG974_raw.txt,4632,"But never mind, I’ll teach them yet what it means trying to throw out a man like me to rot in the streets.
",no_space,2025-09-03
914,PG19592_raw.txt,2626,"I told her that if I were decently treated I would stay, but if she continued to insult me, and give the preference in all things to her own boy, Nicholas, I would go away.""
",no_space,2025-09-03
915,PG6450_raw.txt,278,"The stranger had been a silent but attentive observer of their progress.
",no_space,2025-09-03
916,PG47776_raw.txt,2359,"Instinctively the two lads saluted the colors, and then passed up the broad wooden steps on to a capacious veranda.
",action_space,2025-09-03
917,PG4358_raw.txt,2331,"The four redoubled their speed, darting through the water with the swiftness of skyrockets.
",action_space,2025-09-03
918,PG53362_raw.txt,921,"At three o’clock they reached Ellisville, where the President had located his office.
",action_space,2025-09-03
919,PG18803_raw.txt,3159,"""But that makes only eight in all,"" replied Christy.
",no_space,2025-09-03
920,PG903_raw.txt,7030,"For when ye had left us, this evil man gathered around him all outlaws, villeins, and masterless men, until they were come to such a force that they slew and scattered the king's men who went against them.
",no_space,2025-09-03
921,PG33806_raw.txt,1816,"And as Anthony did not answer at once, Dick Ashton walked away, coming back a moment later with two porch chairs, which he placed near his sister's larger one.
",action_space,2025-09-03
922,PG39137_raw.txt,3472,"The King, after considering him a moment with a singular expression, between amusement and reproach, broke the silence.
",no_space,2025-09-03
923,PG24359_raw.txt,5116,"""I believe it will come out all right!"" declared the girl.
",no_space,2025-09-03
924,PG42370_raw.txt,1539,"A year of solid work with a good instructor would make another chap of you.
",no_space,2025-09-03
925,PG19806_raw.txt,1185,"Again they're destined to be conquered as before, at a far bigger price.
",no_space,2025-09-03
926,PG85_raw.txt,1237,"With a yell of terror the chief turned and fled toward the village gate, and as his people looked to see the cause of his fright, they too took to their heels—for there, lumbering down upon them, their huge forms exaggerated by the play of moonlight and camp fire, came the hideous apes of Akut.
",action_space,2025-09-03
927,PG1207_raw.txt,6386,"Three men pushing at him and three others pulling on a cord about his middle, we dragged him up, staying now and again to show him the bones of those whom he had sent out to kill us, and telling him the tale of that fight.
",action_space,2025-09-03
928,PG32988_raw.txt,2916,"The suggestion about dinner came as they paused at the corner.
",action_space,2025-09-03
929,PG53804_raw.txt,3984,"The stolid Patriarch had raised his hand for silence.
",no_space,2025-09-03
930,PG21816_raw.txt,2857,"In the natural advance of all creatures, do they not bury themselves over and over again in the endless resurrection of better and better?
",no_space,2025-09-03
931,PG43351_raw.txt,2178,"They were supposed to be a safeguard, but in this case this infernal chain was condemning evidence against the woman I loved!
",no_space,2025-09-03
932,PG32520_raw.txt,84,"HILDEGARDE was walking home from the village, whither she had gone to get the mail.
",action_space,2025-09-03
933,PG32325_raw.txt,4628,"Well, whilst they was at it a steamboat landed, and in about two minutes up comes a crowd a-whooping and yelling and laughing and carrying on, and singing out:
",action_space,2025-09-03
934,PG34934_raw.txt,670,"He felt in the dead man's coat, vest, and ultimately in a trousers pocket found two keys, tied together with a piece of twine.
",action_space,2025-09-03
935,PG16473_raw.txt,1208,"She turned and gazed at the waterfall, creaming and curling over the rocks, and making such a merry, musical jest of its tumble into the pool.
",perceived_space,2025-09-03
936,PG23744_raw.txt,1355,"One of the robbers went into the stable to hunt, too, and a good mule kicked him dead.
",action_space,2025-09-03
937,PG26851_raw.txt,575,"The other made no remark, but a little shade came over his face.
",no_space,2025-09-03
938,PG34208_raw.txt,3971,"""We know,"" said the lawyer in a voice out of which the passion had passed, but which had the dead quality of an opinion inflexibly solidified, ""that since your marriage, you never made her the companion of any hour that was not a backwoods hour.
",no_space,2025-09-03
939,PG1895_raw.txt,13843,"Having begun by quarreling with her, he got on to suspecting her, and became savagely jealous of every male creature who entered the house.
",no_space,2025-09-03
940,PG46358_raw.txt,620,"There was a moment's interval, while each watched the other, the lawyer fearing the success of his manoeuver, the client weighing its sincerity as he balanced on his chair and blinked in indecision.
",action_space,2025-09-03
941,PG35044_raw.txt,155,"“Who started it?” demanded Tom bluntly.
",no_space,2025-09-03
942,PG32730_raw.txt,1495,"""And the police will seek him whom the crime benefits.""
",no_space,2025-09-03
943,PG19064_raw.txt,512,"His fresh young face was scarlet to the brow.
",no_space,2025-09-03
944,PG3659_raw.txt,7202,"It reminds me of the wrong I did you.
",no_space,2025-09-03
945,PG29657_raw.txt,3524,"He felt that he was on trial and that his future hung upon her judgment.
",no_space,2025-09-03
946,PG84_raw.txt,1875,"At first I started back, unable to believe that it was indeed I who was reflected in the mirror; and when I became fully convinced that I was in reality the monster that I am, I was filled with the bitterest sensations of despondence and mortification.
",perceived_space,2025-09-03
947,PG25053_raw.txt,554,"In the centre of the course there is a narrow platform on which stands a miniature temple of Mercury, a statue of Constantine, and three bronze serpents intertwined with each other;
",descriptive_space,2025-09-03
948,PG23487_raw.txt,1790,"They had ""lit out"" along the Mesa road, toward Baker's Butte, until they found the trail by way of Hardscrabble and Granite Creek.
",action_space,2025-09-03
949,PG13932_raw.txt,1476,"Nanna uttered her taunt in a good-natured tone, but she glanced furtively at her husband to see the effect of her words, for it was not always safe to joke with Paoluccio.
",no_space,2025-09-03
950,PG54239_raw.txt,5750,"""And if I do not desire to go there?"" she said, after hesitating a few seconds, ""what then?""
",no_space,2025-09-03
951,PG30274_raw.txt,3357,"Some of the men row along as gently as possible, while the person that is appointed to attack the fish stands upon the forepart of the boat, holding in his hand a sharp harpoon, with which he is prepared to wound his prey.
",action_space,2025-09-03
952,PG14406_raw.txt,3877,"The campfire burned brightly in a straggling bluff at the edge of the plain.
",perceived_space,2025-09-03
953,PG54813_raw.txt,2024,"Paralee would not eat with them, though she accepted the luncheon Azalea offered her.
",no_space,2025-09-03
954,PG37775_raw.txt,2990,"This experiment is but the germ of a thought which will be enlarged upon by many minds under other conditions.
",no_space,2025-09-03
955,PG5971_raw.txt,3701,"Can't you go to sleep, boy?
",no_space,2025-09-03
956,PG40574_raw.txt,1361,"Kate looked like the dear Kate of old, as all sat down to a real Thanksgiving dinner.
",action_space,2025-09-03
957,PG14540_raw.txt,2154,"And when the car turned in at the gate of the hunting lodge and drew up at the steps the laws of hospitality demanded that Yeovil should ask his benefactor of the road to come in for a few minutes and drink something a little better than the wayside inn had been able to supply.
",action_space,2025-09-03
958,PG53120_raw.txt,8206,"Then he readjusted the straps of the knapsack, which he had taken again when Jack had loaded himself with the bearskin, and went rapidly down through the more open forest.
",action_space,2025-09-03
959,PG26973_raw.txt,1953,"The ball came to her and she passed it to Hester, and hurried forward to receive it on its return.
",action_space,2025-09-03
960,PG21625_raw.txt,3739,"He was deep in his bitter reflections when he realized that she was speaking to him.
",no_space,2025-09-03
961,PG21760_raw.txt,1837,"When the different ones had gone over the ground thoroughly, John asked the opinion of the searchers.
",action_space,2025-09-03
962,PG7381_raw.txt,14048,"He was caught by Lizzie as he was descending the stairs, and in the dining-room he poured out the tale of his wrongs.
",action_space,2025-09-03
963,PG30914_raw.txt,4006,"Certain sure      if he had, I should have heard of it from either Ruth herself or      from Agnes.
",no_space,2025-09-03
964,PG25813_raw.txt,2749,"Trask had joined him on the forecastle and the others remained in the cabin.
",action_space,2025-09-03
965,PG17047_raw.txt,567,"The gardens of Glenavelin have an air of antiquity beyond the dwelling, for there the modish fashions of another century have been followed with enthusiasm.
",perceived_space,2025-09-03
966,PG38609_raw.txt,1506,"On either side of the towpath were farms and gardens, with a house set here and there amid the green fields or orchards.
",descriptive_space,2025-09-03
967,PG1235_raw.txt,2163,"I hear the bell that summons me, and if I wait any longer here with you I shall miss my entry at the proper moment.”
",perceived_space,2025-09-04
968,PG11052_raw.txt,5073,"One day when he wasn't feeling very well he thought to himself: 'Would she act like that to ME if I was dying?'
",no_space,2025-09-04
969,PG37185_raw.txt,3095,"The removal of his spectacles revealed two very red-rimmed eyes, whose color escaped all note because of their smallness.
",no_space,2025-09-04
970,PG38592_raw.txt,2532,"I had to have a skirt shortened.
",no_space,2025-09-04
971,PG39020_raw.txt,2210,"His hands gripped the wheel until his knuckles stood out white and tense.
",action_space,2025-09-04
972,PG16381_raw.txt,5807,"The door from the hall was opened upon that cry of gratitude and Millie Splay looked in.
",action_space,2025-09-04
973,PG40696_raw.txt,3742,"I can go to Luxembourg just as well and see you there if     you can run over.
",no_space,2025-09-04
974,PG41604_raw.txt,157,"And then, still on her knees, her hands still clasped over the letter, she moved a few inches nearer the fireplace.
",action_space,2025-09-04
975,PG14610_raw.txt,50,"First she turned out her tenants.
",no_space,2025-09-04
976,PG41052_raw.txt,600,"His right hand grasped the wheel.
",action_space,2025-09-04
977,PG30059_raw.txt,4973,"The facts of physical suffering, of incurable pain, of the chance grimly narrowed, had been made, at a stroke, intense, and this was to be the way he was now to feel them.
",no_space,2025-09-04
978,PG51950_raw.txt,653,"they heard Magnus’s foot on the stones as if he were moving away, but they dared not look lest they should see his face.
",perceived_space,2025-09-04
979,PG34306_raw.txt,166,"Larry drifted first to San Francisco and then to Honolulu, the principal city of the Hawaiian Islands, where he shipped on a vessel bound for Hong Kong.
",action_space,2025-09-04
980,PG90_raw.txt,335,"He saw the black Mugambi wielding his deadly knob-stick, and beside them, with bared fangs and bristling whiskers, Sheeta the terrible; and pressing close behind the savage and the savage panther, the hideous apes of Akut.
",visual_space,2025-09-04
981,PG55074_raw.txt,578,"The situation not only alarmed but perplexed him, and, not knowing what else to do, he watched the movements of Captain Doak, who could be seen only as a dark smudge against the lighter sky.
",visual_space,2025-09-04
982,PG33466_raw.txt,4712,"I found Myra at home alone, very much excited.
",action_space,2025-09-04
983,PG38833_raw.txt,1125,"The girl's voice steadied itself with difficulty.
",no_space,2025-09-04
984,PG29847_raw.txt,7998,"I know well enough she did not.
",no_space,2025-09-04
985,PG5151_raw.txt,5388,"Kennedy rushed to the door and fired through it at random to check the attack for a few moments.
",action_space,2025-09-04
986,PG41895_raw.txt,3449,"Time came when he himself could climb a tree and peer within a nest.
",action_space,2025-09-04
987,PG29453_raw.txt,324,"The officer walked up the aisle and ordered the society buds and their escorts to leave.
",action_space,2025-09-04
988,PG21539_raw.txt,1352,"""Now you know,"" he said, as he shoved back his stool, ""I like your company awfully well, and I'd like to keep this up indefinitely, but truth is I can't;
",action_space,2025-09-04
989,PG3189_raw.txt,1211,"“On the mantelpiece in the nursery.
",descriptive_space,2025-09-04
990,PG27674_raw.txt,1591,"""Because they do not want to destroy the boat unless it is absolutely necessary,"" answered the captain.
",no_space,2025-09-04
991,PG37647_raw.txt,1581,"The idea that the amateur detective might be stolen seemed so comical to Dan that he gave way to mirth, and what had promised to be a most sorrowful visit speedily became a merry one.
",no_space,2025-09-04
992,PG17741_raw.txt,1362,"""What did you call that shell?""
",no_space,2025-09-04
993,PG39577_raw.txt,1503,"“It is certainly the most mysterious affair I ever had anything to do with,” declared Donald, “and we have solved some pretty big mysteries.”
",no_space,2025-09-04
994,PG34947_raw.txt,1903,"The odour that arose from the carcase of the bat which the detective had so carefully preserved was none too pleasant, while to a woman the sight of anything so closely resembling a mouse as does a bat is usually enough to cause an exclamation of horror.
",perceived_space,2025-09-04
995,PG38553_raw.txt,975,"Sunday school was to have a--Emmy Lou in her Sunday dress and her Sunday hat, hurrying on from the corner by herself, tried to straighten this out before reaching home and reporting it.
",action_space,2025-09-04
996,PG47702_raw.txt,473,"The flowers creep up to it, the wind and the rain sigh against it, but the old-time lovers long ago joined the silent company in God's immutable garden of rest.
",perceived_space,2025-09-04
997,PG4309_raw.txt,16588,"I’ll give them a piece of my mind--see if I don’t!
",no_space,2025-09-04
998,PG145_raw.txt,424,"All this volume is about Greece, you know,” Mr. Brooke wound up, rubbing his thumb transversely along the edges of the leaves as he held the book forward.
",action_space,2025-09-04
999,PG26740_raw.txt,4463,"The man had to touch him twice on the shoulder before he woke, and as he opened his eyes a faint smile passed across his lips, as though he had been lost in some delightful dream.
",no_space,2025-09-04
1000,PG23447_raw.txt,2100,"""There's a bed in the house for you, whenever you wish it to-night,"" announced Mr. Seaforth, stepping outside.
",action_space,2025-09-04
1001,PG16566_raw.txt,2493,"""A railway wreck!"" he muttered, hoarsely.
",no_space,2025-09-04
1002,PG30537_raw.txt,993,"""Which accounts for my cleverness,"" he thought gloomily.
",no_space,2025-09-04
1003,PG39596_raw.txt,3870,"Georgina, with her usual aptitude for mimicry, made the shrug so eloquent that Barby understood exactly what Miss Minnis intended to convey, and what it had meant to the wondering child.
",no_space,2025-09-04
1004,PG46156_raw.txt,1740,"You tell us of that so often, that none of us ever question it.
",no_space,2025-09-04
1005,PG50051_raw.txt,239,"After his remark to Bob he had relapsed into silence again--a silence to which Ned called his chum’s attention by a nudge.
",no_space,2025-09-04
1006,PG9112_raw.txt,1316,"About half-past one o'clock in the afternoon, however, he was given a shock: He saw half a dozen British soldiers approaching the encampment from the north, and in their midst was-his brother Tom!
",visual_space,2025-09-04
1007,PG33065_raw.txt,4427,"She drew a little away from him, with hands clasped behind her back, gazing intently at him.
",no_space,2025-09-04
1008,PG19942_raw.txt,499,"I had a very good seat, and the ladies were served with refreshments between Mass and the execution.
",no_space,2025-09-04
1009,PG16909_raw.txt,4897,"And for hours and hours and hours the trains (for she had to change twice) rushed on through the slow-dying autumn evening and night, and part of the next day.
",perceived_space,2025-09-04
1010,PG18701_raw.txt,4493,"His own ill-nature had to be conquered first;
",no_space,2025-09-04
1011,PG15573_raw.txt,4473,"I heard him swear the wretches to secrecy, hint to them that he had a great story to tell them.
",no_space,2025-09-04
1012,PG19649_raw.txt,4728,"Yet, here he was on deck, and possibly on the point of seeking an interview with the lady to whom he had paid such close attention during the early days of the voyage.
",action_space,2025-09-04
1013,PG19348_raw.txt,3017,"But how could one come just then?
",perceived_space,2025-09-04
1014,PG33425_raw.txt,1702,"But as the backs, led by right tackle, plunged forward, Roy, with the ball hidden at his side, dodged behind them and sped along the line toward the right.
",action_space,2025-09-04
1015,PG36018_raw.txt,1472,"Could it be that she had literally turned green from jealousy and the ice cream was innocent, after all?
",no_space,2025-09-04
1016,PG39453_raw.txt,2026,"Austin looked thoughtful.
",no_space,2025-09-04
1017,PG44478_raw.txt,1130,"“No, ma’am,” replied Dick.
",no_space,2025-09-04
1018,PG39807_raw.txt,98,"The policeman fell flat on the cinder-covered ground.
",action_space,2025-09-04
1019,PG19776_raw.txt,1127,"She sprang up suddenly with a scream that rang through the room with the force and volume of a clarion tone.
",perceived_space,2025-09-04
1020,PG29880_raw.txt,2627,"Shotwell found himself seated beside Marya Lanois, a lithe, warm, golden creature with greenish golden eyes that slanted, and the strawberry complexion that goes with reddish hair.
",action_space,2025-09-04
1021,PG53109_raw.txt,3632,"Satan had already signed Grace in another department of the Kingdom of Evil-doing.
",action_space,2025-09-04
1022,PG39923_raw.txt,4122,"Dick smiled and shook his head.
",no_space,2025-09-04
1023,PG41296_raw.txt,5814,"""You are a pack of liars yourselves,"" and while Bidiane and Claudine stiffened themselves with rage, and Mirabelle Marie contemptuously muttered, ""Get out, ole beast,"" he cast a final malevolent glance on them, and left the house.
",action_space,2025-09-04
1024,PG28512_raw.txt,1619,"He could see nothing else, think of nothing else.
",no_space,2025-09-04
1025,PG3670_raw.txt,2794,"Sir Charles took it with surprise, but, turning it in his hand, a cool, satirical smile came to his face.
",no_space,2025-09-04
1026,PG18700_raw.txt,3165,"He could not help wondering which of them knew the more about one great incident in her life, but he merely echoed her words with a rueful conviction of his own: ""No, I don't.""
",no_space,2025-09-04
1027,PG28446_raw.txt,1490,"She had wished to consider him as a friend, because he had been a friend to her adored brother when that brother needed one, and while she had written him a dozen chatty letters which might be printed for all the privacy they contained, she had studiously refrained from allowing him to infer, even, that she had any special interest in his actions.
",no_space,2025-09-04
1028,PG1161_raw.txt,479,"But to retreat without fighting from a fight once started was alien to Jerry's ways and nature.
",no_space,2025-09-04
1029,PG36846_raw.txt,3192,"“They will think me an awful coward and tease me unmercifully.”
",no_space,2025-09-04
1030,PG31393_raw.txt,303,"As a matter of fact, my name is Mary Gilchrist, although I am usually called 'Gill' by my friends, because my father insists I am so small I represent the smallest possible measure.
",no_space,2025-09-04
1031,PG25799_raw.txt,4595,"While she examined them, he looked straight ahead, that he might not see.
",no_space,2025-09-04
1032,PG20025_raw.txt,2701,"Mr. Bowdoin sank back in his chair again.
",action_space,2025-09-04
1033,PG28735_raw.txt,678,"Early editions of several afternoon newspapers were purchased at the terminal newsstand, and the boys settled down to glance at the day's happenings when once ensconced in the train.
",action_space,2025-09-04
1034,PG45026_raw.txt,4362,"The gondolas were brought together and the exchange made.
",action_space,2025-09-04
1035,PG35038_raw.txt,1093,"The big man, charmed with the novelty of having a genuine, voluntary listener, interrupted him at once.
",no_space,2025-09-04
1036,PG44336_raw.txt,662,"Then his cynic calmness again came back to him.
",no_space,2025-09-04
1037,PG21886_raw.txt,1966,"There was no added expression of greed or of awakened curiosity upon his sullenly ferocious countenance.
",no_space,2025-09-04
1038,PG48237_raw.txt,158,"As the man spoke the name, the corporal remembered that he had heard it before.
",no_space,2025-09-04
1039,PG25081_raw.txt,2857,"A gasp went round the table--audible, visible.
",perceived_space,2025-09-04
1040,PG15414_raw.txt,3271,"Another moment and there was a rush of tiny feet in the hall, whereupon the two sentries crossed their rifles across the doorway.
",perceived_space,2025-09-04
1041,PG41037_raw.txt,3067,"Before they reached their haven the bullets were again zip-zipping about them.
",perceived_space,2025-09-04
1042,PG38693_raw.txt,396,"Dick carried him back to Scilly and brought him to the house on Tresco, where Helen Mayle now lived alone.
",action_space,2025-09-04
1043,PG28662_raw.txt,1837,"It would have been very pleasant to talk, or walk, or chat, or stroll, or play tennis, with her, but when he reached the quiet little village, and wandered by himself along the shaded streets, and looked into the pretty yards and gardens, on the profusion of old-fashioned flowers and the cool green grass under the trees, and here and there a stone well-curb with a great sweep and an oaken bucket, and the air of quaint comfort which seemed to invade the interiors of those houses that were partly opened to his view, it struck him, as no idea of the sort had ever struck him before, what a charming and all-satisfying thing it would be to marry Mrs.
",perceived_space,2025-09-04
1044,PG2271_raw.txt,3732,"""I can't realize it all,"" she said in a low voice.
",no_space,2025-09-04
1045,PG35504_raw.txt,4371,"As I crossed the street I sent a look both ways—not a taxi in sight, not a cop, only the whole thoroughfare tangled up with drays and delivery wagons.
",visual_space,2025-09-04
1046,PG29319_raw.txt,1804,"But Dolly pressed against him with a little shiver.
",no_space,2025-09-04
1047,PG35187_raw.txt,1005,"As I climbed the stair, my thoughts reverted somehow to a game we had been playing that very morning.
",perceived_space,2025-09-04
1048,PG17495_raw.txt,4978,"The sunset light on the water blazed vermilion--just the color that Jim all at once discovered he hated.
",perceived_space,2025-09-04
1049,PG36961_raw.txt,1674,"She wore a teagown, long and white as foam, her hair rolled in a soft knot, and her face was pale as death.
",no_space,2025-09-04
1050,PG44534_raw.txt,355,"In other words, his brain was in a whirl.
",action_space,2025-09-04
1051,PG1696_raw.txt,2642,"The Darwinian movement has made no difference to mankind, except that, instead of talking unphilosophically about philosophy, they now talk unscientifically about science.”
",no_space,2025-09-04
1052,PG48984_raw.txt,4011,"The girl blushed at her indiscretion.
",no_space,2025-09-04
1053,PG29726_raw.txt,5952,"""How could I do that?"" she asked, without looking up.
",no_space,2025-09-04
1054,PG51062_raw.txt,994,"But while he worked in the soil he never forgot his loom.
",action_space,2025-09-04
1055,PG35_raw.txt,126,"The thing the Time Traveller held in his hand was a glittering metallic framework, scarcely larger than a small clock, and very delicately made.
",perceived_space,2025-09-04
1056,PG46006_raw.txt,3145,"I will put a question to you.
",no_space,2025-09-04
1057,PG19970_raw.txt,595,"She was indeed the most marvellous thing on earth, being a Bombay singing nautch-girl--undefamed.
",no_space,2025-09-04
1058,PG50394_raw.txt,357,"I dashed back to the Bowery which was airy and comfortable compared with these side streets.
",perceived_space,2025-09-04
1059,PG23992_raw.txt,964,"It happened the day they fixed upon to go Mrs.
",perceived_space,2025-09-04
1060,PG284_raw.txt,3908,"Selden tossed away his cigarette.
",action_space,2025-09-04
1061,PG43994_raw.txt,3037,"Grace said, clapping her hands in joyous anticipation.
",no_space,2025-09-04
1062,PG18505_raw.txt,1169,"""And so am I,"" said Ingred, as she passed by them, and went upstairs.
",action_space,2025-09-04
1063,PG48337_raw.txt,4123,"He regarded the ceiling with an expression of delightful reminiscence, which broadened gradually into a laugh.
",perceived_space,2025-09-04
1064,PG37113_raw.txt,4619,"The knowledge of the operations which were being discussed—which he readily divined were the surrender of important holdings—prepared him for the demands he must expect to meet.
",no_space,2025-09-04
1065,PG32044_raw.txt,3282,"""Shut up!"" he snapped, lifting his voice sharply as the pitcher attempted to speak.
",no_space,2025-09-04
1066,PG43749_raw.txt,4031,"He had not studied his white man without gathering some insight into his character.
",no_space,2025-09-04
1067,PG29932_raw.txt,1121,"But the big man sat and smoked his pipe, his honor safe and the morrow secure.
",descriptive_space,2025-09-04
1068,PG39050_raw.txt,2129,"She did not show much enthusiasm, however.
",no_space,2025-09-04
1069,PG35034_raw.txt,4939,"We kin paddle up as fur as the head of the lake, and then tote over to Squawpan, and I reckon we kin make the pond by night.
",action_space,2025-09-04
1070,PG44133_raw.txt,2201,"Now I see, though, that two things may be well done as well as one, if only we go about it in the right way.
",no_space,2025-09-04
1071,PG1059_raw.txt,1632,"For a time neither spoke, and the king ate and turned over in his mind the phrases of the speech he intended to make to the conference.
",no_space,2025-09-04
1072,PG2568_raw.txt,1957,"On Sunday night, just before he went out in the motor, he came into the drawing-room where I was sitting.
",action_space,2025-09-04
1073,PG31414_raw.txt,41,"I went all spread out like a squirrel, first on my head, then on my back, then on my tummy, clutching at everything that I passed, slapping the ground with my outstretched paws, and squealing for help.
",action_space,2025-09-04
1074,PG47674_raw.txt,5410,"The cloud which had hung over Marsh House had settled now on Wildwater, and even the hot youngsters were chilled by a sense of doom.
",perceived_space,2025-09-04
1075,PG44882_raw.txt,909,"A drink just then was about the last thing Allan Hollister was thinking about.
",no_space,2025-09-04
1076,PG7529_raw.txt,350,"It made them feel indeed that they didn’t know anything about anything, even about such a matter as ordering shoes--an art in which they had vaguely supposed themselves rather strong.
",no_space,2025-09-04
1077,PG10984_raw.txt,5381,"Oh, Eleseus knew well enough what he wanted to say, but he dared not.
",no_space,2025-09-04
1078,PG22496_raw.txt,2094,"Captain Sinclair had obtained leave from the commandant to come over and see how the Campbells were getting on.
",no_space,2025-09-04
1079,PG27924_raw.txt,348,"There is a beautiful view from this window.
",visual_space,2025-09-04
1080,PG33081_raw.txt,2035,"The very purest patriotism is sure to assume something of the character of the individual; and in these varying tints of individuality the Irish Government had now to seek for the chance of instilling those doubts and hesitations which ultimately must lead to separation.
",no_space,2025-09-04
1081,PG765_raw.txt,1992,"""I thought maybe she was _not_ dead,"" he went on.
",no_space,2025-09-04
1082,PG42771_raw.txt,2072,"Before she had finished thanking him, the house door had banged behind him.
",perceived_space,2025-09-04
1083,PG48443_raw.txt,125,"Bayard mechanically took the apple, and laid it down untouched.
",action_space,2025-09-04
1084,PG41402_raw.txt,4121,"She was in a furious temper, and she had not the wit to hide it.
",no_space,2025-09-04
1085,PG4303_raw.txt,1606,"""The next room, sir, is the library.
",descriptive_space,2025-09-04
1086,PG28642_raw.txt,2907,"""That has already been taken care of,"" the superintendent of the hospital informed the ring-master.
",no_space,2025-09-04
1087,PG30482_raw.txt,3724,"But at the first street corner I saw a man in seafaring dress who fixed a very keen gaze on me as I came up, and saluted me by touching his cap.
",visual_space,2025-09-04
1088,PG6141_raw.txt,715,"He said one fellow borrowed $50 off him to pay into the state treasury for wear and tear on the wild hogs.
",no_space,2025-09-04
1089,PG40587_raw.txt,3151,"It is the story of something that occurred when I was journeying by a branch railway to take the main line to Washington, after a visit to the Boggses' ancestral farm in Pennsylvania.
",no_space,2025-09-04
1090,PG5341_raw.txt,2065,"The Master thinks you are wonderful bonny, Kilmeny,” she added, looking keenly at the girl.
",no_space,2025-09-04
1091,PG24631_raw.txt,1356,"He placed the bag--the bag aforesaid, your honor--in my hand, extended for the purpose of receiving it when I understood that he wished to commit it to my keeping.""
",action_space,2025-09-04
1092,PG500_raw.txt,2037,"A wonderful party of coffee-and-milk to celebrate the great event.
",no_space,2025-09-04
1093,PG18051_raw.txt,2400,"He spoke with a curious, governed impulse coming from beneath his shaded eyes.
",no_space,2025-09-04
1094,PG31135_raw.txt,1923,"Tearing it open, Holmes found it to be a short note from our late host and friend the Earl, with a thin, pale blue check for twenty thousand perfectly good pounds sterling enclosed with it, drawn on the Bank of England, filled out in Thorneycroft's handwriting, and signed, as per the nobiliary custom, with simply the one word: ""Puddingham.""
",action_space,2025-09-04
1095,PG34934_raw.txt,3303,"He then broke off a couple of yards of the wire, and called a cat to him.
",action_space,2025-09-04
1096,PG18336_raw.txt,3566,"What I really wanted to ask you, is to present me to the wonderful American girl.
",no_space,2025-09-04
1097,PG29991_raw.txt,2107,"""Oh! I can tell it from the way you act,"" replied Merritt.
",no_space,2025-09-04
1098,PG14671_raw.txt,4344,"Sir George was generous, and the injustice he thought he had done to Dorothy made him eager to offer amends.
",no_space,2025-09-04
1099,PG28307_raw.txt,1077,"They moved towards a cab-stand--of course it was an added grievance that there was a cab-stand--but the wisdom of the prudent is to understand his way.
",perceived_space,2025-09-04
1100,PG21998_raw.txt,2970,"She had had no thought for anything except the pearls.
",no_space,2025-09-04
1101,PG45245_raw.txt,6029,"""Oh, I am so thankful,"" Madeline replied.
",no_space,2025-09-04
1102,PG32057_raw.txt,2999,"In the darkness he saw Bicker make his way to the stable, and to that spot, a little later, Drossdell followed.
",action_space,2025-09-04
1103,PG2497_raw.txt,5477,"“My girl,” said Henry, solemnly, “I thought I never could forgive the man who did that cruel deed to me, and I had never injured any one.
",no_space,2025-09-04
1104,PG557_raw.txt,100,"They were very kind, and there was the beginning of a good smile on his lips.
",no_space,2025-09-04
1105,PG20358_raw.txt,1123,"He rolled his eyes toward the moon which was rising above the mountains on the other side of the lake, and with a deep sigh he fell back into Santa Lucia.
",perceived_space,2025-09-04
1106,PG21817_raw.txt,3947,"""Stop your banging there, you ruffians, and let me be heard!"" roared the excited man; but as he was standing up on the seat of the carriage, and flung his arms about wildly as he spoke, the drummer thought his action was meant to stimulate him to further exertion, and he banged away louder than before.
",action_space,2025-09-04
1107,PG14060_raw.txt,7136,"When I got up there was twenty yards of trench smashed into a mere hole, and men lying about, and some of them groaning and one three-quarters buried.
",action_space,2025-09-04
1108,PG19462_raw.txt,146,"Bainbridge ordered the small coffees and found his cigar case.
",action_space,2025-09-04
1109,PG23637_raw.txt,5627,"""He'll get over that,"" said the old driver cheerily to Bud's tearful gaze--""he ain't used to it yet--ten years, think of it,"" and Jack led Ben Butler blanketed away.
",no_space,2025-09-04
1110,PG17435_raw.txt,2827,"Scaling-ladders were placed, and the Moslems swarmed up the walls, but a desperate band led by Al Hareth met them, and the besieging party, after a sharp fight, was compelled to withdraw.
",action_space,2025-09-04
1111,PG41801_raw.txt,4687,"""It's strange how folks get over being in love when once they are married,"" she said, hitching her chair into the sunlight, which had moved a little from her while she talked.
",action_space,2025-09-04
1112,PG19010_raw.txt,1132,"The financier groaned, and some large tears ran down his face.
",no_space,2025-09-04
1113,PG24431_raw.txt,76,"""Just try one!""
",no_space,2025-09-04
1114,PG30351_raw.txt,4685,"""No. _Clara's_ an old-fashioned creature like mother.
",no_space,2025-09-04
1115,PG51738_raw.txt,402,"Presently Julian heard a door open and close in the rancho, and saw the light of a lantern shining above the wall.
",perceived_space,2025-09-04
1116,PG43011_raw.txt,1433,"The Boy Scouts are nothing less than wonderful, Mrs. West.
",no_space,2025-09-04
1117,PG50792_raw.txt,2006,"Well, I don’t care.
",no_space,2025-09-04
1118,PG41877_raw.txt,468,"Tim let Meetcha try it, but every time he came within a few feet of a chattering, scolding gopher, the little striped creature turned a somersault and shot into his hole.
",action_space,2025-09-04
1119,PG27779_raw.txt,1787,"After it was gone the atmosphere seemed brighter.
",perceived_space,2025-09-04
1120,PG44982_raw.txt,6263,"Well, that was months before there was any talk of war.
",no_space,2025-09-04
1121,PG30537_raw.txt,1941,"""It must be rather confusing,"" said Dorothy.
",no_space,2025-09-04
1122,PG30028_raw.txt,3248,"Van Dorn laughed.
",no_space,2025-09-04
1123,PG21659_raw.txt,1389,"They'd blow you if you didn't look sharp.
",no_space,2025-09-04
1124,PG46708_raw.txt,1428,"The time for my examination came, which could not be unsuccessful, I had so long been thoroughly prepared, but I had lost my keen interest in this era of my life, while my ambition grew torpid.
",no_space,2025-09-04
1125,PG38341_raw.txt,1766,"Slade looked at him keenly, then laughed quietly.
",no_space,2025-09-04
1126,PG21507_raw.txt,2062,"It would be just like Larry to get bitten in the leg by one of those malignant little snakes, that continually threw themselves into attitudes of defiance on the surface of the dark water, as though ready to give battle to the invaders of their preserves.
",no_space,2025-09-04
1127,PG36329_raw.txt,3008,"Helen sprang past the General and up the stairs.
",action_space,2025-09-04
1128,PG27454_raw.txt,811,"""Yass, seh!"" said the old darky, wonderingly.
",no_space,2025-09-04
1129,PG43492_raw.txt,378,"From the middle of it dropped a smooth silken object which fell upon the table.
",visual_space,2025-09-04
1130,PG34799_raw.txt,2286,"When the gray light of day gave place to the darkness of night the anchors still held;
",perceived_space,2025-09-04
1131,PG33226_raw.txt,2747,"Tom could not forget that they had laid their plans to cheat the Crusoe band, and he thought that men who could go back from their word, as these intended to do, were not worth noticing.
",no_space,2025-09-04
1132,PG34105_raw.txt,1587,"She might have said more had I not stopped her.
",no_space,2025-09-04
1133,PG40264_raw.txt,11041,"""Really, Miss Loveday, the subject does not interest me.""
",no_space,2025-09-04
1134,PG30457_raw.txt,4636,"""But you are not French; you are English,"" she said, indignantly.
",no_space,2025-09-04
1135,PG38353_raw.txt,1014,"""My name's Brown--Sam Brown at your service.""
",no_space,2025-09-04
1136,PG36400_raw.txt,354,"Besides the lawns and the flower gardens to care for, there was a good-sized vegetable garden to weed and to hoe.
",descriptive_space,2025-09-04
1137,PG38006_raw.txt,784,"When she finally turned off the avenue into a side street, where the residences were some distance apart, and which was not particularly well lighted, she suddenly become conscious some one was following her.
",perceived_space,2025-09-04
1138,PG863_raw.txt,4271,"Poirot nodded, and gently taking the photographs from me locked them up again.
",action_space,2025-09-04
1139,PG36858_raw.txt,3694,"I walked the room.
",action_space,2025-09-04
1140,PG18822_raw.txt,3328,"Come into the shade,"" and, without waiting her answer, I walked toward the tree; she followed me.
",action_space,2025-09-04
1141,PG25910_raw.txt,5719,"He felt that he must gain her consent to a formal engagement before Lisle let fall any hint of his suspicions, which he did not believe had been done so far.
",no_space,2025-09-04
1142,PG45206_raw.txt,3029,"Hayward regarded him calmly from head to heel, but did not betray his flunkey’s role by so much as the tremble of an eyelash.
",no_space,2025-09-04
1143,PG2641_raw.txt,2569,"“How tiresome!” she said.
",no_space,2025-09-04
1144,PG55304_raw.txt,3044,"I don’t seem to be able to give myself any rest, but must always be badgering myself like that.
",no_space,2025-09-04
1145,PG43994_raw.txt,3539,"Even then he might do worse; for, of course, the newer the country, the greater the number of natural resources to be discovered and developed.
",no_space,2025-09-04
1146,PG20219_raw.txt,3107,"He was out in the peristyle now, bowing low before the captain-general.
",action_space,2025-09-04
1147,PG39102_raw.txt,1646,"It might make an entire revision of the program necessary.
",no_space,2025-09-04
1148,PG26847_raw.txt,1152,"This important conversation took place on the boat.
",descriptive_space,2025-09-04
1149,PG5230_raw.txt,3035,"And outside a snowstorm was beginning.
",descriptive_space,2025-09-04
1150,PG30642_raw.txt,1965,"No sooner did one meet her than one seemed to have known her long and know her well.
",no_space,2025-09-04
1151,PG29744_raw.txt,1337,"The snow had fallen inward, and the drift inside was as heavy as that outside.
",perceived_space,2025-09-04
1152,PG50781_raw.txt,865,"Noon was a well-chosen time.
",no_space,2025-09-04
1153,PG34057_raw.txt,3460,"For several years now he had been hearing tales of a Stacy youth who bore the ear-marks of leadership, and from whom, some day, he might expect a challenge of power.
",no_space,2025-09-04
1154,PG39794_raw.txt,2141,"So the thought of his dead, crippled cousin came to him and the memory of that vivid, fate-defying face stood between him and despair.
",no_space,2025-09-04
1155,PG41525_raw.txt,329,"""Did anyone wait on the young lady while she was here?""
",no_space,2025-09-04
1156,PG37458_raw.txt,1110,"Down-stairs she flew, and saw the side door open.
",visual_space,2025-09-04
1157,PG40607_raw.txt,2234,"To the rapture of the wedding-hungry twain, the preacher shook hands with such of his flock as had followed him to the station, picked up his valise and walked up to the porter, extending his ticket.
",action_space,2025-09-04
1158,PG23985_raw.txt,52,"""But he is still only a brother,"" a third protested.
",no_space,2025-09-04
1159,PG10468_raw.txt,928,"It meant so much to me. I began to live, then, and found life very sweet.
",no_space,2025-09-04
1160,PG4552_raw.txt,5274,"For an answer he kissed her again.
",no_space,2025-09-04
1161,PG45728_raw.txt,3749,"His name is James Weston; no, he is no relation to Bob Weston of Macochee at all.
",no_space,2025-09-04
1162,PG21741_raw.txt,198,"""Well, that would be unpleasant, Dom,"" said the ignorant, as well as innocent, Pauline, ""but it would not matter much, for we can all swim-- thanks to you for insisting on teaching us long ago.""
",no_space,2025-09-04
1163,PG54074_raw.txt,220,"Some way he don’t seem to have any feeling.
",no_space,2025-09-04
1164,PG60_raw.txt,3718,"But the keen brain, which had planned and carried through so many daring plots, was too far-seeing to take unnecessary risks.
",no_space,2025-09-04
1165,PG53009_raw.txt,1899,"The door was opened by an elderly square-faced woman, who looked sharply at Patience, then smiled graciously.
",action_space,2025-09-04
1166,PG18366_raw.txt,722,"Old John noticed that as he talked the color receded slowly from the girl's face, leaving it almost chalk white, and then suddenly the color returned with a rush that flamed red to her hair roots.
",no_space,2025-09-04
1167,PG517_raw.txt,785,"""Were you scared when I looked at you just now?"" inquired Aunt Em.
",no_space,2025-09-04
1168,PG42797_raw.txt,283,"The anemones were gone, but all about was the soft midsummer murmur, and the ripe fulness of August life.
",perceived_space,2025-09-04
1169,PG25920_raw.txt,5398,"""There could be nothing more to add to my happiness if my boy should look like his father,"" her daughter said softly.
",no_space,2025-09-04
1170,PG34775_raw.txt,3677,"The riverman had discarded his spiked boots and taken to moccasins.
",action_space,2025-09-04
1171,PG38693_raw.txt,3165,"The shed was filled with a harsh, shrill, rasping sound, which set one's fingernails on edge.
",perceived_space,2025-09-04
1172,PG54034_raw.txt,842,"Only last week my wife’s sewing machine went out of whack and gosh ter mighty ef that boy Sam didn’t have it all fixed up hunky dory in two shakes of a duck’s tail.
",no_space,2025-09-04
1173,PG33759_raw.txt,2273,"From the center of the city came the sudden staccato rattle of musketry.
",perceived_space,2025-09-04
1174,PG60_raw.txt,2903,"Then she ordered a chair, and had herself carried to the house in Pall Mall where Sir Andrew Ffoulkes lived.
",action_space,2025-09-04
1175,PG46188_raw.txt,539,"They talked of the past, the present, and the future, as regarded life in both this world and the next.
",no_space,2025-09-04
1176,PG30236_raw.txt,2144,"I take it for granted, then, and it is my firm belief, that it must have had an innate existence there.
",no_space,2025-09-04
1177,PG26241_raw.txt,93,"The curtains swung apart, and a man came from between them.
",action_space,2025-09-04
1178,PG43678_raw.txt,1060,"Then came on the wars between the city of Zurich and our Forest Cantons, in which so much blood was shed, and when our brethren of Zurich were so ill advised as to embrace the alliance of Austria.
",no_space,2025-09-04
1179,PG31393_raw.txt,1165,"She had the impression that the walls were ready to topple down and bury her.
",perceived_space,2025-09-04
1180,PG35049_raw.txt,4413,"The thought kept them motionless.
",no_space,2025-09-04
1181,PG42010_raw.txt,2342,"Then my cousin had bought two for herself, which she did not want to keep, so my mother told her she would buy them from her.
",no_space,2025-09-04
1182,PG41877_raw.txt,976,"One warm day rather late in September, the trapper proposed a new kind of hunting to Bill.
",perceived_space,2025-09-04
1183,PG29083_raw.txt,5448,"Then, always running along the most perfect road, we came to Great Barrington, Bryant's home.
",action_space,2025-09-04
1184,PG36629_raw.txt,2433,"Her husband is a wholesale merchant of wines.
",no_space,2025-09-04
1185,PG45622_raw.txt,2473,"""I haven't said I opened it yet,"" and Estelle flashed an irate glance at her questioner.
",no_space,2025-09-04
1186,PG45518_raw.txt,1640,"Do you remember how Jack always used to feel aggrieved, when she was little, because she and Jean had to celebrate their birthday on the same day?
",no_space,2025-09-04
1187,PG24148_raw.txt,1182,"I cannot speak French.
",no_space,2025-09-04
1188,PG48249_raw.txt,1122,"Floy threw herself into them, hid her face on the kindly bosom, and burst into a fit of passionate weeping.
",no_space,2025-09-04
1189,PG36502_raw.txt,4688,"That he loved her with genuine and generous devotion was now the one clear and indisputable fact in her unstable existence.
",no_space,2025-09-04
1190,PG30951_raw.txt,738,"But Marquis had no time to listen to these.
",no_space,2025-09-04
1191,PG23985_raw.txt,1571,"Unfastening the cords about their waists, they began to scourge the despised guest from the hall, with scorn and curses in a confusion of Greek and Latin.
",action_space,2025-09-04
1192,PG33599_raw.txt,2078,"She would rather have sat alone with them, and talked of their hopes and plans, and been permitted to make friends of the babies.
",no_space,2025-09-04
1193,PG43702_raw.txt,157,"Later, as I was walking on the main street of Oyster Bay, a man touched his hat and asked me for a job.
",action_space,2025-09-04
1194,PG36445_raw.txt,1037,"Bellamy's jaw sagged, his eyes were dashed with consternation.
",no_space,2025-09-04
1195,PG29932_raw.txt,3893,"On one of those enormous piers, roofed over, dim and cool inside, I stood one day looking out on the deck of an East Indian freighter, where two half-naked Malays were polishing the brasswork.
",visual_space,2025-09-04
1196,PG39020_raw.txt,2268,"It was like getting a string of thoroughbreds thoroughly groomed and sending them to the post fit to race for a kingdom.
",no_space,2025-09-04
1197,PG39582_raw.txt,4111,"A fine physique!
",no_space,2025-09-04
1198,PG39937_raw.txt,710,"Glendon paid no attention to this episode and moved to the hitching-post where his pony waited.
",action_space,2025-09-04
1199,PG32116_raw.txt,921,"To-day the usual number of storm-bound seafaring men of the better class were gathered around the miniature tables in the place.
",action_space,2025-09-04
1200,PG45182_raw.txt,257,"Billy, with the satisfied feeling that came to him with the knowledge that he had written a good introduction and account of the _Planet’s_ great offer, was slipping into his coat preparatory to going home, when Mr. Stowe, his face purple with anger, called to him in a sharp voice from the door of the editorial sanctum.
",action_space,2025-09-04
1201,PG38592_raw.txt,3169,"It almost seemed as if it might come to that.
",no_space,2025-09-04
1202,PG56743_raw.txt,944,"I shall demand a retraction from your editor, or he will meet me on the field of honor!”
",no_space,2025-09-04
1203,PG24933_raw.txt,2818,"There were four rooms--two upstairs, which were never used, and two on the ground floor.
",descriptive_space,2025-09-04
1204,PG33039_raw.txt,2024,"His hands were clasped over his sombrero, for it would be tiresome to hold them out, and he felt that he might have need of fresh, quick muscles before long.
",no_space,2025-09-04
1205,PG33604_raw.txt,2369,"And with this parting speech he turned away, and hopped downstairs to his brougham, with the light step and jaunty air of a man of thirty.
",action_space,2025-09-04
1206,PG40525_raw.txt,3882,"Bouvé is well known as a writer both of fiction and history, and her work in this case is admirable.
",no_space,2025-09-04
1207,PG55323_raw.txt,3639,"""Now we're all right,"" said Bobby, taking his seat and rapping on the counter with a half-sovereign.
",action_space,2025-09-04
1208,PG38020_raw.txt,2482,"That, frankly, is why I have taken the liberty of meddling in your affairs.
",no_space,2025-09-04
1209,PG36771_raw.txt,3746,"As Leander stooped to pick up the violin he remarked with an incidental accent, and evidently in default of retort, ""I be powerful s'prised ter view ye hyar.""
",action_space,2025-09-04
1210,PG20052_raw.txt,4050,"Our Fee, with his splendid, clever mind, with all his bright hopes and ambitions, with the certainty of going to college so near at hand,--to have to lie there, day in and day out, a helpless, useless creature!
",no_space,2025-09-04
1211,PG23730_raw.txt,3542,"Bill's visit to Hilarity was known to no one except Daddy Dunnigan, and the following evening after Moncrossen's departure for the woods, the two proceeded to the railway by a circuitous route.
",action_space,2025-09-04
1212,PG16946_raw.txt,616,"But I had somehow thought that nobody but girls of Mazie's sort had steadies, and I had wished I could be a maid for a few weeks just to find out how it would feel to possess some one and be possessed by him.
",no_space,2025-09-04
1213,PG74_raw.txt,1516,"“No, I’ll never love anybody but you, Tom, and I’ll never marry anybody but you—and you ain’t to ever marry anybody but me, either.”
",no_space,2025-09-04
1214,PG22424_raw.txt,4607,"A look of horror was frozen on Frank's face.
",no_space,2025-09-04
1215,PG38609_raw.txt,1268,"""But if they wouldn't let me take a cat on the boat I don't suppose they'd want a goat,"" put in Tess.
",no_space,2025-09-04
1216,PG41854_raw.txt,334,"At the ball there were princesses, duchesses, and all that.
",no_space,2025-09-04
1217,PG41526_raw.txt,3687,"He felt her frame tremble in his arms and pressed her closer in a transport of tenderness.
",no_space,2025-09-04
1218,PG969_raw.txt,4671,"“Yes, I believe you,” murmured she, in a tone of half sad, half sullen resignation, as she turned away to stroke the hair of her sleeping infant, that she had laid on the sofa beside her.
",action_space,2025-09-04
1219,PG36170_raw.txt,1524,"The man unfolded his arms and waved one hand in a comprehensive gesture.
",no_space,2025-09-04
1220,PG32770_raw.txt,1709,"You know nothing of my domestic circumstances.
",no_space,2025-09-04
1221,PG27712_raw.txt,218,"Emily Hotspur was very like her father, having that peculiar cast of countenance which had always characterized the family.
",no_space,2025-09-04
1222,PG34105_raw.txt,971,"But I told myself that it was very certain I must find her in time (and being young, time seemed to be a commodity inexhaustible), and so for that while the fever held off.
",no_space,2025-09-04
1223,PG34426_raw.txt,1657,"Sidney Graham surveyed it with satisfaction as he stopped his car by the roadside and got out.
",action_space,2025-09-04
1224,PG31924_raw.txt,1432,"To conceal her agitation Eden had gone to the piano.
",action_space,2025-09-04
1225,PG28509_raw.txt,308,"Yet the next instant she regretfully observed that she had again annoyed her dignified hostess.
",visual_space,2025-09-04
1226,PG27984_raw.txt,1902,"Twice during the remainder of the forenoon, Bob came to the house with some trifling excuse for so doing, but really to learn if Ralph had returned; and while he was there the last time, talking with George about the probabilities of striking sand or gravel rock, the junior partner returned.
",action_space,2025-09-04
1227,PG11012_raw.txt,596,"Instead, the red earth partly covered by tough, scrawny grass, the muddy, straggling roads, the cottages of unpainted pine boards, and the clay-daubed huts imparted a ""burnt up"" impression.
",perceived_space,2025-09-04
1228,PG26892_raw.txt,1323,"As he spoke there was a very faint tap at the door.
",perceived_space,2025-09-04
1229,PG17144_raw.txt,809,"He knew so much of her personal history that it almost seemed to him as if they had been intimate for years.
",no_space,2025-09-04
1230,PG20888_raw.txt,2072,"He was impressed now as he stood before this dark still house where a dozen ignorant fanatics waited to take his blood for what was to them a holy purpose.
",perceived_space,2025-09-04
1231,PG26391_raw.txt,3550,"Presently an idea flashed into his mind.
",no_space,2025-09-04
1232,PG30095_raw.txt,4010,"In this frame of mind, chastened and determined, Northrup on the fifth day took his place behind the laurel clump back of Mary-Clare's cabin, and to his relief saw her coming out of the door.
",action_space,2025-09-04
1233,PG2885_raw.txt,1808,"Otter and his folk rode their ways along Mirkwood-water, and made no stay, except now and again to breathe their horses, till they came to Battleford in the early morning;
",action_space,2025-09-04
1234,PG2804_raw.txt,161,"All eyes followed his, and a highly suggestive tableau presented itself to the paternal and maternal audience in the back parlor.
",visual_space,2025-09-04
1235,PG22231_raw.txt,2949,"After a little more consideration his mind, with but a quickly suppressed recoil, adopted the conviction that it was perhaps better to go suddenly like this, than to have been subjected to a long, lingering illness.
",no_space,2025-09-04
1236,PG34410_raw.txt,1313,"But it will do if the reader takes this for granted.
",no_space,2025-09-04
1237,PG34944_raw.txt,2725,"""Not to see a great many people does not always mean loneliness,"" replied Miss South.
",no_space,2025-09-04
1238,PG26654_raw.txt,1952,"As they lay side by side a mermaid caught Wendy by the feet, and began pulling her softly into the water.
",action_space,2025-09-04
1239,PG20131_raw.txt,2713,"She was silent for a moment.
",no_space,2025-09-04
1240,PG36313_raw.txt,3752,"As Stacey left the door he met Ricos.
",action_space,2025-09-04
1241,PG36232_raw.txt,224,"His hand was pulled forward--it lay open on the table.
",action_space,2025-09-04
1242,PG42763_raw.txt,4638,"He fell to silence upon it, and regarding the drear country from the blurred window, perceived a barren field and a drift of snow falling from a sullen sky.
",perceived_space,2025-09-04
1243,PG33325_raw.txt,1531,"How could she after all know what, in the disturbance wrought by his mother, Mona's relations with him might have become?
",no_space,2025-09-04
1244,PG1263_raw.txt,4075,"He woke to the fact on the morning of his arrival, staring down from his hotel window on a street she would perhaps walk through that very day, and over a limitless huddle of roofs, one of which covered her at that hour.
",perceived_space,2025-09-04
1245,PG284_raw.txt,3838,"Mrs. Fisher added in an undertone to Selden: “I do hope there hasn’t been a row.”
",no_space,2025-09-04
1246,PG53192_raw.txt,6390,"“We’d better put them into the phaeton box,” she added, as she and Netty and the parcels went down the box-bordered path together.
",action_space,2025-09-04
1247,PG38970_raw.txt,1787,"The soughing of the wind through the tops of the pines and the larches and the firs deadened any little scratching sound their snow-shoes may have made as they moved onward.
",perceived_space,2025-09-04
1248,PG2014_raw.txt,3592,"And then suddenly they turned a corner and came on a mass of people, a densely packed crowd of men and women, staring at a mean-looking little door sunk into a high wall.
",action_space,2025-09-04
1249,PG38156_raw.txt,2971,"I do know that we are in actual touch with one who has given proofs of his capacity to alleviate pain and make glad the sorrowful.
",no_space,2025-09-04
1250,PG52578_raw.txt,321,"“Can’t I see the manager or--or--someone?” persisted Harry.
",no_space,2025-09-04
1251,PG283_raw.txt,4227,"From the security of her blessedness she longed to lean over with compassionate hands...But Owen?
",no_space,2025-09-04
1252,PG19472_raw.txt,3223,"""Oh, I'm a woman--all woman.""
",no_space,2025-09-04
1253,PG23955_raw.txt,4018,"It will be stone dark if there is--there are no outside windows.""
",descriptive_space,2025-09-04
1254,PG12345_raw.txt,1748,"I rapped on Bob’s private-office door.
",action_space,2025-09-04
1255,PG45100_raw.txt,1148,"He did the regular sight-seeing with them, drove with them through the park, went with them to Mount Vernon, and, in short, acted as their cicerone.
",action_space,2025-09-04
1256,PG21832_raw.txt,2738,"The boys could not help admiring the fine situation of the village, and the imposing appearance of the town.
",perceived_space,2025-09-04
1257,PG33927_raw.txt,1002,"But what pleased her still more was when, after the guests were gone, and the house restored to its old order, and the regular home life begun again, Uncle put his arm around her, and gave her a kiss,--not a bedtime kiss, or one called for by any special occasion, but an extra kiss, all of his own accord.
",action_space,2025-09-04
1258,PG35055_raw.txt,2903,"And in the silence, when his cheek rested on her piled-up sunny hair, she did not know of the bitter tears creeping down his face--tears of disapppointment and sorrow, because he had that day learned that the wife he believed to be but frivolous was in truth a personified selfishness.
",no_space,2025-09-04
1259,PG41591_raw.txt,1562,"As he crossed the greensward, Ethel's gaze followed him, till he disappeared behind a clump of trees.
",visual_space,2025-09-04
1260,PG41574_raw.txt,3851,"Muttering an apology, Hughie left the table and walked round the corner to the other arm of the room.
",action_space,2025-09-04
1261,PG39682_raw.txt,866,"""We've had peas and beets and beans and egg-plant and corn--almost everything, in fact, including potatoes.""
",no_space,2025-09-04
1262,PG42191_raw.txt,1706,"“She seems to be just so high,” and he held his hand about three feet from the ground, “from which I’d judge she might be something like six or seven years old.”
",action_space,2025-09-04
1263,PG1401_raw.txt,2446,"It was necessary that they be constantly on the alert since they never knew what might confront them at the next turn of the winding jungle trail or what might lie concealed in the tangled bushes at either side.
",perceived_space,2025-09-04
1264,PG26835_raw.txt,1451,"Tim yawned and rolled over on the deck, where they had been sitting with their backs against a partition wall that, in former days of German ownership, had inclosed the ""gesellschafthalle.""
",action_space,2025-09-04
1265,PG46228_raw.txt,10379,"Never mind!--there was a fountain-pen that did perfectly if you dipped it in the ink.
",no_space,2025-09-04
1266,PG33289_raw.txt,904,"She put her head down on the doctor's wife's bosom, bein's as she had more'n the rest of us, and actually shed tears, said she thought that the war was over, and wouldn't we let her stay on for a time until mebbe we'd like her better.
",no_space,2025-09-04
1267,PG50327_raw.txt,1596,"“Can’t you see the blue gleam shining on the waves?”
",perceived_space,2025-09-04
1268,PG19402_raw.txt,2739,"Merriwell's flock dived through the thick smoke and carried both Hodge and Merriwell to a place of security.
",perceived_space,2025-09-04
1269,PG25893_raw.txt,4575,"Miss Thorne sat silent.
",descriptive_space,2025-09-04
1270,PG155_raw.txt,573,"Here was an empty stomach feeding on an unquiet mind!
",no_space,2025-09-04
1271,PG33947_raw.txt,2277,"The air was dark in a minute with whirling clouds.
",perceived_space,2025-09-05
1272,PG37943_raw.txt,1481,"Whew, this sun is hot!
",perceived_space,2025-09-05
1273,PG13532_raw.txt,1947,"But deep down in her woman's heart she was afraid, fearing for her own weakness.
",no_space,2025-09-05
1274,PG48363_raw.txt,842,"This was a heroic resolve, for Aunt Azraella, in an unwonted fit of generosity, had sent the Greys half a bushel of peas from her abundance, to be canned for winter use, and the shelling them was a formidable undertaking.
",action_space,2025-09-06
1275,PG22194_raw.txt,5132,"""Hello,"" he said and his voice sounded far away from him.
",no_space,2025-09-06
1276,PG24903_raw.txt,445,"""A friend of brother Richard's, an actor, lent him his bungalow on the coast for the summer, and Mama and Madeleine and I spent four months in it, with Richard down for the week-ends.
",descriptive_space,2025-09-06
1277,PG52842_raw.txt,2905,"Silvette laughed, too.  ""How are you getting on with Billy Inwood?"" she asked demurely—""speaking of more agreeable matters.""
",no_space,2025-09-06
1278,PG18060_raw.txt,5176,"She had seen hillside orchards in the west country break into a foam of flower--a sight perhaps as beautiful as any England has to show.
",perceived_space,2025-09-06
1279,PG3776_raw.txt,484,"Now for a moment I will ask leave to remove my own insignificant personality and to describe events which occurred before we arrived upon the scene by the light of knowledge which came to us afterwards.
",no_space,2025-09-06
1280,PG41050_raw.txt,1958,"""I do not envy myself,"" I replied frankly, and walked on with my men, arriving presently at Mr. Desmond's house, which looked as if all its occupants were yet asleep.
",action_space,2025-09-06
1281,PG1965_raw.txt,1618,"The planter's bamboo cane fell on the lad's naked shoulders with stinging force.
",action_space,2025-09-06
1282,PG25082_raw.txt,448,"Whenever a dog bore down upon a coyote the raider fled straight away from the sheep and their blats recalled the dog to duty.
",action_space,2025-09-06
1283,PG524_raw.txt,5151,"He bent to her hand, and she slipped off the ring and gave it to him to examine.
",action_space,2025-09-06
1284,PG21689_raw.txt,173,"""Did he?"" asked the young lady casually, ""I really didn't notice.""
",no_space,2025-09-06
1285,PG7435_raw.txt,8813,"But, in spite of all these defiant thoughts, her heart was very low, and her mind in a sad flutter, and she could not even smile as she met her father's gaze.
",no_space,2025-09-06
1286,PG32325_raw.txt,978,"I made a kind of a tent out of my blankets to put my things under so the rain couldn’t get at them.
",action_space,2025-09-06
1287,PG32730_raw.txt,888,"He smoked and she sat in a deep arm-chair close to him saying nothing, for both knew what went on in the other's mind.
",action_space,2025-09-06
1288,PG36509_raw.txt,3554,"Philip's book--now speaking to her heart as she knew it would speak--brought strange, proud comfort.
",perceived_space,2025-09-06
1289,PG46046_raw.txt,10064,"""I went in fear of my life, sir, for the first term.""
",no_space,2025-09-06
1290,PG38353_raw.txt,3724,"He told us--Charlie and me--that he meant to go yachting this season, and wished he could persuade us to go with him.""
",no_space,2025-09-06
1291,PG20359_raw.txt,702,"She hung upon the door as Peter waited for her to go.
",action_space,2025-09-06
1292,PG26541_raw.txt,2798,"The Marquis had thought that the parson might, perhaps, intrude; and Mr. Puddleham was in waiting as a make-weight, should he be wanting.
",no_space,2025-09-06
1293,PG19806_raw.txt,1747,"She's sullen--brooding, dark as a cloud.
",no_space,2025-09-06
1294,PG37433_raw.txt,535,"Without meaning to pry, Mary picked it up and turned it over to look at the picture on the other side, which proved to be a photograph of a lovely girl holding a Boston bull terrier on a leash.
",action_space,2025-09-06
1295,PG19695_raw.txt,1556,"On approaching the town he had passed several short tunnels dug into the hillside, and at the court-house he met the owners of one of these tunnels.
",action_space,2025-09-06
1296,PG41151_raw.txt,2121,"""I understood you to mean that you had deduced Lee's presence from the footprint that Jones discovered,"" I returned abashed.
",no_space,2025-09-06
1297,PG17301_raw.txt,4221,"That's all; but she says it mighty expressive.
",no_space,2025-09-06
1298,PG44878_raw.txt,3581,"But she would have been more unhappy if she had been in love with a man who interfered in the least in her freedom.
",no_space,2025-09-06
1299,PG45690_raw.txt,420,"""Well, Hugh,"" said Jack, ""what particular place did you think of going to?""
",no_space,2025-09-06
1300,PG53838_raw.txt,2203,"They rolled the bed to the window, and little Hicks led Bonnibel up beside it.
",action_space,2025-09-06
1301,PG32632_raw.txt,343,"Mr. Wharton groaned aloud; but the ladies, ignorant of the extent of the visitor's knowledge, remained in trembling yet rigid silence.
",no_space,2025-09-06
1302,PG8165_raw.txt,1448,"Here's laughter within me and woe without me, so am I ever at odds with myself--and there's my sorrow.
",no_space,2025-09-06
1303,PG27924_raw.txt,2324,"The two retired into an adjoining room, where they stayed for another half-hour, and when they returned to us their faces still bore an aspect of grave perplexity.
",action_space,2025-09-06
1304,PG11269_raw.txt,1503,"Sadie Farnum cried, rushing in upon her mother, with a glowing face, after the above interview, and she proceeded to give her a detailed account of her meeting with Virgie.
",no_space,2025-09-06
1305,PG40587_raw.txt,2012,"Captain Winfield's face bore a puzzled and mysterious smile as he emerged from the chambers.
",action_space,2025-09-06
1306,PG27093_raw.txt,2963,"As Bud, Nort and Dick entered the house, escorted by the smiling Nell, who was well pleased at the tribute to her pie-making, there was a rattle of hoofs, and a bunch of the cowboys clattered in, having been out riding herd.
",action_space,2025-09-06
1307,PG16959_raw.txt,2092,"The station agent told me that Mr. Sanderson left on the first train for Boston this morning.
",no_space,2025-09-06
1308,PG45136_raw.txt,727,"And he gazed languidly over their heads into the trees across the road.
",visual_space,2025-09-06
1309,PG25672_raw.txt,2719,"Jasper saw his opportunity, and his love of mankind never glowed before as it did then.
",no_space,2025-09-06
1310,PG30137_raw.txt,1915,"I've had it until I thought I should jump through the roof.
",no_space,2025-09-06
1311,PG33173_raw.txt,2837,"The secretary was blinking as he drained his glass.
",action_space,2025-09-06
1312,PG54068_raw.txt,3458,"“The miserable octogenarian!”
",no_space,2025-09-06
1313,PG52900_raw.txt,3459,"No one was glad to find that it was he, not even Nat; for, spite of all his faults, and they were many, every one liked Dan now, because under his rough exterior lay some of the manly virtues which we most admire and love.
",no_space,2025-09-06
1314,PG145_raw.txt,13071,"Nobody will pay you well for blasting my name: I know the worst you can do against me, and I shall brave it if you dare to thrust yourself upon me again.
",no_space,2025-09-06
1315,PG18469_raw.txt,3480,"Her sails had been overhauled, inspected, and repaired wherever necessary, and in order to be on the safe side, Mr. Gibney, upon motion duly made by him and seconded by McGuffey (to whom the seconding of the Gibney motions had developed into a habit), purchased an extra suit of new sails.
",action_space,2025-09-06
1316,PG21664_raw.txt,2975,"When they reached the place where the Brindles were encamped, they found that Carey had been successful in his mission.
",action_space,2025-09-06
1317,PG601_raw.txt,4544,"After disgracing me in the presence of Madrid’s Idol, of the very Man on whom I most wished to impress an idea of the strictness of my discipline?
",no_space,2025-09-06
1318,PG51085_raw.txt,1808,"“Ess, but don’t want to lie ’till,” came in reply from the roof.
",perceived_space,2025-09-06
1319,PG35823_raw.txt,1952,"He could see no trace of the tender shyness he longed for, not even a hint of coquetry, which might have warranted some advance.
",no_space,2025-09-06
1320,PG38069_raw.txt,3809,"Deering did not move, but his eyes were not altogether shut and he saw the fellow's glance was keen and fixed.
",no_space,2025-09-06
1321,PG38647_raw.txt,5357,"Virginia said in a frightened whisper.
",no_space,2025-09-06
1322,PG21857_raw.txt,2058,"Joyce met her laughing eyes and felt a hearty liking for her.
",no_space,2025-09-06
1323,PG45232_raw.txt,481,"Tom sat there alone quite still.
",descriptive_space,2025-09-06
1324,PG47451_raw.txt,430,"Reff Ritter was one of the first to shoot at the three hundred yard target, and much to his chagrin got only three fours—a total of 12.
",action_space,2025-09-06
1325,PG8183_raw.txt,861,"Lastly, the gods took away the fields and stream and left to the prophet only his house and the larger things that were in it.
",action_space,2025-09-06
1326,PG16976_raw.txt,1420,"Seated in her own section of the same Pullman, Alice Marcum sat and watched the twilight deepen and the lights of the little town twinkle one by one from the windows.
",perceived_space,2025-09-06
1327,PG38075_raw.txt,4104,"And now a most unforeseen thing happened.
",no_space,2025-09-06
1328,PG53548_raw.txt,3792,"They strolled up the hill to the trees where the exercises were to be held, and found the grounds fairly alive with the Class-Day guests in their best summer gowns and hats.
",action_space,2025-09-06
1329,PG41660_raw.txt,1864,"Yet, to-day, in spite of his advantages and acquirements, Farmer Leigh looked on the fifteen-acre meadow with a puzzled and discontented expression on his honest face; and, moreover, murmurs of dissatisfaction were proceeding from his lips.
",perceived_space,2025-09-06
1330,PG43983_raw.txt,995,"Letitia went home, flower-laden and smiling.
",action_space,2025-09-06
1331,PG3776_raw.txt,1231,"Was it my imagination that there was an undertone of fear rather than of hope in the question?
",no_space,2025-09-06
1332,PG23678_raw.txt,99,"""You must have seen extraordinary things yourself,"" I ventured to suggest.
",no_space,2025-09-06
1333,PG46945_raw.txt,4461,"The thought of him was a swift reminder of something else.
",no_space,2025-09-06
1334,PG46390_raw.txt,2427,"Just then a single savage, evidently a person of note, hideously tattooed, dashed diagonally across the path ahead of us, and into the bushes, heading for the beach by a short cut.
",action_space,2025-09-06
1335,PG53812_raw.txt,2042,"It is a charming sight to see a white Owl bait his hook, toss his line overboard, and wait, with sublime patience, until there is a nibble at the other end.
",perceived_space,2025-09-06
1336,PG29715_raw.txt,586,"When she had waved her handkerchief at the turning, and passed out of Miss Portman's sight, it occurred to her that it would be clever to lighten the ruecksack and satisfy her appetite at the same time.
",action_space,2025-09-06
1337,PG12163_raw.txt,4692,"""Don't ask questions here,"" said Asano, ""or you will be involved in an argument.""
",no_space,2025-09-06
1338,PG28504_raw.txt,3818,"Possibly he felt somehow a sense as of security; that, so long as he was there, there could be nobody else on hand, to search; that he was guarding his property--against, he knew not what.
",no_space,2025-09-06
1339,PG17807_raw.txt,1993,"""Yes, indeed!"" answered the yellow sunbeam, who was a long, straight chap.
",no_space,2025-09-06
1340,PG17227_raw.txt,897,"Were they bad people? he asked himself.
",no_space,2025-09-06
1341,PG33325_raw.txt,2179,"She had grown almost used to the refrain.
",no_space,2025-09-06
1342,PG26306_raw.txt,1136,"I'm dashed if he does!
",no_space,2025-09-06
1343,PG15247_raw.txt,949,"Chilvers and Marshall say that they made the same resolution--and kept it nearly six months.
",no_space,2025-09-06
1344,PG1937_raw.txt,824,"The man looked up gloomily, but Messua laughed.
",no_space,2025-09-06
1345,PG9112_raw.txt,324,"""You're a mean brother,"" said Elsie in pretended anger, lifting her hand as if to slap him, ""and if it wasn't that I will likely soon lose you, I would box your ears soundly.""
",no_space,2025-09-06
1346,PG31414_raw.txt,1094,"I felt him giving way as the other bear had done, and when we closed he was on his back on the ground, and I was on the top of him.
",action_space,2025-09-06
1347,PG36223_raw.txt,4562,"We may not go in to war with the others.
",no_space,2025-09-06
1348,PG26523_raw.txt,1390,"Grief became credible to me as I gazed at her.
",no_space,2025-09-06
1349,PG33785_raw.txt,2164,"Pinkie, with a scream, sank upon the big arm-chair and rocked herself to and fro.
",action_space,2025-09-06
1350,PG9182_raw.txt,5692,"Ere he had done, the clouds were dispersed and the sun shining out—tears were exchanged for smiles.
",perceived_space,2025-09-06
1351,PG22221_raw.txt,2127,"These informal debates take wide range.
",no_space,2025-09-06
1352,PG805_raw.txt,1447,"They strolled along the boardwalk to the most imposing hostelry       in sight, and, entering the dining-room, scattered about a table.
",action_space,2025-09-06
1353,PG471_raw.txt,608,"Through tops of the high trees she did descry A little smoke, whose vapour, thin and light, Reeking aloft, uprolled to the sky, Which cheerful sign did send unto her sight, That in the same did wonne some living wight.
",perceived_space,2025-09-06
1354,PG29877_raw.txt,3784,"Through the open window had followed a half dozen more of the Blossom Festival crowd, Barbara and Bronson Vandeman among them.
",action_space,2025-09-06
1355,PG31485_raw.txt,3454,"He looked around a moment; then, convinced that they were absent, he rode on down the trail.
",action_space,2025-09-06
1356,PG3179_raw.txt,1163,"The elder lady cried, thinking how proud that great-hearted young hero’s mother would be, if she were living, and how unappeasable her grief; and the two old servants cried with her, and spoke out their applauses and their pitying lamentations with the eloquent sincerity and simplicity native to their race.
",no_space,2025-09-06
1357,PG28442_raw.txt,3187,"In the attack which began on the 26th we drove through the barbed-wire entanglements and the sea of shell craters across No Man's Land, mastering all the first-line defenses.
",action_space,2025-09-06
1358,PG3808_raw.txt,2704,"This was from the gas given off by the match, which had accumulated in the box, and was now escaping from the cabin.
",action_space,2025-09-06
1359,PG49903_raw.txt,2489,"She noticed that the atmosphere seemed full of a ripple of merriment: asides, which courtesy only kept just above whispers, innuendos, sudden glances, _mots à double entente_.
",perceived_space,2025-09-06
1360,PG29817_raw.txt,1123,"""It wasn't me that nearly broke up the show, Pete,"" protested Code.
",no_space,2025-09-06
1361,PG46841_raw.txt,3363,"Then he pushed back his chair and arose.
",action_space,2025-09-06
1362,PG26593_raw.txt,3129,"Nothing would be more agreeable to her.
",no_space,2025-09-06
1363,PG20877_raw.txt,279,"Just then Bowser the Hound, over at Farmer Brown's, bayed at the moon.
",action_space,2025-09-06
1364,PG13782_raw.txt,6743,"He is alone with his two sons.
",no_space,2025-09-06
1365,PG20650_raw.txt,633,"Tom shrugged his shoulders and looked out the window.
",visual_space,2025-09-06
1366,PG33218_raw.txt,2536,"He walked off, sturdily, Gordon accompanying him to the door while I sat down in front of the picture.
",action_space,2025-09-06
1367,PG25960_raw.txt,227,"The more he thought of it, the more anxious he was to get hold of something he could manage himself.
",no_space,2025-09-06
1368,PG33012_raw.txt,8092,"Ahead of them in the thick night like the singing of a kettle sounded the interminable ocean.
",perceived_space,2025-09-06
1369,PG864_raw.txt,4252,"It chanced the night fell murderously cold;
",perceived_space,2025-09-06
1370,PG36198_raw.txt,201,"Crash! the kit of mining tools dropped from the shoulder of the muleteer who had asked the question, and it had no more than touched earth before it was buried under the other pieces.
",action_space,2025-09-06
1371,PG30313_raw.txt,2440,"There was no bad intention on the part of the sinner--for we are all sinners--this was just an unfortunate accident, and Jim shows in every possible way his regret.
",no_space,2025-09-06
1372,PG36838_raw.txt,88,"The small town of Hickory Ridge lay about seven miles due south of the place where they had struck the winding Sweetwater; and the party had tramped this distance since noon.
",descriptive_space,2025-09-06
1373,PG39858_raw.txt,2035,"And the crulest sting of all was when the good-natured and incorrigibly festive Ribot came and sat by his bedside, and was kind and tenderly sympathetic, and got him a pick-me-up from the chemist's (unbeknown to Madame Paul).
",action_space,2025-09-06
1374,PG485_raw.txt,804,"The houses were not set in rows, forming regular streets, but placed here and there in a haphazard manner which made it puzzling for a stranger to find his way.
",perceived_space,2025-09-06
1375,PG41404_raw.txt,998,"She is a wonderful nurse, and we are blessed to have her, especially now.
",no_space,2025-09-06
1376,PG31188_raw.txt,1064,"Profoundly depressed in spirits at the millstone of debt suddenly saddled upon him as the result of peculations of the deserting sergeant, he has the added misery of seeing the sweet-faced girl with whom he has fallen so deeply in love practically withdrawn from his daily life and penned up within her father's house for the evident object of compelling her to entertain the devotion of a rival, whose wealth and social position make him a man to be feared,--a man whom any woman, old or young, might think twice before refusing.
",action_space,2025-09-06
1377,PG36313_raw.txt,44,"We occupied a little suite of apartments in the tower, consisting of a small study parlor from which opened two double bedrooms and one single one.
",descriptive_space,2025-09-06
1378,PG45413_raw.txt,2420,"""A dog! A big Newfoundland!"" exclaimed the coxswain, as the animal, sinking down in the bottom of the boat with a low whine, gave himself a shake that sent the water flying over the men.
",perceived_space,2025-09-06
1379,PG36906_raw.txt,299,"The Hall holds forty-four girls, but Muriel has a single and Kathie’s room will stay empty unless some one wins the scholarship she won.
",descriptive_space,2025-09-06
1380,PG51198_raw.txt,5955,"Harvey’s face showed how innocent he was of any such knowledge.
",no_space,2025-09-06
1381,PG36368_raw.txt,2630,"He awaited anxiously for the river to clear, and the steamer to arrive, that he might hurry up stream, not for gold, but to see Nance and, if necessary, to protect her.
",action_space,2025-09-06
1382,PG30291_raw.txt,7081,"""And meanwhile you were going to act as her protector?"" broke in Kate.
",no_space,2025-09-06
1383,PG451_raw.txt,1631,"Through the port-holes I beheld an unruffled, sun-smitten horizon.
",perceived_space,2025-09-06
1384,PG5340_raw.txt,3617,"I rode down myself on the third.
",action_space,2025-09-06
1385,PG18171_raw.txt,3562,"Philip strode through the night almost forgetful of his companion.
",perceived_space,2025-09-06
1386,PG39578_raw.txt,196,"“He kept on looking at me all the time, and grinning like a monkey,” grumbled Billie, who was still caressing his broncho; and somehow Jupiter seemed to understand it was all a mistake that he received that whipping, for he whinnied, and rubbed his nose against his master’s cheek.
",no_space,2025-09-06
1387,PG1281_raw.txt,1941,"""A frenchman!"" he exclaimed.
",no_space,2025-09-06
1388,PG31241_raw.txt,1327,"I come from Hertfordshire myself.
",no_space,2025-09-06
1389,PG883_raw.txt,9698,"‘Poor Pa!’ thought Bella, as she hung upon his arm.
",no_space,2025-09-06
1390,PG37551_raw.txt,5486,"Across the passage came the rasping sound of Sam’s snoring, as unconscious of tragedy as he had been in his cradle, and yet its creeping shadow lay over his placid features, its bated breath filled the air he was breathing.
",perceived_space,2025-09-06
1391,PG39443_raw.txt,4145,"They nearly annihilated me. Mrs.
",no_space,2025-09-06
1392,PG20383_raw.txt,2847,"the bird floated gaily down the wind, and the head keeper, in disgust, muttered bad language to the underling beside him.
",action_space,2025-09-06
1393,PG1300_raw.txt,278,"Tell your secrets.
",no_space,2025-09-06
1394,PG26986_raw.txt,2558,"""Well, things happen.""
",no_space,2025-09-06
1395,PG36314_raw.txt,58,"“Come on, Mr. Hampton, tell us,” said Frank.
",no_space,2025-09-07
1396,PG37775_raw.txt,45,"Standing in a library of antiquated works, one senses the shadows of a cemetery.
",perceived_space,2025-09-07
1397,PG26282_raw.txt,2064,"He gazed upon her fair young face and in it could see little or no resemblance to her father.
",no_space,2025-09-07
1398,PG21268_raw.txt,783,"The fragments of the boat were carefully gathered up and deposited in the same place.
",action_space,2025-09-07
1399,PG432_raw.txt,6570,"This was beginning well—for a first day in Paris; and the thing might be amusing yet.
",no_space,2025-09-07
1400,PG18336_raw.txt,2741,"The gauntleted hands were tightly gripped, but the speaker went steadily on.
",no_space,2025-09-07
1401,PG50123_raw.txt,372,"“I’m going to get a snapshot for my private collection.”
",no_space,2025-09-07
1402,PG40912_raw.txt,5178,"I fled from Paris to escape arrest, but the woman in whose defence I encountered him behaved most cruelly.
",action_space,2025-09-07
1403,PG40502_raw.txt,1100,"A lightning-bolt hurled itself right in their very midst, and the resultant thunder-clap brought Dragonfel and his followers to their feet in sudden alarm.
",perceived_space,2025-09-07
1404,PG17249_raw.txt,1356,"Next morning he was out early, and entered the canyon as the sun began to illumine its rocky domes and cast long shafts of light across the chasm.
",perceived_space,2025-09-07
1405,PG4731_raw.txt,1948,"Up burst the sun, and the world grew soft and rosy like a baby waked from sleep.
",perceived_space,2025-09-07
1406,PG45982_raw.txt,1350,"""But for the cause?"" inquired the Czar softly.
",no_space,2025-09-07
1407,PG41631_raw.txt,558,"Dorothy and Edna looked to where she indicated and saw a little low brown house very near the water.
",visual_space,2025-09-07
1408,PG28680_raw.txt,2360,"Fortunately, Jack was at hand to stop them, or the dismantled wagon might have gone flying across the lot, even fast enough to suit Link's notion of speed.
",action_space,2025-09-07
1409,PG17658_raw.txt,2061,"Mary Kavanagh had left the kitchen by this time, carrying pen, ink and paper to the girl in Father McQueen's room.
",action_space,2025-09-07
1410,PG39709_raw.txt,257,"Marjorie stole each hour into the hearts of the old grandmother and the proud disappointed daughter, aging so fast under stress of multiplied troubles, that she needed just such an appealing interest as my delicate child to call into action the unselfish side of her noble nature.
",no_space,2025-09-07
1411,PG25868_raw.txt,152,"It still refused to move.
",no_space,2025-09-07
1412,PG8686_raw.txt,659,"Every boy of fourteen, with the genius to read 'em, is just as good a judge of novels and can understand them quite as well as any gentleman of brains of any old age.
",no_space,2025-09-07
1413,PG42428_raw.txt,6722,"We must set Barney free, Mr. Oldmeadow.
",no_space,2025-09-07
1414,PG35964_raw.txt,2762,"“Of course he was,” spoke up John.
",no_space,2025-09-07
1415,PG41777_raw.txt,1856,"One believed that instead of going right they were walking directly contrary to the proper course, and that sooner or later they would reach the dangerous section where they had already met with so many narrow escapes.
",action_space,2025-09-07
1416,PG20219_raw.txt,2677,"Marcia bent forward eagerly.
",no_space,2025-09-07
1417,PG21958_raw.txt,2765,"We have separated, and I never give the fellow a look when we meet.
",no_space,2025-09-07
1418,PG47564_raw.txt,3747,"So soon as he had crossed the threshold it was banged to behind him again, just as the garden gate had been when the king had first sent for him.
",action_space,2025-09-07
1419,PG28467_raw.txt,2240,"For the thought had come to me onbid, How did I know how fur Josiah Allen had back-slided?
",no_space,2025-09-07
1420,PG48315_raw.txt,3002,"He waited a moment, just to make sure that David was not going to say that everybody cribbed in Remove A. Of course David said nothing of the kind, and he went back to his study.
",action_space,2025-09-07
1421,PG35902_raw.txt,6441,"She is a member, and she had considerable influence in our society at one time.
",no_space,2025-09-07
1422,PG53109_raw.txt,177,"She stared past him at the strange physician.
",no_space,2025-09-07
1423,PG37761_raw.txt,4392,"Part of that night they lay awake, shivering in the pungent fir smoke in a hollow of the rocks, and started again, aching in every limb, long before the lingering dawn, while the next day passed like a very unpleasant dream with the young doctor.
",perceived_space,2025-09-07
1424,PG18894_raw.txt,1565,"Steve looked down and smiled casually into Barbara's wide and startled eyes.
",no_space,2025-09-07
1425,PG40416_raw.txt,3477,"Then I came down here and followed the back trail.
",action_space,2025-09-07
1426,PG9659_raw.txt,6087,"Then a line was formed, and they began to defile by him, as he stood on the steps, and one by one they came up, and gave him hearty greetings, and passed on through the court-house and out at the south door.
",action_space,2025-09-07
1427,PG10165_raw.txt,6224,"She was seen to fall from the roof of her house, and none was near her when she fell.
",action_space,2025-09-07
1428,PG20714_raw.txt,4109,"Jim's face flamed into a wild wrath.
",no_space,2025-09-07
1429,PG42193_raw.txt,431,"Jud, however, said nothing and kept on saying the same all the way back to the house.
",action_space,2025-09-07
1430,PG27094_raw.txt,1574,"For cattle are generally sold by weight, either ""on the hoof,"" which means alive and as they stand in the stock yards, or by weight after being slaughtered.
",action_space,2025-09-07
1431,PG33798_raw.txt,8974,"If I’d spent the money on gin, I shouldn’t so much object to what the old woman calls me, for I don’t say my life isn’t a bit of a struggle.
",no_space,2025-09-07
1432,PG14645_raw.txt,2219,"But he took up again his task of buttering toast, and sought to interest her in that.
",action_space,2025-09-07
1433,PG6315_raw.txt,295,"Richie sat down on the porch step to wait for him.
",action_space,2025-09-07
1434,PG52363_raw.txt,3513,"Looking up, I saw a huge, black, clumsy craft steaming right down upon us, and knew in a moment that if she did not deflect her course she would cut us in two amidships.
",perceived_space,2025-09-07
1435,PG30431_raw.txt,2063,"Five minutes after the noon whistle blew, on Saturday, every carpenter and laborer knew that Bannon had ""pulled a gun"" on Reilly.
",perceived_space,2025-09-07
1436,PG3431_raw.txt,3051,"This is, of course, entirely between ourselves.
",no_space,2025-09-07
1437,PG38719_raw.txt,988,"He went to the door and out into the porch.
",action_space,2025-09-07
1438,PG26723_raw.txt,1064,"Before Faith could speak Aunt Prissy came into the room.
",action_space,2025-09-07
1439,PG39453_raw.txt,3736,"""He is theatrical,"" Olivia agreed and smiled.
",no_space,2025-09-07
1440,PG20359_raw.txt,1495,"She was more embarrassed, Peter saw, than her daughter, and as plainly at bay.
",no_space,2025-09-07
1441,PG36313_raw.txt,1644,"I have known her to patiently translate all of Milly's lessons for her, and then as patiently explain them to her over and over again, until some faint idea of their meaning had penetrated her befogged little brain.
",no_space,2025-09-07
1442,PG20429_raw.txt,5767,"She closed the door behind them and turned to her mirror again.
",action_space,2025-09-07
1443,PG47006_raw.txt,98,"""One of the party slipped on the root of the oak, and his glass fell on a rock at his feet.
",action_space,2025-09-07
1444,PG39294_raw.txt,4803,"Then she saw that no more could be said, and with an effort she repressed her feelings.
",no_space,2025-09-07
1445,PG48237_raw.txt,2532,"She gave him no reply to the question, but he explained further, leaving her no room for doubt.
",no_space,2025-09-07
1446,PG41889_raw.txt,1115,"“Shore,” answered the policeman.
",no_space,2025-09-07
1447,PG3796_raw.txt,3290,"On her lips it lost all the bitterness it had won through the ages of parting and bore instead all the sweetness of the old loves of all the women who had ever loved and prayed for the beloved.
",no_space,2025-09-07
1448,PG3189_raw.txt,4868,"I somehow felt that I had one prominent advantage over these gentlemen, and that was--good character.
",no_space,2025-09-07
1449,PG42894_raw.txt,2443,"The idea of a secret with his pretty cousin was far from unpleasant to Robert.
",no_space,2025-09-07
1450,PG32137_raw.txt,1125,"They drove away the cattle from off the brae-face.
",action_space,2025-09-07
1451,PG32053_raw.txt,408,"But at that moment, around the turn by the old oak galloped a horse and rider.
",action_space,2025-09-07
1452,PG34443_raw.txt,2023,"Somehow she found that she wasn't half as strong-minded and self-reliant when this very masterful young man was around.
",no_space,2025-09-07
1453,PG29319_raw.txt,1482,"She sat gazing mentally back over the lonely two months, the period of her existence now about to terminate, and was astonished to find that, after all, it had not been so bad.
",no_space,2025-09-07
1454,PG20134_raw.txt,2243,"He sat down and softly rubbed his toe where the crab had pinched him.
",action_space,2025-09-07
1455,PG22874_raw.txt,588,"Elsie Bellwood had left Inza standing close to the huge, open window.
",action_space,2025-09-07
1456,PG20324_raw.txt,121,"""Now I wonder,"" drawled Grace with a twinkle, as she hastily tore open her envelope, ""who could possibly be writing to us from the other side?""
",action_space,2025-09-07
1457,PG52810_raw.txt,1591,"Dashing the water from his eyes he resumed swimming, pushing the log before him, for in some mysterious way throughout the awful buffeting they had received in their tumble through the water, both boys had retained their hold on their logs.
",action_space,2025-09-07
1458,PG33559_raw.txt,2823,"On the third day the _Shohirika_ received orders from a dispatch boat which steamed into the harbor, and an hour later the anchors were hove apeak and she steamed away, carrying Larry and his old Yankee friend along.
",action_space,2025-09-07
1459,PG38353_raw.txt,242,"""An excellent trait in a gentleman--the determination that his nearest female relatives shall make a good appearance,"" remarked Mrs.
",no_space,2025-09-07
1460,PG1848_raw.txt,3353,"Below the great square, fringed round with burnt-out houses, was crowded with thousands of people, some of them engaged in combat with the Spaniards, but the larger part collected there to witness my murder.
",action_space,2025-09-07
1461,PG24361_raw.txt,4182,"""A letter for you, Teddy!"" she proclaimed, opening the door and casting the envelope across the room towards her sister.
",action_space,2025-09-07
1462,PG36485_raw.txt,60,"Why do crickets and grasshoppers and owls make me feel as though I'd lost my last friend, instead of impressing me with the sociability of Nature?
",perceived_space,2025-09-07
1463,PG19148_raw.txt,4609,"But appeals to his consistency found him deaf.
",no_space,2025-09-07
1464,PG38871_raw.txt,5808,"You’re not all milk and water, bread and butter and backboard, then, but have a spice of your mother, after all? Mr.—Mr. Vaughan!” again she mimicked her.
",no_space,2025-09-07
1465,PG19402_raw.txt,871,"When Inza turned back, her face had lost its trace of pain.
",no_space,2025-09-07
1466,PG46708_raw.txt,3811,"As the sun drew toward setting and the night approached, a fierce restlessness thrilled along my nerves.
",perceived_space,2025-09-07
1467,PG38299_raw.txt,1603,"The seconds crept into minutes, though to some of the scouts these latter had never moved with such leaden wings, and they could almost believe hours were passing in review instead.
",no_space,2025-09-07
1468,PG54130_raw.txt,293,"And she gazed at him, awe-strickenly, reproachfully.
",no_space,2025-09-07
1469,PG25954_raw.txt,4383,"She wondered if her old friend had determined to invite himself.
",no_space,2025-09-07
1470,PG42049_raw.txt,1384,"Harlow seemed incapable of resistance, and, to his own astonishment, as well as to the unutterable amazement of the witnesses of the act, Frank took the revolver away without being resisted.
",no_space,2025-09-07
1471,PG45782_raw.txt,1383,"And if he told Barbara Osborne about it, it would make her angry, too, and maybe she wouldn't sleep any all night, the haughty thing!
",no_space,2025-09-07
1472,PG33599_raw.txt,698,"Such a pretty place, straggling up the hillside, and looking over the sea.
",perceived_space,2025-09-07
1473,PG10712_raw.txt,3250,"At the word the men sprang into the rigging, and on all three masts were soon climbing about the yards, in reckless haste, to execute their orders.
",action_space,2025-09-07
1474,PG31858_raw.txt,1627,"This lofty ideal of womanhood Isabel had unconsciously set up in her soul, and the sudden conviction of its imperfection was, after all, the reason of her sudden despair.
",no_space,2025-09-07
1475,PG4309_raw.txt,17067,"In about twenty minutes he was swept away from the Green, and into a street.
",action_space,2025-09-07
1476,PG25923_raw.txt,3599,"He gave her a quiet, respectful glance, and Clare knew she had never liked him so much.
",no_space,2025-09-07
1477,PG21741_raw.txt,2470,"They stopped abruptly after the first rush, and then looked about with pale faces, not knowing what to do.
",action_space,2025-09-07
1478,PG25917_raw.txt,4041,"The matted grasses could be seen waving and writhing under the swift flow with a terrible suggestion of remorseless power in their stems should any unfortunate chance to be plunged among them.
",perceived_space,2025-09-07
1479,PG48947_raw.txt,3320,"“He’s a great old scout, isn’t he?” he chuckled.
",no_space,2025-09-07
1480,PG27447_raw.txt,1482,"He took her once more close in his arms.
",no_space,2025-09-07
1481,PG54033_raw.txt,1138,"Newspapers aren’t much good for that.
",no_space,2025-09-07
1482,PG50203_raw.txt,1631,"The sergeant between her and Ottenheimer agreed with her, and stepping out and stopping an empty motor-cab on its way up the Avenue, turned back to the still enraged owner of the store and solicitously advised him to go home and cool down.
",action_space,2025-09-07
1483,PG26612_raw.txt,1327,"If the receipts are shy, well and good.
",no_space,2025-09-07
1484,PG5730_raw.txt,1886,"In a little village in the northwestern part of America there once lived a boy named Amos Hunt.
",descriptive_space,2025-09-07
1485,PG26993_raw.txt,2149,"It struck with a crash of glass, and then everything was enveloped in darkness.
",perceived_space,2025-09-07
1486,PG28741_raw.txt,2978,"I'll admit, though, that the fur-posts aren't what they were when I was a boy.
",no_space,2025-09-07
1487,PG42396_raw.txt,1303,"They had experienced an adventure, too, that had impressed upon them the need of constant watchfulness, and it was agreed that in future each should carry his rifle, and be assured that it was always in serviceable condition.
",no_space,2025-09-07
1488,PG28848_raw.txt,3850,"A crash outside brought all to their feet, and the whole crowd fell back against the walls.
",action_space,2025-09-07
1489,PG91_raw.txt,560,"“I’m hollerin’ at Tom.”
",no_space,2025-09-07
1490,PG2763_raw.txt,1883,"Now the Wanderer bethought him of his desire to look upon the Hathor, for to see new things and try new adventures was always his delight.
",action_space,2025-09-07
1491,PG27924_raw.txt,151,"Something that was not all oil here shining in Lamps’s eye, Barbox Brothers withdrew his own a little disconcerted, looked at the fire, and put a foot on the top bar.
",perceived_space,2025-09-07
1492,PG29366_raw.txt,8664,"She and the carriage also had in the next instant gone, and Jeff went stolidly back up the steps.
",action_space,2025-09-07
1493,PG20749_raw.txt,5557,"The lid was raised, and displayed the packet, the appearance and superscription of which had attracted his observation but a short while before in the post-office.
",action_space,2025-09-07
1494,PG31312_raw.txt,1729,"Jack began to weave all manner of fantastic explanations to account for the illumination of the house alongside the road to Metz.
",no_space,2025-09-07
1495,PG1083_raw.txt,5043,"She went about with brooms and dusters wearing an air of sanctimonious thoughtfulness.
",action_space,2025-09-07
1496,PG19527_raw.txt,3777,"Gordon slept like a schoolboy and woke only when the sun poured through the window upon his bed in a broad ribbon of warm gold.
",perceived_space,2025-09-07
1497,PG27093_raw.txt,1005,"""I realize that I shall never become a horseman,"" said the professor dryly, and with a little half smile, visible in the moonlight.
",perceived_space,2025-09-07
1498,PG24770_raw.txt,1910,"And our friend here, Ignacio, was leading him into our camp.
",action_space,2025-09-07
1499,PG2160_raw.txt,1666,"What temptation can a man of my turn and temperament have, to live in a place where every corner teems with fresh objects of detestation and disgust?
",no_space,2025-09-07
1500,PG36523_raw.txt,4187,"It touched sage brush and after moments of struggle he clamped his fingers about the stalk and dragged himself on, gritting his teeth against the pain.
",action_space,2025-09-07
1501,PG46153_raw.txt,646,"This morning I was at the window when he came, and I was quite frightened when I saw him, as I thought, so nearly run over.
",visual_space,2025-09-07
1502,PG31135_raw.txt,445,"""Ah, that reminds me,"" said the Earl, ""I feel pretty dry.
",action_space,2025-09-07
1503,PG12587_raw.txt,4401,"His red rays gleamed through the glass, and struck against the face of the infant, which was turned towards him.
",perceived_space,2025-09-07
1504,PG32942_raw.txt,4779,"He looked tired and aged.
",no_space,2025-09-07
1505,PG25885_raw.txt,1896,"They were in the main cabin.
",descriptive_space,2025-09-07
1506,PG27365_raw.txt,482,"Above was the lava, hot gases and ash, and below the seething floods, and the whole earth swayed and rumbled with the earthquake shocks.
",perceived_space,2025-09-07
1507,PG30713_raw.txt,514,"It was late that night when the Captain reached home after closing the church building.
",action_space,2025-09-07
1508,PG34416_raw.txt,383,"The old woman smoked in silence for some minutes.
",no_space,2025-09-07
1509,PG24451_raw.txt,365,"The cross-street was near and I turned it.
",action_space,2025-09-07
1510,PG52908_raw.txt,5788,"She returned the card to its envelope.
",action_space,2025-09-07
1511,PG29093_raw.txt,960,"You lead him out on the track.
",action_space,2025-09-07
1512,PG25947_raw.txt,2557,"Her passion swept her along, as she was swayed alternately by love for Karl and the saner impulse to flee from him.
",no_space,2025-09-07
1513,PG35671_raw.txt,678,"Her fairness was the kind that goes with a slightly reddened nose and a faint, bluish tinge about the mouth at this hour of the morning.
",no_space,2025-09-07
1514,PG3006_raw.txt,3141,"Stalky set away Campbell and Sefton, and strode over to his allies, locking the door on the way.
",action_space,2025-09-07
1515,PG40493_raw.txt,1641,"So he was silently ushered upstairs, and soon he caught the thick-voiced order of Isaacstein:
",action_space,2025-09-07
1516,PG29932_raw.txt,2864,"One morning as her din increased and the black, sooty breath of her came drifting in through our window, my father rose abruptly and slammed the window down.
",perceived_space,2025-09-07
1517,PG39813_raw.txt,372,"but it was no easy task to follow it with the mist closing in on all sides.
",perceived_space,2025-09-07
1518,PG25799_raw.txt,1285,"""We are in Evanston, on the Sheridan Road,"" she said, ""and this street cutting in from the south is Chicago Avenue.""
",descriptive_space,2025-09-07
1519,PG37492_raw.txt,4416,"""There is nothing much else to say about myself, except that I love your daughter and with your permission I want her for my wife.""
",no_space,2025-09-07
1520,PG26193_raw.txt,3360,"""I know what I'd like you to do.""
",no_space,2025-09-07
1521,PG1074_raw.txt,1848,"As I have said, in the masculine sense his was a beautiful face.
",no_space,2025-09-07
1522,PG35551_raw.txt,2153,"All I ask is to see you and to know you are present in my home, which has been so desolate without you.
",no_space,2025-09-07
1523,PG34978_raw.txt,2304,"“No, I’m not,” Muriel protested, hastily, and the colour came into her face.
",no_space,2025-09-07
1524,PG36255_raw.txt,1318,"“I think he’s just too mean for anything,” she said to Ruth, querulously, when the older girl came home from market.
",action_space,2025-09-07
1525,PG15355_raw.txt,884,"""Yes, sometimes,"" the boy admitted, wondering still more at the brightness in his friend's look, and his air of sudden determination.
",no_space,2025-09-07
1526,PG6406_raw.txt,437,"With this promise we parted for the night; and on the ensuing morning I made it my business to see the sexton, who, for a small gratuity, readily granted permission of search, on condition, however, that he should be present himself, to see that the stranger removed nothing of intrinsic value.
",action_space,2025-09-07
1527,PG30618_raw.txt,5552,"Putting his arm through mine, he led me outside, going toward our landing.
",action_space,2025-09-07
1528,PG55142_raw.txt,2197,"""Yes, sir, you may be certain they are appreciated throughout the length and breadth of the land,"" said the other, fervently.
",no_space,2025-09-07
1529,PG42699_raw.txt,3316,"After which a strange thing happened.
",no_space,2025-09-07
1530,PG36281_raw.txt,2378,"“She’s circling to get the wind at our backs,” breathed Recklow, running forward beside Cleves.
",action_space,2025-09-07
1531,PG41741_raw.txt,1238,"A curly-pated, eager-faced little urchin popped in through the open doorway.
",action_space,2025-09-07
1532,PG29257_raw.txt,5254,"A heart as simple as this desert sand, as deep in affection as this heaven, untainted by the uncertainties and doubts and caprices of modern life,--only in such a heart is the love that endures, the love divine and eternal.
",action_space,2025-09-07
1533,PG38833_raw.txt,2902,"You were not here when I traveled this trail before.
",action_space,2025-09-07
1534,PG16381_raw.txt,6672,"He saw her raise a wisp of handkerchief to her eyes; and then the telephone bell rang at his side.
",action_space,2025-09-07
1535,PG20054_raw.txt,2501,"(Her slight accent, because it made the pronunciation of each word more careful, gave her speech a quaint suggestion of instruction that perhaps she did not intend.)
",no_space,2025-09-07
1536,PG40712_raw.txt,2883,"then someone heard stamping in the garden--like horses’ feet!--You may be quite certain that that gave folks a bad fright.
",perceived_space,2025-09-07
1537,PG38498_raw.txt,1341,"She had filled her clay pipe and lighted it with a coal from the fire.
",action_space,2025-09-07
1538,PG20471_raw.txt,3325,"Directing the rays of his searchlight on Tom, David gave a horrified gasp at the sight of his chum's pale, emaciated features.
",action_space,2025-09-07
1539,PG39066_raw.txt,3558,"Mr. Jobling virtuously declined Captain Dove's cordial invitation to help himself to a decanter, and asked Sallie for a cup of weak tea.
",action_space,2025-09-08
1540,PG27924_raw.txt,2061,"I recollect coming upon him once when we were stopping at a roadside inn, and seeing him stand so by broad daylight.
",visual_space,2025-09-08
1541,PG22152_raw.txt,4428,"She can see her adored one only with difficulty at uncertain times and places.
",no_space,2025-09-08
1542,PG40104_raw.txt,4599,"She hoped, however, that he had given up that wild attempt to go to the banks with the fishing craft and had made safe harbor before the hurricane had risen to its present height.
",action_space,2025-09-08
1543,PG38553_raw.txt,1966,"And as she pointed out, the calling of her name and the walk up and down the aisle to receive the gift were no small part of the reward.
",action_space,2025-09-08
1544,PG54909_raw.txt,4825,"Then Harry deposited her presents in a place of safety and the feast began, much to Chub’s satisfaction, for that youth declared that he was rapidly starving to death.
",action_space,2025-09-08
1545,PG53164_raw.txt,1051,"So when I awoke from my reverie, as from a deep sleep, I sat with a little bit of bread, the size of my thumb, in my hand, staring at it as if I had seen a fairlie.
",visual_space,2025-09-08
1546,PG44534_raw.txt,725,"My young friend, even to think of the things to be seen there is almost too much for the ordinary human brain.
",no_space,2025-09-08
1547,PG50961_raw.txt,1355,"She measured off the space on the floor carefully with a folding ruler, while Doris stood over her watching with critical eyes.
",action_space,2025-09-08
1548,PG49957_raw.txt,173,"""I’d never call _that_ common everyday rain,"" said Alice as an extra hard beating of rain actually made her afraid the window pane wouldn’t be enough to keep the water out of the car, ""we never have rain like that at home.""
",perceived_space,2025-09-08
1549,PG33725_raw.txt,2216,"Seasons are more extreme, and ice accumulates on the mountain tops and around the polar region, precursor of a glacier period.
",descriptive_space,2025-09-08
1550,PG18079_raw.txt,751,"She would come in with her broom and her mop, and look around.
",action_space,2025-09-08
1551,PG23744_raw.txt,850,"He would much rather go to Oaxaca than to New York, and he felt more sure than ever that his father would not wish him to run any risk of the dreadful yellow fever.
",no_space,2025-09-08
1552,PG41817_raw.txt,393,"He shook for a moment and then, turning, with his left arm still across his face, he held out his right hand, and I took it.
",no_space,2025-09-08
1553,PG22095_raw.txt,1724,"Then if Katja could find the American girl she was to say farewell for Sonya Valesky.
",no_space,2025-09-08
1554,PG29000_raw.txt,3023,"""Ah! you're drunk,"" replied Ussher, ""besides, you know I'd not notice what you'd say before your sister; if, however, you're not so very drunk as to forget what you've called me to-morrow morning, and would then like to repeat it, I'll thrash you as you deserve.""
",no_space,2025-09-08
1555,PG16472_raw.txt,124,"""What are you going to do about it, Dutchy?""
",no_space,2025-09-08
1556,PG545_raw.txt,560,"Both of us were asleep much of the time for hours before a halt was called--then we dropped in our tracks.
",action_space,2025-09-08
1557,PG43492_raw.txt,2696,"He strode off down the road as if on some important errand and presently he saw a policeman swinging silently along.
",action_space,2025-09-08
1558,PG23781_raw.txt,6808,"Over on the west side there is a curious spot fenced in with wooden palings, where Alexander Hamilton planted thirteen trees for the Union, when there were only thirteen States, and named them all.
",descriptive_space,2025-09-08
1559,PG18943_raw.txt,1099,"Here at last, so it seemed, was the medicine that poor Tom needed, and he looked forward to their meals, and the quiet chats beside their lonely camp-fire, with ever-growing pleasure and solace.
",perceived_space,2025-09-08
1560,PG19851_raw.txt,2466,"Tish was very thoughtful during the remainder of the afternoon, but she brightened somewhat when, later on, we sat on the steps of a building watching Charlie Sands and a number of others going through what Major Williams called setting-up exercises.
",visual_space,2025-09-08
1561,PG29453_raw.txt,4242,"The box seemed full of old-fashioned country blossoms, as Mary dipped her hand into it.
",action_space,2025-09-08
1562,PG33490_raw.txt,6872,"No sooner did it present itself, than she sprang from her chair in a fever of apprehension, and rang hastily for Simonetta.
",action_space,2025-09-08
1563,PG46558_raw.txt,1520,"Billy the Music did put another pinch of tobacco into his pipe, and after drawing on it meditatively for a few minutes he snuffed it out with his thumb and put it into his pocket.
",action_space,2025-09-08
1564,PG1399_raw.txt,17323,"He took part in the conversation that was continued in the street, as they all three walked to the buildings of the old university.
",action_space,2025-09-08
1565,PG18640_raw.txt,650,"Phineas sat silent, drinking in the words that were said to him.
",action_space,2025-09-08
1566,PG17603_raw.txt,2536,"It would then be simply a matter of laying an ambush at the given time and place, into which the rascals would walk blindly, and from which there would be no escape.
",action_space,2025-09-08
1567,PG19108_raw.txt,1955,"In silence they walked towards the open door of the dining-room.
",action_space,2025-09-08
1568,PG21008_raw.txt,2344,"The fish had been hooked and had tried to leap over the boat, striking the angler and breaking his neck, then had fallen into the boat itself and had not been able to get out.""
",action_space,2025-09-08
1569,PG45556_raw.txt,2062,"Maybe I'm cross, too,"" she said to herself as she ran up the long flight of stairs leading to the entrance.
",action_space,2025-09-08
1570,PG15367_raw.txt,1531,"On that bed the hunter and his wife lay down to sleep, while the stranger found a bed in another room.
",action_space,2025-09-08
1571,PG19225_raw.txt,5757,"All women suffer in an unhappy marriage--but you suffered doubly because you have always been capable of better things, perhaps, than you have ever had.
",no_space,2025-09-08
1572,PG17545_raw.txt,2501,"Berkeley, Royall and other of the neighboring gentlemen took turns in aiding with the nursing and the night-watches, as is the custom in southern country neighborhoods where professional nurses are unknown.
",action_space,2025-09-08
1573,PG36136_raw.txt,3035,"When he was struck by the ball which lodged in his abdomen, he is said to have spoken thus, ""I am hurt mortally, and wish that I had fallen in defence of my country.""
",action_space,2025-09-08
1574,PG28663_raw.txt,1796,"His quick ear detected the noise, slight as it was, occasioned by Kent's labor.
",perceived_space,2025-09-08
1575,PG25596_raw.txt,2533,"They distinctly heard three shots and twice the war whoop.
",perceived_space,2025-09-08
1576,PG14961_raw.txt,987,"""You jest stick to me, Shovel,"" he said airily.
",no_space,2025-09-08
1577,PG25551_raw.txt,3167,"Kat spun around on her heel enthusiastically, and threw a handful of small apples into the air.
",action_space,2025-09-08
1578,PG40103_raw.txt,298,"Then he joined a group of despisers of dancing near the main door.
",action_space,2025-09-08
1579,PG20815_raw.txt,4055,"Though the September dawn had in it the warmth of summer, they shivered as they clung together.
",perceived_space,2025-09-08
1580,PG4300_raw.txt,14651,"French letter still in my pocketbook.
",descriptive_space,2025-09-08
1581,PG42529_raw.txt,1924,"And the glow that flickered through the wheat that day, as the mellow fountains danced before the blue half-moon of sickle, was warmer than an English sun can throw, and quickened with a brilliance of heavenly tints, such as Hope alone, the Iris of the heart, may cast.
",perceived_space,2025-09-08
1582,PG21321_raw.txt,4444,"Afar in the east the forest still burned, but the light there was pallid, grayish, more of the quality of moonlight than of fire, and looked dim.
",perceived_space,2025-09-08
1583,PG54765_raw.txt,973,"For days she would be quite herself as she would sit up in bed and smile at the wistful face of the boy who sat tenderly gazing into her eyes, or with swift feet was running to do her slightest wish.
",action_space,2025-09-08
1584,PG44347_raw.txt,187,"It was a beautiful night--the sea calm, and the surf about the reef alight with phosphorescence, whilst the furze-bushes and the clump of brambles near the reeds were dotted with glow-worms.
",perceived_space,2025-09-08
1585,PG20877_raw.txt,1582,"So Danny sat on his doorstep and cried because no one would play with him and he was lonely.
",action_space,2025-09-08
1586,PG41420_raw.txt,1176,"Though the bullets were flying thickly Major Langdon showed no inclination to move, he had suddenly seen and recognized Nathan, and there was a strange look of hatred on his deeply flushed face as he stared at the lad.
",perceived_space,2025-09-08
1587,PG45326_raw.txt,2339,"“The heat of the sun is expanding our gas and causing us to rise,” explained the inventor.
",perceived_space,2025-09-08
1588,PG29274_raw.txt,1789,"Kelly finished his drink, and ordered some more before answering the question, then, ""I bluffed,"" he said.
",action_space,2025-09-08
1589,PG38592_raw.txt,4803,"Then he would snatch me up until the suffusing fire of his caress would steal through all my body and sing in me like bacchic sap of vineyards in the spring.
",perceived_space,2025-09-08
1590,PG48984_raw.txt,10122,"""You go to work and wash him and dress him up in a Prince Albert and I don’t know why he won’t do as well as anybody.""
",action_space,2025-09-08
1591,PG40668_raw.txt,3369,"Then Boxer Hall began to rush it back, and by a trick play got it so far down the gridiron that another field goal was kicked.
",action_space,2025-09-08
1592,PG1947_raw.txt,4125,"He called a chair and had himself carried back to the inn in solitary state.
",action_space,2025-09-08
1593,PG44752_raw.txt,280,"Mrs. Eames, no doubt encouraged by this sign of amiability, climbed out of the pool, sat down on a rock at his feet and began rubbing the water off her legs with curved palms.
",action_space,2025-09-08
1594,PG40487_raw.txt,2359,"In the hall there was a long silence.
",perceived_space,2025-09-08
1595,PG19942_raw.txt,2139,"Paquette worked at embroidery; the old woman looked after the linen.
",action_space,2025-09-08
1596,PG20710_raw.txt,5544,"When the canvas of the tent stays tight or damp, showing a gathering dampness, a storm is apt to be brewing.
",perceived_space,2025-09-08
1597,PG24784_raw.txt,3239,"then suddenly stretched out one slender hand and made a descriptive motion as of tossing her glove into the centre of a distant circle--her eyelids narrowing until they seemed almost to close--a strange light escaping from them--her breath coming with slow pants, as if from suffocation--the hand dropped at her side betraying her passion by convulsive movements trembling through the tinted finger-tips.
",action_space,2025-09-08
1598,PG43450_raw.txt,6714,"While talking, he helped to arrange the contents of Smythe’s grip on the rough table, piling greenbacks by denominations between flanking columns of silver, an imposing array.
",action_space,2025-09-08
1599,PG19310_raw.txt,1285,"At the door he paused to say very heavily:
",action_space,2025-09-08
1600,PG17249_raw.txt,117,"Returning from the council chamber of the celestial glance through the paths of the surrounding gardens, came two sons of God.
",action_space,2025-09-08
1601,PG6236_raw.txt,1897,"To his idea they were only naughty children, their minds reasoning no more clearly than they saw the streets through the tiny little squares of bottle-glass in the windows of their homes.
",visual_space,2025-09-08
1602,PG27643_raw.txt,779,"""That's right, Dot,"" cried one of the girls, with a merry laugh.
",no_space,2025-09-08
1603,PG19601_raw.txt,1454,"He held out the package.
",action_space,2025-09-08
1604,PG52110_raw.txt,5737,"The yacht felt its waves.
",perceived_space,2025-09-08
1605,PG48315_raw.txt,2637,"The kettle boiled over, sending a puff of steam and light ash into the grate, and he took it off and put it in the fender.
",perceived_space,2025-09-08
1606,PG730_raw.txt,8973,"“See there, there!” cried Oliver, eagerly clasping the hand of Rose, and pointing out at the carriage window;
",action_space,2025-09-08
1607,PG41265_raw.txt,2392,"They halted the driver, but he declared he knew nothing of the matter, having been out in the suburbs all the morning.
",action_space,2025-09-08
1608,PG19649_raw.txt,3308,"As Elsie passed along the promenade deck she saw Courtenay, Tollemache, and Walker deep in consultation.
",visual_space,2025-09-08
1609,PG1900_raw.txt,3502,"Several times I met him in various parts of the valley, and, invariably, whenever he descried me, he came running after me with his mallet and chisel, flourishing them about my face as if he longed to begin.
",action_space,2025-09-08
1610,PG20622_raw.txt,2336,"The moon had risen and was throwing her mild light through the thick trees as best she could.
",perceived_space,2025-09-08
1611,PG34306_raw.txt,2895,"For a second both stood spellbound, then the Spaniard drew his pistol.
",action_space,2025-09-08
1612,PG37746_raw.txt,5592,"Late on the following day, when Esther returned from her rounds, she found the Mexican, who had come to the Christmas entertainment, awaiting her.
",action_space,2025-09-08
1613,PG33927_raw.txt,2617,"Nurse Johnstone cried as well as laughed, and the princess was almost as bad, for her eyes were dewy, though a smile was on her sweet lips as she stepped forward and laid the doll in Effie's hands.
",action_space,2025-09-08
1614,PG54049_raw.txt,352,"Tom reached home in due time in spite of the rain and other discomforts that attended him on his journey, and it is scarcely necessary to say that his mother welcomed him as one risen from the dead.
",perceived_space,2025-09-08
1615,PG33289_raw.txt,911,"Susan was growing restless, for she was missing the clash of steel that usually came from the striking of her neighbour's against hers.
",perceived_space,2025-09-08
1616,PG22554_raw.txt,4616,"He barely pulled his raft within the cavern.
",action_space,2025-09-09
1617,PG158_raw.txt,3949,"The ladies had not been long in the drawing-room, before the other ladies, in their different divisions, arrived.
",action_space,2025-09-09
1618,PG19480_raw.txt,479,"There, under the great train-shed, track after track was covered with troop cars and a full regiment lay sleeping.
",descriptive_space,2025-09-09
1619,PG6236_raw.txt,4266,"But one day Carterette received a letter from France which excited her greatly, and sent her off hot-foot to Guida.
",perceived_space,2025-09-09
1620,PG46794_raw.txt,878,"Bob led the retreat, with Sandy trailing close at his heels.
",action_space,2025-09-09
1621,PG1695_raw.txt,773,"Look at that bloody red sun and that bloody river!
",perceived_space,2025-09-09
1622,PG41926_raw.txt,6795,"The doctor sat in a corner, his eyes on the floor.
",descriptive_space,2025-09-09
1623,PG25688_raw.txt,90,"With ragged clothes that spoke of better days, he had tramped into town one winter night through the snow and begged a bed at the Miners' Home.
",action_space,2025-09-09
1624,PG44928_raw.txt,778,"In the rear of this float a very small one appeared, but it was large enough to display a cannon and a pile of cannon-balls, and also a member of the United States Marines’ crack quartet of machine-gunners.
",visual_space,2025-09-09
1625,PG31590_raw.txt,1845,"When they saw the settlers felling the trees and erecting their houses and planting their crops, a spirit of determination to drive the whites from the region spread among the tribes.
",action_space,2025-09-09
1626,PG35462_raw.txt,660,"The widow turned to leave the room, and, unobserved by the young man, who had once more thrown himself on his face on the sofa, she seized a well-filled brandy-flask and concealed it beneath her shawl.
",action_space,2025-09-09
1627,PG24_raw.txt,1263,"Oscar sat at the foot of the table and his four tow-headed little boys, aged from twelve to five, were ranged at one side.
",descriptive_space,2025-09-09
1628,PG1930_raw.txt,4402,"No light of heaven pierced through the smoke of the factories with which the town was girt, but sometimes the red disk of a rayless sun might be seen riding in the black firmament through which iron bridges ploughed their way, and from which there descended a continual shower of soot and cinders.
",perceived_space,2025-09-09
1629,PG36210_raw.txt,4041,"Sun Bird and Little Raven rode close beside him.
",action_space,2025-09-09
1630,PG50799_raw.txt,243,"At last, however, he was dislodged, and secreted himself behind a chest of drawers in the cabin.
",action_space,2025-09-09
1631,PG41529_raw.txt,2356,"Down the trail the sheepman, Hawk, jogged along toward the town where Mac, the recreant herder, was doubtless wasting his substance in riotous living.
",action_space,2025-09-09
1632,PG18952_raw.txt,881,"""Well, just then I saw the back door open, and somebody stepped out.
",visual_space,2025-09-09
1633,PG31259_raw.txt,245,"A sudden silence swept over the station.
",perceived_space,2025-09-09
1634,PG20753_raw.txt,2620,"""We are going to have real windows in the new house.""
",no_space,2025-09-09
1635,PG14409_raw.txt,1133,"At that hour, if the weather was fine, Mr. Dudley commonly stopped at the church door to take them away, and the rest of the day was given up to society.
",action_space,2025-09-09
1636,PG28757_raw.txt,1399,"How odd it looked, to see those great heaps of snow which had been shovelled from the sidewalk and piled up in banks before the houses, between the curbstone and the driveway.
",visual_space,2025-09-09
1637,PG19735_raw.txt,3516,"The face he gazed into looked aged and worn and pallid in the dim half-light of the breaking morning.
",perceived_space,2025-09-09
1638,PG53419_raw.txt,2594,"not a sound was heard except my own footsteps, and the faint sound of the invisible something that was leading me along--there were no more groans, thank goodness, else I should have shrieked and fainted, without a doubt.
",perceived_space,2025-09-09
1639,PG41719_raw.txt,2402,"Presently a wisp of smoke rose from one of their canoes.
",perceived_space,2025-09-09
1640,PG32632_raw.txt,1663,"The peddler beckoned him to be silent, and walking to the door, opened it, with the stiff, formal air with which he had entered the apartment.
",action_space,2025-09-09
1641,PG41660_raw.txt,1824,"A year later Crane and Peck met at Saratoga and talked over old times.
",action_space,2025-09-09
1642,PG30589_raw.txt,1260,"Again a horse was heard galloping up to the house.
",perceived_space,2025-09-09
1643,PG42816_raw.txt,2333,"Clytia took him by the hand and brought him to me, where I stood rooted to my place.
",action_space,2025-09-09
1644,PG4297_raw.txt,334,"on the table lay the materials of a satisfactory supper--a cold fowl, a ham, a Stilton cheese, and a bottle of wine.
",descriptive_space,2025-09-09
1645,PG21908_raw.txt,1736,"I wouldn't be a bit surprised if the old sneak had paid a visit to our tent while we've been investigating up here; and poking his nose into every package we've got there, hoping to find some peanuts, or something else he likes particularly well,"" and this prospect sent the boys on the full run over the short-cut between the pond where the frogs held their nightly chorus, and the camp.
",action_space,2025-09-09
1646,PG31257_raw.txt,1824,"On the chair lay the broken remains of the bread she had been too ill to swallow;
",descriptive_space,2025-09-09
1647,PG40899_raw.txt,541,"At the moment Mrs. Tweedie announced, ""It is a vote,"" Ezra Tweedie, unmistakably labouring under some great excitement, appeared in the doorway.
",visual_space,2025-09-09
1648,PG25858_raw.txt,2740,"After a good dinner, the boys lay sprawled out on the grass basking in the spring sunshine and utterly at peace with themselves and the world.
",perceived_space,2025-09-09
1649,PG21617_raw.txt,4287,"Lifting my eyes, for I sat so as to face the bed, I was startled to observe my patient leaning towards us from her pillows, and staring upon us with eyes too hollow for tears but filled with unfathomable grief and yearning.
",visual_space,2025-09-09
1650,PG38994_raw.txt,3543,"He turned toward the hall, plodding along with lowered head and set, inexpressive countenance.
",action_space,2025-09-09
1651,PG41863_raw.txt,761,"Mirko's fingers had crept to her wrist and seemed to burn the tender skin.
",no_space,2025-09-09
1652,PG18563_raw.txt,811,"He'd begun to cool.
",no_space,2025-09-09
1653,PG10586_raw.txt,1763,"In a neat wooden frame in the senior day room at Outwood's, just above the mantlepiece, there was on view, a week later, a slip of paper.
",descriptive_space,2025-09-09
1654,PG45424_raw.txt,561,"He took out one of those sewn pamphlets in a red cover, issued in great quantity in those days, with or without permission of the authorities.
",action_space,2025-09-09
1655,PG45912_raw.txt,197,"Next day, she explained, a few house guests would arrive, and if Mrs Blackwood would bring two or three young men and come herself, perhaps that would be enough for a first attempt at sociability.
",no_space,2025-09-09
1656,PG2034_raw.txt,4083,"Waverley, as he cast his eyes towards this scene of smoke and slaughter, observed Colonel Gardiner, deserted by his own soldiers in spite of all his attempts to rally them, yet spurring his horse through the field to take the command of a small body of infantry, who, with their backs arranged against the wall of his own park (for his house was close by the field of battle), continued a desperate and unavailing resistance.
",action_space,2025-09-09
1657,PG8184_raw.txt,2603,"My people could tell you of those trees, and perhaps they will one day when we visit them together.
",no_space,2025-09-09
1658,PG30713_raw.txt,1916,"The look of relief on her beautiful face, as the tears of gratitude filled her eyes, caused the Captain to swallow very hard, and to draw the back of his hand across his eyes, remarking that the smoke was getting into them.
",perceived_space,2025-09-09
1659,PG33733_raw.txt,826,"So, followed by the dog, George walked bravely out into the world through the narrow gateway of her home.
",action_space,2025-09-09
1660,PG26692_raw.txt,2158,"I told him huffily that if that was all he could say I had better have kept the story to myself.
",no_space,2025-09-09
1661,PG52578_raw.txt,3934,"We must slip in at the upper door without making any noise.”
",action_space,2025-09-09
1662,PG1207_raw.txt,5467,"Now Nada turned to snatch up the assegai from the ground, but whether to kill me, or the chief she feared so much, or herself, I do not know, and as she turned, in her woe she called upon the name of Umslopogaas.
",action_space,2025-09-09
1663,PG16683_raw.txt,1551,"Dr. Harvey had asked for a famous Plymouth surgeon to be sent for, and this afternoon he had arrived.
",no_space,2025-09-09
1664,PG961_raw.txt,1675,"This isn't a pretty cottage, while outside are sunshine, broad prairies and beautiful wildflowers.
",descriptive_space,2025-09-09
1665,PG45720_raw.txt,3250,"One afternoon as Jack was up on the side of the mountain gathering saddle horses he saw far off over the prairie a waggon and two riders coming toward the ranch.
",visual_space,2025-09-09
1666,PG41489_raw.txt,6036,"Reaching the house where his party was staying, kept by one Abdul Kader, he almost betrayed himself by forgetting to slip off his sandals as he entered.
",action_space,2025-09-09
1667,PG14608_raw.txt,557,"Number Five was a very interesting room, about as full as it could hold of oddities from various countries, together with four cats, a canary, and a mocking-bird.
",perceived_space,2025-09-09
1668,PG21333_raw.txt,816,"he never passed the mouth of that corridor on the half landing where his candle had blown out without as curious a scrutiny as good-breeding might permit.
",perceived_space,2025-09-09
1669,PG42520_raw.txt,3228,"The little old dandy clicked away on his high heels, and in a moment Mademoiselle was aware of a truly courtly bow, whilst a thin, shaky voice said gallantly:
",action_space,2025-09-09
1670,PG34035_raw.txt,5860,"John crossed the room and gripped his brother's hand.
",action_space,2025-09-09
1671,PG28295_raw.txt,441,"When I looked up at my turkey-girl, she was sitting more easily in the saddle, head bent thoughtfully.
",action_space,2025-09-09
1672,PG39231_raw.txt,1301,"With her head held high, and her nose scornfully turned up, she jerked her little brother past him, and went quickly around the corner of the street.
",action_space,2025-09-09
1673,PG49416_raw.txt,246,"Then he looked at the clock, leaned back in his chair and read each page.
",visual_space,2025-09-09
1674,PG42086_raw.txt,2211,"And after that they tried to put the latest incident out of their minds, though Tubby would explode some new idea concerning it every once in a while, as they wandered about the Fair grounds taking in new sights.
",action_space,2025-09-09
1675,PG50515_raw.txt,1460,"But she has the courage of her race, and, telling the old man in so many words he was mad, turned to leave the room.
",action_space,2025-09-09
1676,PG16674_raw.txt,4762,"Don Mike smiled and closed his eyes.
",no_space,2025-09-09
1677,PG42035_raw.txt,1209,"Indeed, some of their neighbors could hardly tell them apart.
",descriptive_space,2025-09-09
1678,PG41471_raw.txt,1173,"As he stood irresolute, the door of a neighboring house opened, and a party of four young men issued from it into the street.
",action_space,2025-09-09
1679,PG40614_raw.txt,381,"As she passed by a lagoon she saw her reflection in the still depths.
",perceived_space,2025-09-09
1680,PG51840_raw.txt,2417,"He snatched his hat and ran out of the room, followed by the others.
",action_space,2025-09-09
1681,PG19502_raw.txt,4074,"Weren't you treading on rather dangerous ground, sir?""
",visual_space,2025-09-09
1682,PG48270_raw.txt,497,"Ding-dong dived below to his engines.
",action_space,2025-09-09
1683,PG31884_raw.txt,1393,"Then Esau got madder and skulked away down the valley among the little sage brush hummocks and white alkali wasteland, to nurse his wrath.
",action_space,2025-09-09
1684,PG24177_raw.txt,444,"Grace put down the picture and gazed at it with stern, accusing eyes.
",action_space,2025-09-10
1685,PG45232_raw.txt,1383,"Once he started up, crying out that the roof was falling on him.
",perceived_space,2025-09-10
1686,PG8737_raw.txt,3028,"The house was lit up when she returned.
",action_space,2025-09-10
1687,PG50723_raw.txt,829,"In the faint light of the candle, streaming into the hold, he saw a long, lean neck, surmounted by a face as bloodless and apparently almost transparent, with hollow cheeks and protruding eyes, lifted above a barrel at the other side of the hold.
",perceived_space,2025-09-10
1688,PG35205_raw.txt,2792,"He did not even dare to follow Priscilla's progress from the window.
",visual_space,2025-09-10
1689,PG18091_raw.txt,6149,"Wall, their extra good meal had sot up Josiah and Bizer to a wonderful extent (they had drunk coffee too strong for 'em by half, and I knew it), and them two men wanted to go back into the Cairo Street.
",action_space,2025-09-10
1690,PG20789_raw.txt,633,"It was nearly noon, and most people on the streets were moving homeward.
",action_space,2025-09-10
1691,PG463_raw.txt,1923,"The faded yellow of their facings shone bravely.
",no_space,2025-09-10
1692,PG17333_raw.txt,517,"He has stopped opposite the double gates and is scowlin' around.
",action_space,2025-09-10
1693,PG35093_raw.txt,287,"Allen appeared in the library doorway.
",action_space,2025-09-10
1694,PG17301_raw.txt,4648,"So I strolls back to my chair behind the brass rail and winks mysterious at the lady typists.
",action_space,2025-09-10
1695,PG34427_raw.txt,1531,"Then he wondered if there would be any danger of meeting Alex if he went up to the house right after dinner.
",no_space,2025-09-10
1696,PG16558_raw.txt,2095,"Were he to live a thousand years, no scene on earth could rival in his eyes the love-haunted woodland pathway wherein like forest queen she stood, the sunshine and leafy shadows dancing over her graceful form, the golden-rod enhancing her dark and glowing beauty, the sacred influences of the day throwing their mystic charm about her as though angels guarded and shielded her from harm.
",perceived_space,2025-09-10
1697,PG2181_raw.txt,184,"The party now strayed onward from hall to hall of that rich gallery, pausing here and there, to look at the multitude of noble and lovely shapes, which have been dug up out of the deep grave in which old Rome lies buried.
",action_space,2025-09-10
1698,PG54230_raw.txt,1313,"I wondered where she could be going, and sat still at the window watching her.
",visual_space,2025-09-10
1699,PG16648_raw.txt,3185,"After a while they came to the wood where the fox had met them first, and there it seemed so cool and sheltered from the sun's burning rays that the two brothers said:
",action_space,2025-09-10
1700,PG17566_raw.txt,4471,"The whistles blew, and he heard as an old war-horse hears the summons to battle.
",perceived_space,2025-09-10
1701,PG25847_raw.txt,855,"They have a good apartment in London, and their country place is fine.
",descriptive_space,2025-09-10
1702,PG25799_raw.txt,3730,"Orme looked at his watch.
",visual_space,2025-09-10
1703,PG27232_raw.txt,3444,"Didn't I love you from the first moment you rode toward me out of the sunrise, bringing the day with you?
",no_space,2025-09-10
1704,PG27337_raw.txt,1762,"Gasping, Isabel let him reach the French windows of the drawing-room before recovering herself.
",action_space,2025-09-10
1705,PG43762_raw.txt,897,"Distracted, he looked about for help.
",no_space,2025-09-10
1706,PG39666_raw.txt,2565,"Sir Robert lifted a long glass to his lips.
",action_space,2025-09-10
1707,PG21034_raw.txt,87,"The four sisters started for the yard, but in the big kitchen Mrs.
",action_space,2025-09-10
1708,PG41489_raw.txt,1604,"Mr. Clive cotched up a basin o’ pea soup what was too greasy for madam, and in a twink he sets it upside down on the cadet’s head.
",action_space,2025-09-10
1709,PG2516_raw.txt,1239,"Amongst the more important of these is a fishing station on the coast, where, by certain improved modes of erecting snares, opening at the advance of the tide, and shutting at the reflux, many more fish are taken than can be destroyed by those who, like the men of Broken-burn, use only the boat-net and spear, or fishing-rod.
",descriptive_space,2025-09-10
1710,PG121_raw.txt,837,"Mr. Tilney was drawn away from their party at tea, to attend that of his partner;
",action_space,2025-09-10
1711,PG17677_raw.txt,2075,"Then the two, with several of the senior officers, went into a house, while the younger men remained outside, and on guard.
",action_space,2025-09-10
1712,PG22874_raw.txt,4822,"Two large suit cases were purchased and the recovered articles packed into them.
",action_space,2025-09-10
1713,PG4703_raw.txt,4998,"And when he awoke he found that the storm had passed, and that over a world of spotless white there had risen a brilliant sun.
",perceived_space,2025-09-10
1714,PG34986_raw.txt,164,"Those who passed by Miss Wilkins's house late at night generally noticed a light in the little third-story window long after all the other boarders' rooms were dark.
",visual_space,2025-09-10
1715,PG23287_raw.txt,5848,"The walls were hung with wired cases, apparently containing books.
",descriptive_space,2025-09-10
1716,PG2891_raw.txt,2513,"He had cleared a space of the breakfast-table from plates and knives, so that he could draw patterns on the tablecloth.
",action_space,2025-09-10
1717,PG40945_raw.txt,2607,"The afternoon was drawing to a close as Paul Woodville and Noel Trevisa made their way to the frontiers of Czernova.
",perceived_space,2025-09-10
1718,PG38871_raw.txt,1384,"The agent, with one eye on the young squire and one on the lady, whose figure was visible through the small coach-window, seemed to be about to refer to her.
",visual_space,2025-09-10
1719,PG17118_raw.txt,266,"He hurried to where he had set down the small moving picture camera, and while the boat was being lowered by the sailors Russ got views of that.
",action_space,2025-09-10
1720,PG30940_raw.txt,471,"Both girls passed into the sitting-room, while Peggy proceeded to the kitchen.
",action_space,2025-09-10
1721,PG37509_raw.txt,4002,"Somehow the brooding and disappointed woman seemed to melt away now, and there reappeared the impulsive girl again.
",no_space,2025-09-10
1722,PG27730_raw.txt,144,"The horseman followed, putting his big blood-bay into a leisurely hand-gallop.
",action_space,2025-09-10
1723,PG37800_raw.txt,78,"""I'll be going back to Vernon's Bank, girls, but as soon as you are ready to cash in for the roots, go to the side porch.
",no_space,2025-09-10
1724,PG38152_raw.txt,2329,"Uncle Robert looked suddenly sobered.
",no_space,2025-09-10
1725,PG35239_raw.txt,994,"And the sun was shining, almost with the warmth of midsummer, on this glorious May-day.
",perceived_space,2025-09-10
1726,PG20383_raw.txt,2429,"She laughed a little--not flinching at all--her face rosy to his challenge.
",no_space,2025-09-10
1727,PG22047_raw.txt,770,"Tabby, dear, if your head ever spun round and round at some of the confidences I have bestowed upon you, I can sympathize with you, for, as I went into that class, my feelings were so wrenched and twisted that I was as limp as cooked macaroni.
",action_space,2025-09-10
1728,PG30993_raw.txt,1174,"She was not deceived by the air of indifference with which the lady moved away;
",no_space,2025-09-10
1729,PG16959_raw.txt,816,"Anna, as she grew stronger, felt the necessity of seeking employment, but to this the baby proved a formidable obstacle.
",no_space,2025-09-10
1730,PG28656_raw.txt,131,"The group for which we were now steering (although among the earliest of European discoveries in the South Seas, having been first visited in the year 1595) still continues to be tenanted by beings as strange and barbarous as ever.
",action_space,2025-09-10
1731,PG37215_raw.txt,5629,"His eyeballs rolled glassily upward, thick, choked sounds came from his throat--
",no_space,2025-09-10
1732,PG23677_raw.txt,155,"Its flash lit up the darkness, and was at once answered by half a dozen other flashes.
",perceived_space,2025-09-10
1733,PG29106_raw.txt,3837,"So she stood still, propped against the table, her hands clutching convulsively at its edge for support, and her eyes dilated and staring, still searching round the room wildly for the key.
",action_space,2025-09-10
1734,PG23678_raw.txt,1634,"And with that the subject was dropped.
",no_space,2025-09-10
1735,PG38413_raw.txt,7026,"He would have run round to the festive scene, only he did not know precisely where it was, and it was too late to ask the neighbours.
",no_space,2025-09-10
1736,PG4074_raw.txt,3341,"Now a fire of hope shot up in Sihamba’s eyes, but soon it died out again.
",no_space,2025-09-10
1737,PG30826_raw.txt,3815,"Once wrapped in my warm blanket I found myself selfishly glad that my experience had not been considered worth trusting.
",perceived_space,2025-09-10
1738,PG41656_raw.txt,3252,"""You mean it, Bessie?"" cried the half-frantic poet, as the door was sent slamming back by the entrance of Lord Brooking with Buster and the bulldog close at his heels.
",action_space,2025-09-10
1739,PG19970_raw.txt,5579,"Away and away they went, coming out into the moonlight--long enough to see a mass of dun shadows rising and falling, lurching and rolling, on all sides.
",perceived_space,2025-09-10
1740,PG16752_raw.txt,1013,"In the slaying of these two we have acquired a powerful enemy, the English, and the message, if there be one, might be traded for our lives.
",no_space,2025-09-10
1741,PG18022_raw.txt,2068,"As he passed the McGillicuddy quarters, the door opened, and little Ronald ran out bareheaded.
",action_space,2025-09-10
1742,PG42191_raw.txt,316,"Jack held the wheel and guided the boat along through the numerous mazes of moving river craft.
",action_space,2025-09-10
1743,PG29697_raw.txt,2253,"There's no other possible way, and when the wind is blowing it shoots out between them like water from a fire-hose.
",perceived_space,2025-09-10
1744,PG36744_raw.txt,422,"The streets were filled with an eager, joyous crowd of people, all discussing the intelligence with mingled emotions of incredulity and delight.
",perceived_space,2025-09-10
1745,PG5746_raw.txt,227,"Presently a door was thrown open and I was ushered into a room somewhat dimly lit and full of the scent of flowers.
",perceived_space,2025-09-10
1746,PG25838_raw.txt,3113,"He lifted his hat again and walked off very fast.
",action_space,2025-09-10
1747,PG47564_raw.txt,2611,"_The Blacksmith who made Death sit in the pear-tree clattered the bottom of his canican against the table.
",action_space,2025-09-10
1748,PG20678_raw.txt,1157,"Ah, how cold and bleak and barren the hillsides looked after the smiling fields of Maryland, touched and warmed by the Southern sun!
",perceived_space,2025-09-10
1749,PG19057_raw.txt,3178,"But after a little she disappeared, and presently, from the library, came the strains of her violin, low, pulsing with a deep emotion, now a laugh, now a sob, climbing higher and higher until they sang like the far-off, quivery note of a bird, flying into the heavens.
",perceived_space,2025-09-10
1750,PG12816_raw.txt,923,"He walked twenty steps away, to lose himself in the mist; and then he suddenly found himself on his knees beside the two sleeping children.
",perceived_space,2025-09-10
1751,PG47128_raw.txt,828,"Next night--a starlit time then, and the wind gone flat--Billy Topsail was burning the fragments of the komatik.
",perceived_space,2025-09-10
1752,PG44982_raw.txt,2247,"Involuntarily Lady Barbara paused in the door-way.
",action_space,2025-09-10
1753,PG31312_raw.txt,907,"It was just then that one of the leading American aviators drove at his antagonist in a series of zigzag spins that must have bewildered the German, he never having run up against such tactics before.
",action_space,2025-09-10
1754,PG57763_raw.txt,351,"It was lighter now in the palace, for a wan sun was creeping upward in the pale heavens.
",perceived_space,2025-09-10
1755,PG4275_raw.txt,922,"The evening was still and full of mellow light, and the new-born summer was so delicious that, in common with all young creatures, she shared its influence and was glad.
",perceived_space,2025-09-10
1756,PG24663_raw.txt,2525,"Johnnie took this moment to fish from his shirt his five books, laying them one by one on the bed-shelf at Cis's feet, from where she caught up the new ones, marveling over them.
",action_space,2025-09-10
1757,PG33947_raw.txt,2112,"Raising the heavy tool like a tack-hammer he landed heavily on the bolt nuts; once, and again; and they flew in a stream like bullets over the bluff.
",action_space,2025-09-10
1758,PG62_raw.txt,1010,"Following the battle with the air ships, the community remained within the city for several days, abandoning the homeward march until they could feel reasonably assured that the ships would not return;
",perceived_space,2025-09-10
1759,PG38490_raw.txt,281,"He threw the door wide with an impatient hand.
",action_space,2025-09-10
1760,PG22998_raw.txt,3283,"He nodded toward the photographs as they lay side by side upon the table where Janet had placed them.
",visual_space,2025-09-10
1761,PG33873_raw.txt,290,"But Dolly and Elizabeth had taken good care that there should be no water at hand, so the unlucky Sophomores rushed away to their own rooms, followed by the taunting laughter of the two Freshmen and many gratuitous pieces of advice.
",action_space,2025-09-10
1762,PG30368_raw.txt,100,"The door of Scrooge's counting-house was open that he might keep his eye upon his clerk, who in a dismal little cell beyond, a sort of tank, was copying letters.
",action_space,2025-09-10
1763,PG3055_raw.txt,651,"He arose betimes, but found no one to greet him, neither was there any sound of folk moving within the fair house;
",perceived_space,2025-09-10
1764,PG834_raw.txt,340,"The track of a horse was       plainly outlined in the soft earth in front of him, and the shoe       which he took from his pocket exactly fitted the impression.
",perceived_space,2025-09-10
1765,PG27789_raw.txt,2207,"In the centre stood an immense bed of oak designed in Renaissance style, the posts of which reached to the ceiling.
",descriptive_space,2025-09-10
1766,PG20340_raw.txt,1187,"""I will walk along with you, Danna,"" said her father, when Anna was ready to start on the unpleasant errand of owning her fault to Luretta, and they started out together, Anna holding fast to her father's hand.
",action_space,2025-09-10
1767,PG9806_raw.txt,766,"I did not look at Levy, but I heard the sudden intake of his breath at the sight of my bank-notes, and I felt its baleful exhalation on my forehead as I stooped and began counting them out upon his desk.
",perceived_space,2025-09-10
1768,PG30905_raw.txt,1961,"Cynthia arranged six candles in holders, ready to light, and they went down stairs again to arrange the others,--a task that was accomplished with some difficulty, as the candelabrum was rather high, and they were obliged to stand on chairs.
",action_space,2025-09-10
1769,PG10165_raw.txt,3025,"The orb which represented Mars stood still in the centre of the space, and this orb soon occupied the whole area.
",descriptive_space,2025-09-10
1770,PG28805_raw.txt,2573,"Their attention was clutched, as it were, from those adorable monkeys a-horseback, which had come once more to the very spot before where they stood, and whom in their baby-souls they envied frantically.
",perceived_space,2025-09-10
1771,PG40487_raw.txt,2578,"Lady Adela laid down the letter.
",action_space,2025-09-10
1772,PG27805_raw.txt,2085,"The call of lush meadow-grass, wet orchards, warm, insect-haunted ponds, of browsing cattle, of haymaking, and all the farm-buildings clustering round the House of the perfect Eaves?""
",perceived_space,2025-09-10
1773,PG14261_raw.txt,3829,"Dripping from the waist with snow water, he reslung his traps, glanced back at the sombre bush behind him and then plunged into that ahead, while the dusk was closing in when he stood panting amidst the stumps of smaller trees.
",perceived_space,2025-09-10
1774,PG36736_raw.txt,437,"With his hand trembling, although his eyes were very steady and his mouth very firm, he tucked the many thin blue sheets back in their envelope.
",action_space,2025-09-10
1775,PG29932_raw.txt,5440,"I heard ""the Indian"" at my door, but I sat still and silent, and presently he went away.
",perceived_space,2025-09-10
1776,PG2554_raw.txt,4007,"But as soon as she went out, he got up, latched the door, undid the parcel which Razumihin had brought in that evening and had tied up again and began dressing.
",action_space,2025-09-10
1777,PG47282_raw.txt,3481,"While these inquiries about her flight were going on, May Churchill was safely sheltered in the home John Temple had provided for her in town.
",action_space,2025-09-10
1778,PG20473_raw.txt,229,"""I'll go and find them,"" volunteered Elfreda, dropping her hammer and turning toward the door.
",action_space,2025-09-10
1779,PG30985_raw.txt,957,"With a sinking sensation in the pit of his stomach, Teeny-bits stepped out of the bushes and said:
",action_space,2025-09-10
1780,PG4307_raw.txt,8989,"It never entered his mind to make any return beyond genial patronage, but the incense of a female devotee was always grateful to him, and he had come to look upon Jessica as a young person peculiarly appreciative of intellectual distinction.
",no_space,2025-09-10
1781,PG15247_raw.txt,2644,"The touring car won from her father by Miss Harding is a massive and beautiful machine.
",descriptive_space,2025-09-11
1782,PG3536_raw.txt,4148,"On the further side of the pool was a large group, so white that it seemed to make a great white hole in the trees.
",perceived_space,2025-09-11
1783,PG22827_raw.txt,3435,"South of David Eby's cornfield stretched a strip of woodland.
",descriptive_space,2025-09-11
1784,PG38087_raw.txt,3540,"""There's a moderate breeze right off the beach and the guns couldn't be heard far to windward.""
",perceived_space,2025-09-11
1785,PG50761_raw.txt,641,"“It’s under the barn.
",descriptive_space,2025-09-11
1786,PG27198_raw.txt,3489,"At that moment they heard the sound of a carriage stopping at the door.
",perceived_space,2025-09-11
1787,PG766_raw.txt,18061,"She shook her head, turned her delighted bright eyes up to mine, kissed me, broke into a merry laugh, and sprang away to put on Jip’s new collar.
",action_space,2025-09-11
1788,PG41471_raw.txt,2127,"Their report was that he stood there till morning, and the sun rose, and that then he made a prayer to the sun, and so went to his quarters.
",no_space,2025-09-11
1789,PG12839_raw.txt,3651,"Since we met them I've been expecting to see a smoke column rising every time I turned around;
",perceived_space,2025-09-11
1790,PG20870_raw.txt,1198,"Then cries and shrieks all over the hotel alarmed those who were not directly at the scene of the panic.
",perceived_space,2025-09-11
1791,PG5998_raw.txt,3583,"My father had provided against this by     taking away all the arms except the old useless things which hung     in the hall, and he had put all his papers out of the way.
",action_space,2025-09-11
1792,PG35147_raw.txt,2522,"Presently it went under in a slanting sweep, and the pole came up promptly and vigorously.
",perceived_space,2025-09-11
1793,PG17892_raw.txt,2433,"He scrambled to his feet and descended the stairs.
",action_space,2025-09-11
1794,PG24252_raw.txt,1386,"The party in the water turned about, and headed for the boat, swimming with all the vigor they could command.
",action_space,2025-09-11
1795,PG26599_raw.txt,3089,"Daisy was surprised, a month after this, to have Mr. Weil stop her in the hallway, and speak with a new abruptness.
",action_space,2025-09-11
1796,PG37800_raw.txt,2548,"It was well that at this moment a muffled curse sounded from the wall at the back of the hut, where it was built up to meet the rocky ledge of the mountainside.
",perceived_space,2025-09-11
1797,PG12240_raw.txt,1897,"Finally he decided to walk right into the house, unannounced, and find Sada if he had to knock Uncle down and make kindling wood of the bamboo doll-house.
",action_space,2025-09-11
1798,PG22109_raw.txt,580,"There was some lightning and thunder, but either the splashing of the water drowned the rumbling or the electric fluid was so far distant that the reports were not loud when they reached us.
",perceived_space,2025-09-11
1799,PG29847_raw.txt,4862,"She got up, went to the window, looked again.
",action_space,2025-09-11
1800,PG22012_raw.txt,996,"I wonder if anybody will be at the station to meet us,"" said Martha Rover.
",no_space,2025-09-11
1801,PG29319_raw.txt,1254,"He seizes a long pole which is leaning against the facade of the cabin, goes back to the lake, climbs a large bowlder, and sitting himself comfortably in a hollow of it, extends the pole, and drops into the crystalline waters at his feet a bit of red flannel.
",action_space,2025-09-11
1802,PG24252_raw.txt,2730,"""How far do you think Bangkok is from the Gulf, Captain Ringgold?"" asked the general, at the close of the session.
",no_space,2025-09-11
1803,PG47271_raw.txt,50,"there, the very sun, if he happen to have shown his face at all during the day, sinks more sullenly than anywhere else, as though disgusted with the prospect, and glad to get to bed; there, the few travellers who have been so unwise, or so unfortunate, as to be left out of doors, are surly in consequence, and give but grudging greeting to any one they meet.
",perceived_space,2025-09-11
1804,PG15760_raw.txt,2206,"In many of the big ideas there's a gulf between us and Germany so wide that it can never be bridged.
",no_space,2025-09-11
1805,PG1267_raw.txt,3206,"“His teeth are large and jagged, his expression open and sincere, and the sound of his breathing is like the continuous beating of waves upon a stony beach.
",no_space,2025-09-11
1806,PG39899_raw.txt,52,"Farther away were many tepees made from buffalo skins, but only the wolf-dogs, curled in holes they had dug near the tepees, showed that the camp was not deserted.
",visual_space,2025-09-11
1807,PG55217_raw.txt,1907,"The grocer opened the drawer hastily.
",action_space,2025-09-11
1808,PG28966_raw.txt,2110,"He was much interested in what she had to say, threw down the book he was studying and went with her to join the girls.
",action_space,2025-09-11
1809,PG33901_raw.txt,106,"Already her hair had lost the brightness of its youth, and she seemed to me smaller and more fragile; and the face that I loved when I was a hobbledehoy, and loved when I looked once more upon it in Thrums, and always shall love till I die, was soft and worn.
",no_space,2025-09-11
1810,PG25772_raw.txt,1757,"She saw its myriad lights rimming the shore of the inland sea.
",perceived_space,2025-09-11
1811,PG37289_raw.txt,482,"Her repetition of the deceptive phrase in Jathrop's letter seemed to turn her boiling wrath into one of still, white menace.
",no_space,2025-09-11
1812,PG22878_raw.txt,876,"A young moon gave a feeble light, partially illuminating a line of road which, appearing by no means interesting, I the less regretted having paid my money for the privilege of being hurried along it in the flying vehicle.
",perceived_space,2025-09-11
1813,PG23678_raw.txt,1200,"The ghostly bride and bridegroom went away at once on their bridal tour, and Lord and Lady Duncan went down to the little old house at Salem to pass their honeymoon.""
",action_space,2025-09-11
1814,PG43364_raw.txt,2284,"Jim and Mac and Pete were there, while Silver Fox, wrapped in his blanket, taciturn and silent, strode on in advance, his keen eyes noting everything, his nostrils agape as if he already scented the smoke from the camp fires of the Shawnee Indians, hereditary foes of his race, with whom he hoped to meet before the conflict was ended.
",perceived_space,2025-09-11
1815,PG41433_raw.txt,1839,"Soon after the MacBirneys came down, the Nelsons arrived on the scene and the company moved to a south room to get the breeze.
",action_space,2025-09-11
1816,PG16289_raw.txt,1946,"It was about eight o'clock, and still full day.
",perceived_space,2025-09-11
1817,PG8686_raw.txt,338,"And the piano-forte across the hall played “La Rève.”
",perceived_space,2025-09-11
1818,PG41471_raw.txt,591,"The steward had placed the first dish on the table, and was standing in front, with Hippocles’ personal attendant behind him.
",action_space,2025-09-11
1819,PG5340_raw.txt,3753,"The room was a small, plain one.
",descriptive_space,2025-09-11
1820,PG19943_raw.txt,160,"Emile's interest rose by several degrees as he sat down on the edge of the bed.
",action_space,2025-09-11
1821,PG33853_raw.txt,493,"It was the blue eyes now which turned keen and searching, and under their gaze Antonio's were averted toward some distant point in the landscape, though the contemptuous smile remained upon his lips.
",visual_space,2025-09-11
1822,PG30302_raw.txt,3212,"Anna went slowly and meditatively down the passage to Fräulein Kuhräuber's room.
",action_space,2025-09-11
1823,PG20122_raw.txt,8818,"She rang, and a servant entered.
",action_space,2025-09-11
1824,PG471_raw.txt,616,"The thin blue smoke rose from it in a light column, and curled upward along the white face of the incumbent rock, giving the scene a tint of exquisite softness.
",perceived_space,2025-09-11
1825,PG11012_raw.txt,1636,"He was a great admirer of the United States and never grew tired of talking to me about the country and asking for information.
",no_space,2025-09-11
1826,PG8737_raw.txt,16550,"And never had he seemed to bring with him such an atmosphere of cool pleasant strength.
",no_space,2025-09-11
1827,PG46367_raw.txt,4233,"He was admitted to the room without question.
",action_space,2025-09-11
1828,PG37581_raw.txt,1879,"She had been but a short time in this passion of regret, when the Cricket on the Hearth, unheard by all but her, began to chirp.
",perceived_space,2025-09-11
1829,PG36018_raw.txt,1302,"The game was just starting as we arrived, so we seated ourselves on the benches provided for the visitors with as little stir as possible.
",action_space,2025-09-11
1830,PG4731_raw.txt,283,"Outside in the blazing sunshine Judy was mowing the lawn.
",perceived_space,2025-09-11
1831,PG30006_raw.txt,3814,"I have a room over the garage, and take my meals at the pie-shop.
",descriptive_space,2025-09-11
1832,PG40375_raw.txt,317,"And of them all there is one special mood, a neutral-tinted, tired, sceptical thing, which I have come to reserve exclusively for my friend Nikolay, who lives in a studio in Fitzroy Street, and faintly despises people for living anywhere else.
",visual_space,2025-09-11
1833,PG28115_raw.txt,769,"The dawn had just spread to the south and against its red and gold they were shown sharply, a long line of black figures on the crest of a swell.
",perceived_space,2025-09-11
1834,PG30961_raw.txt,2415,"He found that it was the moon, which was just then at the full, and was shining in his face.
",perceived_space,2025-09-11
1835,PG25998_raw.txt,1057,"He heard faint noises from the village, but bye and bye they ceased, and Henry at last fell asleep.
",perceived_space,2025-09-11
1836,PG36112_raw.txt,7749,"Slippery Dick went down with a crash in a mass of blackberry bushes, and when Edward reached him he was kicking wildly at the excited puppy, prevented from rising by his efforts and his bonds.
",action_space,2025-09-11
1837,PG14627_raw.txt,1559,"When he entered the widow's cottage, Veronica sat by the table, stitching away at the old mail-bag.
",action_space,2025-09-11
1838,PG34813_raw.txt,6580,"Sarojini, carrying the flashlight, preceded him through the aperture in the floor and stood on the stair, directing the ray up while he fitted the stone into place.
",action_space,2025-09-11
1839,PG14833_raw.txt,4301,"He tapped at the door.
",action_space,2025-09-11
1840,PG21243_raw.txt,2322,"She knelt down upon the floor in the midst of the debris and took from her pocket the letter that Miles Madigan had never read.
",action_space,2025-09-11
1841,PG50831_raw.txt,151,"Captain Joe shoved his nose into the pan and took one good whiff, then gave the pan a shove with his paw and with a sniff of disgust, retired to the opposite corner and lay down again.
",action_space,2025-09-11
1842,PG46390_raw.txt,916,"There he is up!"" he shouted as the tortured monster broke water, shoving his whole head out in his agony, and started to windward.
",action_space,2025-09-11
1843,PG39102_raw.txt,215,"From a corner drug store in an adjacent street he telephoned the news to Soapy Gaines.
",action_space,2025-09-11
1844,PG22912_raw.txt,47,"""Perhaps she'll miss her big four-posted bed and those ducky rag rugs.
",no_space,2025-09-11
1845,PG19371_raw.txt,3887,"""Give father a call,"" she said, and took up a position at the open French window.
",action_space,2025-09-11
1846,PG33845_raw.txt,3234,"But we hadn't been in the hotel five minutes before it came on to rain again, a perfect deluge this time, with thunder and lightning; and while the nice _femme de chambre_ was helping me into a ducky little lace waist which was in the bag Brown had carried, to my great surprise a telegram was brought to my door.
",perceived_space,2025-09-11
1847,PG51079_raw.txt,2545,"The other attractions at the fair did not interest the college lads very much, and as there were to be no more flights that day the crowd of boys, including our friends and those who had come in the automobile with them, made their way back, stopping in Fordham at the “Band-Box” for some soda-water and other like refreshments.
",action_space,2025-09-11
1848,PG40348_raw.txt,2312,"Then he was as fidgety as if he had been sitting on hot bricks.
",no_space,2025-09-11
1849,PG31188_raw.txt,310,"""How do you know a woman's the reason?"" asked McLean, almost fiercely, as he started from the chair.
",action_space,2025-09-11
1850,PG47_raw.txt,2383,"Anne surrendered her books and wondered if she could possibly be awake.
",action_space,2025-09-11
1851,PG40893_raw.txt,1557,"And so they turned out of Albert Gate and walked to Victoria.
",action_space,2025-09-11
1852,PG48354_raw.txt,1855,"And the policeman would stroll away from the glow of the fire, out under the stars—alone save for the transient rake-hell cat skirmishing across from area-railing to area-railing, and the tramp of a brother officer coming up sombre and subdued from far down the hill.
",perceived_space,2025-09-11
1853,PG1235_raw.txt,111,"Dark circles surrounded his sunken eyes, his cheeks were hollow, his mustache drooped in a sorrowful curve over his sad mouth.
",no_space,2025-09-11
1854,PG22463_raw.txt,2259,"The sun had grown too bright, too merciless, but as always she drew the truth from him, even to his agony.
",perceived_space,2025-09-11
1855,PG39515_raw.txt,7571,"The two motor-cars and the large landau went to fetch some of the guests.
",action_space,2025-09-11
1856,PG36211_raw.txt,2072,"And so at nine that evening I pushed gently off and wandered bridgewards.
",action_space,2025-09-11
1857,PG850_raw.txt,1469,"When, some time after, Billy emerged from O'Leary's door, he had a two-dollar bill tightly squeezed in his right hand.
",action_space,2025-09-11
1858,PG42754_raw.txt,6292,"Some of her raiment was clinging to Aunt Caroline's treasured plants as she stepped painfully out on the grass.
",action_space,2025-09-11
1859,PG39596_raw.txt,2529,"Then she climbed into the back seat with Uncle Darcy and the two pails of blueberries, while Richard settled himself and Captain Kidd in front with his Cousin James.
",action_space,2025-09-11
1860,PG35008_raw.txt,470,"Amelia touched her guitar with a white, if somewhat pudgy, hand, and sang a few lines of a popular love song.
",action_space,2025-09-11
1861,PG7469_raw.txt,5088,"she threw herself into the shadiest corner of a settee, and pressed her fingers over her burning eyelids.
",action_space,2025-09-11
1862,PG50602_raw.txt,2507,"When he, too, finally reached up his hand and Zeb eagerly pounced upon it, all at once the wonderful truth broke in upon the bewildered Andy just as a flash of lightning might dart from the clouds to the earth during a storm.
",no_space,2025-09-11
1863,PG42763_raw.txt,1945,"This was a bitter winter on the Albanian frontier, and God alone knows how the party got to Ranovica at all.
",perceived_space,2025-09-11
1864,PG2081_raw.txt,3016,"Skirting farther round the pasture, I heard voices and much laughter proceeding from the interior of the wood.
",perceived_space,2025-09-11
1865,PG154_raw.txt,3230,"From the veranda the sound of Penelope's lazy tone came through the closed windows, with joyous laughter from Irene and peals from Corey.
",perceived_space,2025-09-11
1866,PG1074_raw.txt,3586,"The deep-sea voices of these men, rumbling and bellowing in the confined space, produced a wild effect.
",perceived_space,2025-09-11
1867,PG8403_raw.txt,2741,"He stepped back with a gesture of defeat but his feet gripped at the floor like a boxer's and his eyes fixed burningly on the point of Ted's jaw.
",action_space,2025-09-11
1868,PG39577_raw.txt,1153,"“No one is going to harm me.”
",action_space,2025-09-11
1869,PG1652_raw.txt,594,"the waves appeared to us mountains high, and dashed the spray most violently across the deck.
",perceived_space,2025-09-11
1870,PG3006_raw.txt,902,"The floor shook to the stamp-and-go of the ballet, while Aladdin, in pink cotton tights, a blue and tinsel jacket, and a plumed hat, banged alternately on the piano and his banjo.
",perceived_space,2025-09-11
1871,PG26523_raw.txt,742,"But suddenly, as we sat there in the sweet green twilight, the thought pierced me like a pang that after all you are more nearly related to the life of the forest than I am.
",perceived_space,2025-09-11
1872,PG7964_raw.txt,2200,"Right away to the horizon stretched the broad expanse of mud and of water, mingled and mixed together in the wildest chaos, like a portion of some world in the process of formation.
",perceived_space,2025-09-11
1873,PG45474_raw.txt,2580,"No trails were immediately found.
",action_space,2025-09-11
1874,PG36744_raw.txt,2044,"With such a welcome Peggy felt at home at once, and followed the overseer’s wife obediently up the broad stairway to one of the chambers above.
",action_space,2025-09-11
1875,PG28387_raw.txt,1061,"""I may tell you,"" I said in as cool a tone as I could assume, ""that I am going straight on deck to the captain to retail this conversation.
",action_space,2025-09-11
1876,PG32437_raw.txt,2457,"Bob stepped close to the wall, moved back three or four feet, then slowly swung the maul in a circle and let drive with all the force at his command against the side of the wall.
",action_space,2025-09-11
1877,PG34035_raw.txt,1710,"The music rose above the hubbub of voices and died away again.
",perceived_space,2025-09-11
1878,PG6100_raw.txt,682,"It was five days later that Della Wetherby received the letter from her sister, and very eagerly she tore it open.
",action_space,2025-09-11
1879,PG7853_raw.txt,5172,"So saying, and shrugging up his shoulders, the old Lord left the apartment, followed by Ludovic Lesly, who, forming his looks on those of his principal, endeavoured, though knowing nothing of the cause of his wonder, to look as mysterious and important as Crawford himself.
",action_space,2025-09-11
1880,PG30852_raw.txt,2382,"Now she came forward and sat herself down just in front of the Blue Rabbit, her many-hued draperies giving her the appearance of some beautiful flower.
",action_space,2025-09-11
1881,PG30759_raw.txt,2367,"Then all of a sudden one night I woke up and heard voices, and I knew that the boys were back from the camp to which they had been sent.
",perceived_space,2025-09-11
1882,PG42816_raw.txt,606,"I was especially impressed with the magnificence of the trees that hedged every little patch of farm land, and threw their protecting arms around houses and cottages, big and little; and with the many pellucid streams flowing naturally, or divided like strands of silk and guided in new courses, to lave the roots of trees or run through pasture lands where herds were feeding.
",perceived_space,2025-09-11
1883,PG47023_raw.txt,67,"“Here’s another—my last,” cried Pepper, and threw the apple to his chum.
",action_space,2025-09-11
1884,PG2182_raw.txt,1406,"Then, no doubt, the bright day, the gay spectacle of the market place, and the sympathetic exhilaration of so many people’s cheerfulness, had each their suitable effect on a temper naturally prone to be glad.
",perceived_space,2025-09-11
1885,PG31259_raw.txt,4121,"The boats raced back to the ship and the survivors were handed up to the _Miami_ where the surgeon immediately took charge.
",action_space,2025-09-11
1886,PG26631_raw.txt,1672,"He rose and paced the room for a few turns.
",action_space,2025-09-11
1887,PG49125_raw.txt,927,"It was such a crowded scene, and there were so many objects to attract attention, that, at first, Nicholas stared about him, really without seeing anything at all.
",perceived_space,2025-09-11
1888,PG39570_raw.txt,3331,"After three unsuccessful attempts to get the ball away from her opponent, Grace Hampton lost her nerve and started to cry.
",action_space,2025-09-11
1889,PG11144_raw.txt,1461,"It was not until after luncheon the next day when he made his first appearance on deck that I again saw my patient.
",action_space,2025-09-11
1890,PG20184_raw.txt,591,"A childish voice at the door broke their reverie.
",perceived_space,2025-09-11
1891,PG638_raw.txt,7421,"She had turned the corner of the house, coming out into the full sunshine, and the light seemed to leap upon her in a stream brilliant, tender, and caressing, as if attracted by the radiant happiness of her face.
",perceived_space,2025-09-11
1892,PG41107_raw.txt,2110,"The professor had retired to his study with a cup of cocoa hotter than he had known this cheering vegetable to be since Cicely's departure.
",action_space,2025-09-11
1893,PG6688_raw.txt,8308,"He threw himself into the chair again.
",action_space,2025-09-11
1894,PG53975_raw.txt,335,"It happened that Annie Laurie and Sam were near together as the people came out of church, and while the rest stood talking in the bright winter sunshine, they talked, too.
",perceived_space,2025-09-11
1895,PG14039_raw.txt,3991,"Leighton picked up a cigarette, lighted it, and sat down.
",action_space,2025-09-11
1896,PG54538_raw.txt,1833,"A sound of quick footsteps in the lane, and the stranger was back again, but without Mr. Wycherly.
",perceived_space,2025-09-11
1897,PG32325_raw.txt,1807,"So we went a-quaking and shaking down the stabboard side, and slow work it was, too—seemed a week before we got to the stern.
",action_space,2025-09-11
1898,PG15746_raw.txt,929,"This caused the light to be extinguished and one leaf of the shutter to be cautiously opened, while Le Moyne asked, in a nervous voice,
",perceived_space,2025-09-11
1899,PG15746_raw.txt,936,"When he had got him safely inside he embraced the lad fervently, and kissed him on both cheeks.
",action_space,2025-09-11
1900,PG15746_raw.txt,950,"""He tarries not, uncle!"" exclaimed a glad voice at the door, and in another moment uncle and nephew were locked in a close embrace, while sympathetic tears of joy stood in the eyes of the good Le Moyne.
",action_space,2025-09-11
1901,PG15746_raw.txt,978,"At the gate they found Has-se, Yah-chi-la-ne, and the others awaiting them, according to agreement, and Simon and his soldiers rejoiced greatly when they saw the twelve canoe-loads of corn;
",action_space,2025-09-11
1902,PG15746_raw.txt,1006,"The newly built vessel, which was at best a poor affair in which to undertake so tremendous a journey, was launched, and so speedily equipped, that within two weeks from the time of Rene's return she was pronounced ready for sea, and the business of getting her stores on board was begun.
",descriptive_space,2025-09-11
1903,PG15746_raw.txt,1008,"Soon after daylight, one fine morning early in the new year, the garrison marched on board the vessel.
",action_space,2025-09-11
1904,PG15746_raw.txt,1010,"Then the sails were spread to a gentle breeze, and the little company, who had only a few months before built the fort with such brave hearts and high hopes, sailed away from it, leaving it to its fate, though with the broad banner of France still floating above its walls.
",perceived_space,2025-09-11
1905,PG15746_raw.txt,1013,"That day they sailed to the mouth of the river, but found so great a sea rolling in over its bar that they dared not attempt a passage through it, and were therefore forced to drop anchor while still within shelter of the land, and await its abatement.
",perceived_space,2025-09-11
1906,PG15746_raw.txt,1016,"As the fugitives from Fort Caroline lay inside the mouth of the River of May, awaiting the calming of the great seas that broke in columns and hills of foam on its bar, and for a favorable wind with which to put out to sea, they attempted to strengthen their crazy vessel and render her more seaworthy.
",perceived_space,2025-09-11
1907,PG15746_raw.txt,1017,"Already her seams, calked with moss and pitch, had opened in so many places that she leaked badly, and only constant labor at the pumps kept her afloat.
",perceived_space,2025-09-11
1908,PG15746_raw.txt,1022,"The great waves subsided, the wind blew from the right quarter, and spreading all their sorry showing of canvas, the little band of white men carried their vessel over the bar, and putting boldly out to sea, bade farewell, as they thought forever, to the shores on which they had suffered so greatly.
",perceived_space,2025-09-11
1909,PG15746_raw.txt,1023,"But other things were in store for them, and their voyage was soon brought to an end; for, as they were fast losing sight of the land, and it showed only as a low-lying cloud in the west, the ship suddenly rang with the thrilling cry of ""Sail, ho!""
",perceived_space,2025-09-11
1910,PG15746_raw.txt,1024,"All eyes were eagerly turned to the white speck seen far away to the southward, and its probable character and nationality were anxiously discussed.
",perceived_space,2025-09-11
1911,PG15746_raw.txt,1027,"As they watched the sail with straining eyes it was joined by another and another, until they beheld a goodly fleet bearing down upon them.
",perceived_space,2025-09-11
1912,PG15746_raw.txt,1028,"Only constant labor at the pumps kept their own wretched craft from sinking, as she crept on at a snail's pace compared with the rapid advance of the on-coming fleet, and those on board of her knew that in any case flight was impossible.
",action_space,2025-09-11
1913,PG15746_raw.txt,1045,"Thus it happened that the sunset of that eventful day found them in the very same place from which they had so willingly departed that morning, and had never expected to see again.
",perceived_space,2025-09-11
1914,PG15746_raw.txt,1057,"At length it came, and as the sun rose, its earliest beams fell upon seven tall ships riding easily at anchor outside the bar.
",perceived_space,2025-09-11
1915,PG15746_raw.txt,1084,"Soon after Ribault's coming the Spanish fleet arrived on the coast, and sailing northward they discovered the French ships, late one afternoon, lying at anchor off the mouth of the River of May.
",action_space,2025-09-11
1916,PG15746_raw.txt,1085,"At midnight they too came to anchor within hailing distance of the French fleet, and a trumpet was sounded from the deck of the _San Palayo_, the Spanish flag-ship.
",perceived_space,2025-09-11
1917,PG15746_raw.txt,1101,"For the rest of the night the Spaniards chased them, but Ribault's superior seamanship soon placed him at a safe distance from the pursuers, who at daylight gave over the chase and turned back towards the River of May, intending to make an attack upon Fort Caroline.
",action_space,2025-09-11
1918,PG28528_raw.txt,2381,"In a soft, musical voice, he said: ""Glad to see you, Stella; walk in,"" giving her his hand, and Stella was shown in to the library.
",action_space,2025-09-11
1919,PG27537_raw.txt,5154,"First of all, they knocked down the trees of Liberty, then they restricted the right to vote, shut up the clubs, re-established the censorship and surrendered to the priests the power of teaching, so that we might look out for the Inquisition.
",action_space,2025-09-11
1920,PG18461_raw.txt,3049,"Again Russ had broken up pasteboard boxes, and he had pen and ink.
",action_space,2025-09-11
1921,PG18461_raw.txt,3087,"Its long, quavering note echoed through the woods and made the boy and girl stand again and shiver.
",perceived_space,2025-09-11
1922,PG18461_raw.txt,3114,"As they did not hear the noise again for a little while, both of them plucked up courage, and they went on to the burned cabin.
",action_space,2025-09-11
1923,PG18461_raw.txt,3115,"The sticks they had set up were still standing.
",descriptive_space,2025-09-11
1924,PG18461_raw.txt,3117,"There was light enough from the stars for the two children to see quite plainly what they were about.
",perceived_space,2025-09-11
1925,PG18461_raw.txt,3129,"The screech--and it did sound like a woman's voice, the voice of a woman in fearful pain or fright--seemed very near them.
",perceived_space,2025-09-11
1926,PG18461_raw.txt,3157,"Russ picked up a good sized stick and started toward the woods.
",action_space,2025-09-11
1927,PG18461_raw.txt,3161,"It was several minutes after, and Russ and Rose were quite a distance into the woods and following what seemed to be a half-grown-over path, before the ""woman"" screamed again.
",perceived_space,2025-09-11
1928,PG18461_raw.txt,3175,"They walked along the path hand in hand, and although they did not speak much for the next few moments, when they did speak it was quite cheerfully.
",action_space,2025-09-11
1929,PG18461_raw.txt,3193,"They both knew that they had missed the way, for in this clearing stood a little cabin with a pitched roof that neither of the Bunker children had ever seen before.
",visual_space,2025-09-11
1930,PG18461_raw.txt,3194,"Nor was the wide brook in sight.
",visual_space,2025-09-11
1931,PG18461_raw.txt,3199,"""Don't you leave me, Russ Bunker!"" cried Rose, as her brother started away.
",visual_space,2025-09-11
1932,PG18461_raw.txt,3208,"In a moment the two children had dashed into the cabin and pulled to the swinging door.
",action_space,2025-09-11
1933,PG18461_raw.txt,3209,"The door had a lock on the outside, and when Russ banged the door shut he heard the lock snap.
",perceived_space,2025-09-11
1934,PG18461_raw.txt,3212,"""But--but I don't like this old house, Russ Bunker,"" complained Rose.
",perceived_space,2025-09-11
1935,PG18461_raw.txt,3213,"""There is no window.""
",descriptive_space,2025-09-11
1936,PG18461_raw.txt,3216,"Then the screech sounded again and the boy and girl clung together while the sound echoed through the lonesome timber.
",perceived_space,2025-09-11
1937,PG28590_raw.txt,4393,"As she entered the drawing-room she came from out of doors, a slender, unfleshly figure, all intellect and idea.
",action_space,2025-09-11
1938,PG31752_raw.txt,1205,"Saying this, the daughter of the brenn motioned to her relatives to enter the chamber, and in the midst of the silent astonishment of all she gave a souvenir to each.
",action_space,2025-09-11
1939,PG31752_raw.txt,1207,"In order to make her gifts reach around, she loosened the sea-shell necklace and split up the dry twigs, saying in her sweet voice to each:
",action_space,2025-09-11
1940,PG31752_raw.txt,1225,"""Stumpy,"" said she, ""I shall now let you know who is to be the third sacrifice of this evening;"" and taking the hands of Joel and Margarid she gently led them back into the large hall, whither all the others followed.
",action_space,2025-09-11
1941,PG31752_raw.txt,1263,"The call for assembling that was issued to the tribes at noon, had run from mouth to mouth, from village to village, from town to town.
",perceived_space,2025-09-11
1942,PG31752_raw.txt,1264,"It was heard all over Breton Gaul.
",perceived_space,2025-09-11
1943,PG31752_raw.txt,1265,"Towards evening the tribes proceeded en masse--men, women and children--to the forest of Karnak, the same as Joel and his family.
",action_space,2025-09-11
1944,PG31752_raw.txt,1266,"The moon, at her fullest on that night, shone radiant amid the stars in the firmament.
",perceived_space,2025-09-11
1945,PG31752_raw.txt,1267,"After having marched through the dark and the lighted spots of the forest, the assembling multitude finally arrived at the shores of the sea.
",action_space,2025-09-11
1946,PG31752_raw.txt,1268,"The sacred stones of Karnak rose there in nine long avenues.
",perceived_space,2025-09-11
1947,PG31752_raw.txt,1269,"They are sacred stones!
",perceived_space,2025-09-11
1948,PG31752_raw.txt,1272,"At the extremity of the avenue, the three stones of the sacrificial altar were ranged in a semi-circle, close to the shore.
",descriptive_space,2025-09-11
1949,PG31752_raw.txt,1273,"Behind the mass of people rose the deep and brooding forest, before them extended the boundless sea, above them spread the starry firmament.
",perceived_space,2025-09-11
1950,PG31752_raw.txt,1277,"At the feet of the sacrificial stones rose three pyres.
",descriptive_space,2025-09-11
1951,PG31752_raw.txt,1279,"it was also ornamented with ash, oak and birch-tree branches, arranged in mystical order.
",descriptive_space,2025-09-11
1952,PG31752_raw.txt,1280,"The pyre to the right was somewhat less high, but was also ornamented with green branches besides sheafs of wheat.
",descriptive_space,2025-09-11
1953,PG31752_raw.txt,1282,"It was almost hidden under green and fruit-bearing boughs.
",descriptive_space,2025-09-11
1954,PG31752_raw.txt,1283,"The left pyre was surmounted with a hollow bunch of twisted osiers bearing the resemblance of a human body of gigantic stature.
",descriptive_space,2025-09-11
1955,PG31752_raw.txt,1284,"The sound of cymbals and harps was presently heard from the distance.
",perceived_space,2025-09-11
1956,PG31752_raw.txt,1437,"A high wind sat in from the sea and dispersed the atoms.
",perceived_space,2025-09-11
1957,PG31752_raw.txt,1439,"The cymbals and harps resounded anew, and the chief of the bards struck up the chant:
",perceived_space,2025-09-11
1958,PG31752_raw.txt,1463,"But from all parts of the woods, from the bottoms of the valleys, from the tops of the hills where the signal fires were burning, a thousand voices echoed and re-echoed the chant of the bards:
",perceived_space,2025-09-11
1959,PG545_raw.txt,56,"We passed through the doors into the outer jacket, secured them, and then passing on into the cabin, which contained the controlling mechanism within the inner tube, switched on the electric lights.
",action_space,2025-09-11
1960,PG545_raw.txt,57,"Perry looked to his generator;
",visual_space,2025-09-11
1961,PG545_raw.txt,58,"to the great tanks that held the life-giving chemicals with which he was to manufacture fresh air to replace that which we consumed in breathing;
",visual_space,2025-09-11
1962,PG545_raw.txt,59,"to his instruments for recording temperatures, speed, distance, and for examining the materials through which we were to pass.
",visual_space,2025-09-11
1963,PG545_raw.txt,61,"Our seats, into which we strapped ourselves, were so arranged upon transverse bars that we would be upright whether the craft were ploughing her way downward into the bowels of the earth, or running horizontally along some great seam of coal, or rising vertically toward the surface again.
",action_space,2025-09-11
1964,PG545_raw.txt,65,"There was a frightful roaring beneath us--the giant frame trembled and vibrated--there was a rush of sound as the loose earth passed up through the hollow space between the inner and outer jackets to be deposited in our wake.
",perceived_space,2025-09-11
1965,PG545_raw.txt,69,"For a full minute neither of us could do aught but cling with the proverbial desperation of the drowning man to the handrails of our swinging seats.
",perceived_space,2025-09-11
1966,PG545_raw.txt,75,"As I finally found the tiny needle in the dim light I translated Perry's evident excitement, and my heart sank within me.
",perceived_space,2025-09-11
1967,PG545_raw.txt,84,"And so it was with the utmost confidence that I laid hold of the huge iron rim; but though I threw every ounce of my strength into it, my best effort was as unavailing as Perry's had been--the thing would not budge--the grim, insensate, horrible thing that was holding us upon the straight road to death!
",perceived_space,2025-09-11
1968,PG545_raw.txt,108,"While we were talking the mighty iron mole had bored its way over a mile into the rock of the earth's crust.
",perceived_space,2025-09-11
1969,PG545_raw.txt,141,"It was now but 140 degrees, although we had penetrated to a depth of nearly four miles.
",perceived_space,2025-09-11
1970,PG545_raw.txt,181,"During the next three hours we passed through ten miles of ice, eventually emerging into another series of ammonia-impregnated strata, where the mercury again fell to ten degrees below zero.
",perceived_space,2025-09-11
1971,PG545_raw.txt,182,"Slowly it rose once more until we were convinced that at last we were nearing the molten interior of the earth.
",perceived_space,2025-09-11
1972,PG29453_raw.txt,2600,"As Bobbie paused before one of the big display windows on the sidewalk he caught a glimpse of a familiar figure.
",visual_space,2025-09-11
1973,PG29453_raw.txt,2608,"The passing throng swept in two eddying, opposite currents between him and Baxter, whose attention seemed strictly upon the window.
",perceived_space,2025-09-11
1974,PG29453_raw.txt,2609,"""Well, there's his refined companion,"" was Burke's next impression, as he espied the effeminate figure of Craig, strolling along the sidewalk close to the same window.
",visual_space,2025-09-11
1975,PG39145_raw.txt,2053,"The Illustrissima, who had heard the noise, opened the drawing-room door.
",perceived_space,2025-09-11
1976,PG39145_raw.txt,2059,"Tighter and tighter she grasped the little dead bird in her white, ringed hands, and louder and louder she told her tired heart that youth was living and singing still.
",perceived_space,2025-09-11
1977,PG39145_raw.txt,2062,"If the thought of Nancy knocked with light fingers at Nino's heart, he never opened the door.
",perceived_space,2025-09-11
1978,PG39145_raw.txt,2067,"You shall have a large room at the top of the house, with a huge table and an inkstand large enough to drown in, and before you the view that inspired Manzoni.
",no_space,2025-09-11
1979,PG39145_raw.txt,2083,"She had brought her notebooks with her and a broken ivory pen that she always wrote with;
",action_space,2025-09-11
1980,PG39145_raw.txt,2086,"Driving up from the landing-place to the Villa Solitudine she told her plans to Clarissa, who nodded and smiled as she whipped up the fat cob.
",action_space,2025-09-11
1981,PG39145_raw.txt,2115,"On the sweet blue lake a tiny sail, like a pocket handkerchief, dipped and curtseyed away, and through the open windows of the drawing-room Aldo could be heard playing a Valse Triste.
",perceived_space,2025-09-11
1982,PG39145_raw.txt,2116,"Nancy dipped the pen into the inkstand again--and looked at the view.
",visual_space,2025-09-11
1983,PG39145_raw.txt,2117,"Now she heard the music wander off in modulating chords which resolved themselves into the rippling accompaniment of Hugo Wolff's ""Musikant.""
",perceived_space,2025-09-11
1984,PG39145_raw.txt,2120,"She closed the window and sat down again.
",action_space,2025-09-11
1985,PG39145_raw.txt,2135,"Nancy stood outside its gates and dreamed of its unseen roses, of fountains and shadowy paths and water-lilied lakes.
",perceived_space,2025-09-11
1986,PG39145_raw.txt,2196,"He stopped at the entrance of the summer-house, where Nancy sat reading a letter--a long letter.
",action_space,2025-09-11
1987,PG39145_raw.txt,2198,"Before her on the table was the inkstand and the ivory pen and The Book.
",visual_space,2025-09-11
1988,PG39145_raw.txt,2199,"As his shadow passed the threshold she looked up; she drew a quick breath, and her face turned milky white, with a pallor that gripped at Aldo's nerves.
",perceived_space,2025-09-11
1989,PG39145_raw.txt,2256,"Up this road she had walked in her blue dress and scarlet tie with Tom beside her--Tom, broad and careless in his slouchy brown suit, who had given the beggars all his coppers and silver, just as Tom's daughter was doing to-day.
",action_space,2025-09-11
1990,PG39145_raw.txt,2259,"Then, as her memory took her to England, she saw someone else.
",no_space,2025-09-11
1991,PG39145_raw.txt,2293,"His luggage was packed and the brougham was waiting for him at the door, and still he declared he would not go.
",action_space,2025-09-11
1992,PG39145_raw.txt,2305,"She stood on the balcony and watched the carriage drive away into the night;
",visual_space,2025-09-11
1993,PG39145_raw.txt,2353,"After the wedding-breakfast all the guests left, passing to their carriages down the red carpet that stretched from the door to the edge of the pavement.
",action_space,2025-09-11
1994,PG39145_raw.txt,2357,"Carlo and Clarissa, Aunt Carlotta and Adele followed to the station, where there were great crowds waiting to see them off.
",action_space,2025-09-11
1995,PG39145_raw.txt,2389,"As the train glided out of the station, and shook and ran, and the cheers and the waving handkerchiefs were left behind, Nancy raised her eyes, tender and tear-lit, to Aldo's face.
",perceived_space,2025-09-11
1996,PG39145_raw.txt,2400,"At Aldo's suggestion they took rooms in a small hotel in Rue Lafayette, for, as he said, they were not millionaires, and one could use one's money better than in spending it at grand hotels.
",action_space,2025-09-11
1997,PG16491_raw.txt,1822,"Suddenly he heard a trumpet signal, and then followed that moment of silence when every tongue and foot and wheel stopped, quickly, and all stood listening for the awful name spoken but once a year.
",perceived_space,2025-09-11
1998,PG16491_raw.txt,1823,"Presently the shout of the high priest rang like a trumpet-peal above the roofs of the city.
",perceived_space,2025-09-11
1999,PG16491_raw.txt,1824,"Then Jerusalem was all begirt and overflooded with song.
",perceived_space,2025-09-11
2000,PG16491_raw.txt,1831,"Without more ceremony Vergilius walked behind him through narrow streets, wholly unfamiliar, and presently descending a stairway, came into a dark passage.
",perceived_space,2025-09-11
2001,PG16491_raw.txt,1832,"They halted, after a few paces, whereupon a loud rap startled the new-comer.
",perceived_space,2025-09-11
2002,PG16491_raw.txt,1833,"Soon he could hear a door open.
",perceived_space,2025-09-11
2003,PG16491_raw.txt,1834,"The stranger, taking his hand, led him into some dark place.
",perceived_space,2025-09-11
2004,PG16491_raw.txt,1835,"It was all very strange, and like tales long familiar, relating to the city of mysteries.
",perceived_space,2025-09-11
2005,PG16491_raw.txt,1841,"Vergilius answered yes, and one of the council then took his hand and administered the oath of secrecy, and led him to what seemed to be a large divan, where he sat, shoulder to shoulder, between other members of the council.
",action_space,2025-09-11
2006,PG16491_raw.txt,1865,"The two climbed a long flight of stairs and made hastily across a broad roof.
",action_space,2025-09-11
2007,PG16491_raw.txt,1866,"At a railed opening they came to other stairs, and, descending, entered a passage, dark as had been the chamber.
",perceived_space,2025-09-11
2008,PG16491_raw.txt,1868,"Then a door swung and again he was on the pavements of Jerusalem, and, far away, could see the lights of Temple Hill.
",visual_space,2025-09-11
2009,PG16491_raw.txt,1882,"So cunningly was their room devised that half the exits led to one thoroughfare and half to another; and so many were they, it was said, no more than two councillors came or went by the same door.
",perceived_space,2025-09-11
2010,PG34296_raw.txt,2716,"The door was unlocked, the key having been long since lost.
",action_space,2025-09-11
2011,PG34296_raw.txt,2717,"A single electric bulb swinging over the dresser was alight.
",perceived_space,2025-09-11
2012,PG34296_raw.txt,2718,"Under the bulb lay a sealed and soiled envelope.
",descriptive_space,2025-09-11
2013,PG34296_raw.txt,2738,"He laid the note on the dresser and, bending under the electric light, studied it.
",action_space,2025-09-11
2014,PG34296_raw.txt,2749,"In fact, he sat on the side of his bed wondering about a dozen things until midnight, and then went to bed undecided what to do now that he had Quinn's address in his possession.
",action_space,2025-09-11
2015,PG34296_raw.txt,2752,"In this undecided state of mind, Ross strolled into the lobby the following morning, considering how he could best kill time until the stage started for Meeteetse that evening.
",action_space,2025-09-11
2016,PG34296_raw.txt,2753,"As he was standing in front of a window, his hands deep in his pockets, the sheriff and Sandy rode past, followed by Waymart.
",action_space,2025-09-11
2017,PG34296_raw.txt,2762,"Between the acts of composing, tearing up, and rewriting the composition, he searched Cody for Lon Weston, but could not find him.
",action_space,2025-09-11
2018,PG34296_raw.txt,2763,"When, that evening, he climbed into the stage behind Andy, he had sent the letter to Leslie's father and had not caught a glimpse of Weston.
",action_space,2025-09-11
2019,PG34296_raw.txt,2791,"Early the following morning, he started for Meadow Creek, and at the upper camp learned something for which he was unprepared and which was a source of temporary satisfaction to him.
",action_space,2025-09-11
2020,PG34296_raw.txt,2794,"Finally, just before noon, he saw them on snow-shoes striking out up Wood River canon into the uninhabited wilderness beyond.
",visual_space,2025-09-11
2021,PG34296_raw.txt,2795,"Then he slowly mounted the dizzy trail leading to Weimer's shack and the interrupted work.
",action_space,2025-09-11
2022,PG34296_raw.txt,2797,"Ross thought as he watched the figures toiling up Wood River canon.
",visual_space,2025-09-11
2023,PG34296_raw.txt,2812,"Ross, standing on the dump beside the dynamite box, a hammer in one hand, read the letter.
",descriptive_space,2025-09-11
2024,PG34296_raw.txt,2844,"Sandy composedly filled his pipe and lighted it.
",action_space,2025-09-11
2025,PG34296_raw.txt,2855,"""'It would be cruelty to little children' to tell you!"" he quoted boldly and opened the door.
",action_space,2025-09-11
2026,PG34296_raw.txt,2858,"But Sandy, kicking him under the table, guffawed.
",action_space,2025-09-11
2027,PG34296_raw.txt,2866,"As the days passed, and more snow fell, the brothers began to get decidedly uneasy.
",perceived_space,2025-09-11
2028,PG34296_raw.txt,2874,"For a moment there was silence in Weimer's cabin.
",perceived_space,2025-09-11
2029,PG34296_raw.txt,2875,"The wind moaned and wailed among the hemlocks, and whistled savagely past the cabin.
",perceived_space,2025-09-11
2030,PG34296_raw.txt,2877,"Above them came the cry of the coyotes, like a child's long-drawn scream of pain and fear.
",perceived_space,2025-09-11
2031,PG34296_raw.txt,2878,"The terror of loneliness among those overhanging mountains gripped at the boy's throat.
",perceived_space,2025-09-11
2032,PG34296_raw.txt,2889,"Tied to both front and rear of the sled were ropes, two in front, one behind.
",descriptive_space,2025-09-11
2033,PG34296_raw.txt,2902,"He scarcely glanced at the sled, but turned away scowling up toward the tunnel where, as he had informed himself, Ross and Weimer were doing an amazingly good piece of work.
",action_space,2025-09-11
2034,PG34296_raw.txt,2903,"As they started back toward their own shack, Ross heard Waymart say angrily to Sandy, ""Are you goin' to take the use of that sled?""
",action_space,2025-09-11
2035,PG34296_raw.txt,2907,"Just before supper, the door of Weimer's shack unceremoniously opened, and Waymart's arm was thrust in.
",perceived_space,2025-09-11
2036,PG34296_raw.txt,2921,"The new sled made its first journey down into Miners' Camp one Sunday in December two weeks after Ross had ridden down with the sheriff.
",action_space,2025-09-11
2037,PG34296_raw.txt,2923,"Waymart led because he was the heaviest, and there was a deep fall of snow to contend against except around the shoulder, where, fortunately, the wind had swept the mountain clean.
",perceived_space,2025-09-11
2038,PG34296_raw.txt,2924,"As the trail broadened beyond, Waymart paused to survey the low-hanging clouds.
",visual_space,2025-09-11
2039,PG34296_raw.txt,2925,"Ross, in the rear, stopped and studied the mountains which Nature had in ages past taken in her gigantic hands and flung into the canon between Dundee and Crosby, compelling Wood River to crawl and worm and wind and cut its way deep and narrow down into Miners' Camp.
",perceived_space,2025-09-11
2040,PG34296_raw.txt,2929,"Sandy rested one foot on the edge of the sled.
",action_space,2025-09-11
2041,PG34296_raw.txt,2932,"From the tunnel of the Mountain Company almost opposite them came a succession of blasts which stirred the echoes between Dundee and Crosby.
",perceived_space,2025-09-11
2042,PG34296_raw.txt,2935,"But Ross's gaze was seeking to penetrate further toward the source of Wood River.
",perceived_space,2025-09-11
2043,PG34296_raw.txt,2952,"At the upper camp Ross left the brothers to purchase their supplies while he visited the post-office and Steele.
",action_space,2025-09-11
2044,PG34296_raw.txt,3037,"Opening the cabin door he was met by a white gust of steam mingled with savory smoke.
",perceived_space,2025-09-11
2045,PG34296_raw.txt,3038,"He propped the door open, and brought in an armful of wood.
",action_space,2025-09-11
2046,PG34296_raw.txt,3039,"Weimer, in his shirt-sleeves, was bending his head over a little stove, which offered barely room for a small kettle and a skillet with a coffee-pot sandwiched in between.
",perceived_space,2025-09-11
2047,PG34296_raw.txt,3040,"A sheet-iron oven stood on the floor, the top answering for a sideboard.
",descriptive_space,2025-09-11
2048,PG34296_raw.txt,3042,"Ross threw his wood down on the hard dirt floor, and put a stick into the stove by way of the wide front door.
",action_space,2025-09-11
2049,PG34296_raw.txt,3043,"The pine instantly blazed up, showing a wide crack which zigzagged across the side of the old stove.
",perceived_space,2025-09-11
2050,PG34296_raw.txt,3044,"""Uncle Jake,""--Ross sat back on one heel, and looked up at his partner whose blinking eyes were in the gloom of the cabin unprotected now by goggles,--""Uncle Jake, a stranger has just come into Meadow Creek City on the Limited.""
",perceived_space,2025-09-11
2051,PG34296_raw.txt,3053,"Weimer dumped ham and onions into an agateware basin, and set it on the table.
",action_space,2025-09-11
2052,PG37175_raw.txt,2506,"The inventory of the goods was taken the next morning, and hiring a boat the stuff was transported to Algiers, where the _Sea Eagle_ had been looked after over night by a couple of darkies.
",action_space,2025-09-12
2053,PG37175_raw.txt,2507,"As they crossed the river in a hired boat they noticed how swiftly the current ran and how discolored it was.
",perceived_space,2025-09-12
2054,PG37175_raw.txt,2513,"The shed which had sheltered the _Sea Eagle_ overnight was close to the water’s edge so that the goods were soon transported on board.
",action_space,2025-09-12
2055,PG37175_raw.txt,2518,"As they flew along the river, but far above it, they could see human beings, busy as ants, working along the levees, strengthening them against the dreaded floods which already had devastated whole sections of country in Ohio and farther up the mighty stream.
",perceived_space,2025-09-12
2056,PG37175_raw.txt,2520,"From above, it looked like a lace work of water overlying a piece of dark green plush.
",perceived_space,2025-09-12
2057,PG37175_raw.txt,2521,"But the map showed a landmark for Black Bayou.
",visual_space,2025-09-12
2059,PG37175_raw.txt,2540,"Hardly had he spoken when a canoe shot round a bend in a small bayou just ahead of them, and a wild-looking man, who had been paddling it, checked his frail craft.
",action_space,2025-09-12
2059,PG37175_raw.txt,2540,"Hardly had he spoken when a canoe shot round a bend in a small bayou just ahead of them, and a wild-looking man, who had been paddling it, checked his frail craft.
",action_space,2025-09-12
2060,PG37175_raw.txt,2567,"Suddenly something that lay at the foot of a tree caught Ben’s sharp eyes.
",perceived_space,2025-09-12
2061,PG37175_raw.txt,2582,"The earth was trampled in the vicinity, and showed plainly that the miscreants who had stolen the treasure had carried on their operations from that point of the bank.
",perceived_space,2025-09-12
2062,PG37175_raw.txt,2656,"Duval reached into his pocket and drew out a canvas bag.
",action_space,2025-09-12
2063,PG37175_raw.txt,2671,"The three worthies disappeared below after Duval had carefully replaced the black pearls in their bag.
",action_space,2025-09-12
2064,PG37175_raw.txt,2672,"It was some hours later when they came up again and the ship was passing the Port Ead’s light.
",action_space,2025-09-12
2065,PG37175_raw.txt,2685,"By a flash of guilty intuition he had guessed what that something was, even if the next minute a shout had not split the air.
",perceived_space,2025-09-12
2066,PG37175_raw.txt,2715,"The captain looked as if he didn’t understand how this was going to be done, but gave orders to stop the ship, drop anchor and lower the gangway.
",action_space,2025-09-12
2067,PG37175_raw.txt,2716,"This was done, and the _Sea Eagle_ dropped to the water alongside with perfect precision.
",action_space,2025-09-12
2068,PG37175_raw.txt,2725,"As they reached the top of the gangway Captain Stow and his officers advanced to meet them.
",action_space,2025-09-12
2069,PG37175_raw.txt,2729,"The captain himself led the way below, and conducted them down a corridor to the stern of the ship.
",action_space,2025-09-12
2070,PG37175_raw.txt,2730,"As they reached the end of the passage a door was thrust suddenly open and a bullet whizzed past Frank’s head.
",perceived_space,2025-09-12
2071,PG33399_raw.txt,1947,"When President Vennor returned to his stateroom in the private car after the choleric little incident on the platform, he found his secretary waiting with open note-book and a sheaf of well-sharpened pencils.
",action_space,2025-09-12
2072,PG33399_raw.txt,1973,"In the telegraph office the operator was still having trouble with the querulous gentleman, but the President went to the desk to write his message, shutting his ears to the shrill voice of the gadfly.
",action_space,2025-09-12
2073,PG37021_raw.txt,722,"“I was thinking of taking a dip myself,” he said as he climbed out and took the painter, “but I don’t know about going into the same ocean as you chaps.”
",action_space,2025-09-12
2074,PG37021_raw.txt,751,"With Dan on one side and Nelson on the other, and Tom screaming encouragement from the water, Bob was hustled, struggling, to the side and ignominiously pushed over.
",action_space,2025-09-12
2075,PG37021_raw.txt,753,"Then the waters closed over him.
",perceived_space,2025-09-12
2076,PG37021_raw.txt,758,"They had a jolly time there in the water until the sun, settling down above the wooded hills in the west, warned them that it was time to think of dinner.
",perceived_space,2025-09-12
2077,PG37021_raw.txt,759,"They got out of their dripping suits in the engine room and dressed again in their shore togs.
",action_space,2025-09-12
2078,PG37021_raw.txt,760,"Afterwards they hung their bathing suits over the awning frame and pulled the tender alongside.
",action_space,2025-09-12
2079,PG37021_raw.txt,761,"At that moment the clock struck four bells.
",perceived_space,2025-09-12
2080,PG37021_raw.txt,766,"From the hotel came a loud booming of a gong or bell.
",perceived_space,2025-09-12
2081,PG37021_raw.txt,770,"Then they piled into the tender and went ashore, to be ushered, four very sedate and well-behaved young gentlemen, into the dining room.
",action_space,2025-09-12
2082,PG37021_raw.txt,771,"It was all of an hour later when Tom was finally separated from the table and led protestingly back to the porch.
",action_space,2025-09-12
2083,PG37021_raw.txt,812,"Dan were awakened by the sound of some one blundering around the stateroom.
",perceived_space,2025-09-12
2084,PG37021_raw.txt,832,"the air outside, since most of the ports had been left open all night, was decidedly chill.
",perceived_space,2025-09-12
2085,PG37021_raw.txt,833,"But the sunlight and the breeze and the lapping water called loudly, and pretty soon Tom was out on the floor, scurrying around for his clothes.
",perceived_space,2025-09-12
2086,PG37021_raw.txt,835,"Washed, and dressed in the white duck trousers and jumpers with which the four had provided themselves, Tom glanced at the clock, pushed back the hatch, and opened the doors to the cockpit.
",action_space,2025-09-12
2087,PG37021_raw.txt,837,"From the houses on the Neck thin streamers of blue smoke were twisting upward from the kitchen chimneys, and from the Harborside House, where they had eaten dinner the night before, came the cheerful sound of rattling tins and the thud of cleaver on block.
",perceived_space,2025-09-12
2088,PG37021_raw.txt,840,"He sat down on the cockpit seat—which proved on close acquaintance to be soaking wet with the dew—and looked about him.
",perceived_space,2025-09-12
2089,PG37021_raw.txt,841,"The sound of oars creaking in rowlocks drew his attention, and he looked across the quiet cove.
",perceived_space,2025-09-12
2090,PG37021_raw.txt,842,"From around the point came a man in a pea-green dory, rowing with the short, jerky strokes of the fisherman.
",visual_space,2025-09-12
2091,PG37021_raw.txt,844,"Presently he stopped rowing, dropped his oars, and reached over the side of the dory.
",action_space,2025-09-12
2092,PG37021_raw.txt,847,"For what the man in the dory hauled into the boat looked for all the world like a hencoop, and Tom didn’t see why the man kept his hens under water, although he remembered having read somewhere of Mother Carey’s Chickens, which, in some way beyond his understanding, were connected with salt water.
",perceived_space,2025-09-12
2093,PG37021_raw.txt,848,"The man drew something out of the hencoop and threw it back into the cove.
",action_space,2025-09-12
2094,PG37021_raw.txt,849,"It flashed in the sunlight as it fell, and Tom wondered if it was an egg.
",perceived_space,2025-09-12
2095,PG37021_raw.txt,874,"Tom now saw that the surface end of the rope was attached to a white wooden float.
",visual_space,2025-09-12
2096,PG37021_raw.txt,877,"So Tom rowed after him a hundred yards or so and awaited with interest the appearance of the next pot.
",action_space,2025-09-12
2097,PG37021_raw.txt,878,"The prediction proved true, for when the pot came to the surface it looked to be swarming with lobsters.
",perceived_space,2025-09-12
2098,PG37021_raw.txt,879,"To Tom’s surprise, the first two or three that were taken out were tossed back into the water.
",perceived_space,2025-09-12
2099,PG37152_raw.txt,618,"How bright and glittering when all the great cressets and clusters of candles were alight!
",perceived_space,2025-09-12
2100,PG37152_raw.txt,653,"The theatre looked gray and deserted.
",perceived_space,2025-09-12
2101,PG37152_raw.txt,654,"At the back of the stage the great velvet traverses through which the actors made their exits and entrances, hung in dark folds, sombre as the folds of a pall.
",perceived_space,2025-09-12
2102,PG37152_raw.txt,655,"A chill struck to her heart, for she seemed to be the only living thing in the building, and Darby did not come.
",perceived_space,2025-09-12
2103,PG37152_raw.txt,662,"The man laughed a little as he let the curtains drop behind him.
",action_space,2025-09-12
2104,PG37152_raw.txt,728,"As the girl stepped eagerly forward to join him, Sherwood entered the box again.
",action_space,2025-09-12
2105,PG37152_raw.txt,744,"that the sky was of such a wondrous blue as he had never seen before;
",perceived_space,2025-09-12
2106,PG37152_raw.txt,745,"that across from him in the old weather-worn ferry was a maid whose face was the one thing worth looking at in all the world.
",perceived_space,2025-09-12
2107,PG37152_raw.txt,746,"When the boat bumped against the slippery landing, the player sprang ashore and gave Debora his hand that she might not miss the step.
",action_space,2025-09-12
2108,PG37152_raw.txt,748,"Together they went up and through the park where buds on tree and bush were showing creamy white through the brown, and underfoot the grass hinted of coming green.
",perceived_space,2025-09-12
2109,PG37152_raw.txt,756,"When they came to the house, which was home now out of all the others in London, she gave a sweeping glance at the high windows lest at one might be discovered the round, good-tempered, yet curious face of Dame Blossom.
",perceived_space,2025-09-12
2110,PG37152_raw.txt,763,"Quickly the man sprang up the steps and laid his hand beneath it, so that, though it fell, there should be no sound.
",action_space,2025-09-12
2111,PG37152_raw.txt,791,"Yet the girl would not now dine alone, but stood by the gabled window which looked down on the road, watching, watching, and thinking, till it almost seemed that another morning had passed.
",visual_space,2025-09-12
2112,PG18816_raw.txt,1768,"The surgeon went on deck with Christy, where he was presented in due form to Mr. Flint, though he had been introduced to him before in his former position as second lieutenant.
",action_space,2025-09-12
2113,PG18816_raw.txt,1770,"But it was foggy, as Mr. Galvinne had predicted that it would be, and the quartermaster conning the wheel said it was as ""dark as a stack of black cats.""
",perceived_space,2025-09-12
2114,PG18816_raw.txt,1771,"Nothing could be seen in any direction, and the commander decided that it was not prudent to proceed any farther.
",perceived_space,2025-09-12
2115,PG18816_raw.txt,1773,"Christy ordered the quartermaster to go ahead again, and keep the hand-line going all the time.
",action_space,2025-09-12
2116,PG18816_raw.txt,1783,"The bay is about thirty miles long; but it is as crooked as a ram's horn, and there is no town on it, though there are some scattered houses,"" added Christy.
",descriptive_space,2025-09-12
2117,PG18816_raw.txt,1794,"Then he listened for any sounds that might come to him from the direction of the shore;
",perceived_space,2025-09-12
2118,PG18816_raw.txt,1795,"but all was as still as the tomb itself.
",perceived_space,2025-09-12
2119,PG18816_raw.txt,1872,"It was still dark and foggy, and a hail came from the mast-head forward.
",perceived_space,2025-09-12
2120,PG18816_raw.txt,1893,"We have been running to the eastward since we left the blockaders' station off Pensacola Bay.
",action_space,2025-09-12
2121,PG18816_raw.txt,1897,"The body of the fog evidently lay near the water, and the lookout had probably seen the light over the top of the bank, as it could not be made out on the bridge.
",perceived_space,2025-09-12
2122,PG18816_raw.txt,1898,"Christy expressed his belief that the sun would burn the fog off soon after it rose.
",perceived_space,2025-09-12
2123,PG18816_raw.txt,1900,"For an hour longer entire silence was preserved on the deck, and the lookout made no further report.
",perceived_space,2025-09-12
2124,PG18816_raw.txt,1912,"The men in the cutter pulled very quietly, and hardly splashed the water with their oars, for they had all been trained by Christy himself to pull without noise when he was executive officer.
",action_space,2025-09-12
2125,PG18816_raw.txt,1917,"When the boat had pulled about fifteen minutes, Vincent raised his hand up into the air;
",action_space,2025-09-12
2126,PG18816_raw.txt,1922,"Vincent listened with all his ears in the dead silence which prevailed.
",perceived_space,2025-09-12
2127,PG18816_raw.txt,1932,"In another half hour the noises could be distinctly heard by the third lieutenant, and he directed the course of the cutter without the need of any more signals from the bow.
",perceived_space,2025-09-16
2128,PG18816_raw.txt,2012,"He tossed him into the bottom of the boat, five of the boat's crew being still in their seats, trailing their oars, for only seven of them had been able to get on board of the Magnolia for the want of space.
",action_space,2025-09-16
2129,PG18816_raw.txt,2034,"A bullet had struck him in the right side, and the blood was flowing freely from the wound.
",perceived_space,2025-09-16
2130,PG30448_raw.txt,1558,"Then from the broad hallway beyond came a tremendous burst of sound, and, to the strains of the famous old march of the Ninth, the regimental band swung into view, followed by Governor Abbott and Colonel Broadcastle and the former's staff.
",perceived_space,2025-09-16
2131,PG30448_raw.txt,1560,"He deliberately allowed his attention to wander, until he felt rather than actually perceived the steady tramp-tramp of the men, swinging, fours right, into column, the occasional ""hep! hep!"" of an officious file-closer, the endless succession of fours winking past him, like the palings of a gray fence seen from the window of a train, the intervals narrowed by short-step, widening again at the ""Forward--_march_!""
",perceived_space,2025-09-16
2132,PG30448_raw.txt,1576,"The sides of the room were lined with a solid rampart of white and gray and gold.
",descriptive_space,2025-09-16
2133,PG30448_raw.txt,1644,"And so, with blare of brass and sharp staccato of snare-drums, with sheen of rifles and accoutrements, with flash of slender swords, raised in salute,--above all and always, with that magnificent unanimity, that mighty pulse of the thunderous advance, the Ninth swept past its Governor and its Colonel in review.
",perceived_space,2025-09-16
2134,PG53735_raw.txt,1006,"Next morning while they were at breakfast, the doorbell rang and Auntie answered it.
",perceived_space,2025-09-16
2135,PG53735_raw.txt,1007,"A moment later a comely young woman entered the room, gazed smilingly at the circle of young faces and advanced to kiss Phœbe, as the eldest, first of all.
",action_space,2025-09-16
2136,PG53735_raw.txt,1014,"“Just four days,” she replied, throwing off her wrap and sitting down in the place Aunt Hyacinth had prepared for her.
",action_space,2025-09-16
2137,PG53735_raw.txt,1129,"But there it was, scarcely a quarter of a mile distant from his dwelling; and, as he now sat paralyzed before the broad window, perhaps his glassy eyes rested more often upon that ghostly tomb than upon the charming landscape of hill and dale, that extended far into the distance toward Exeter.
",perceived_space,2025-09-16
2138,PG53735_raw.txt,1130,"Opening from this room was a balcony with outside stairs leading to the garden.
",descriptive_space,2025-09-16
2139,PG53735_raw.txt,1131,"Adjoining the two large rear rooms were a couple of small chambers opening into a hallway.
",descriptive_space,2025-09-16
2140,PG53735_raw.txt,1132,"The hall originally ran to the front of the house, but directly in the center of the passage had been placed a stout door, separating the upper part of the house into two distinct parts, each containing four chambers.
",descriptive_space,2025-09-16
2141,PG53735_raw.txt,1134,"Of the two more spacious rear rooms, one was old Mr. Eliot’s bedroom and the other his living room.
",descriptive_space,2025-09-16
2142,PG53735_raw.txt,1183,"Letting her eyes roam around the room, Judith saw that it was neat and well cared for.
",visual_space,2025-09-16
2143,PG53735_raw.txt,1303,"The east room was sunny and bright, but poorly furnished.
",descriptive_space,2025-09-16
2144,PG53735_raw.txt,1304,"In one corner stood several decrepit and damaged chairs, a few old pictures and some bundles of matting.
",descriptive_space,2025-09-16
2145,PG53735_raw.txt,1309,"She was accustomed to doing things for herself, and with Auntie’s help dragged the cast-off chairs and other lumber into the west room and made a selection of the best furniture from the two.
",action_space,2025-09-16
2146,PG53735_raw.txt,1324,"Phœbe was astonished when she came home that afternoon at the transformation effected in her old room.
",perceived_space,2025-09-16
2147,PG53735_raw.txt,1329,"With all this the place looked as cosy and homelike as it was attractive, and thereafter the greatest joy of a Daring, big or little, was to pass an hour in Cousin Judith’s room.
",perceived_space,2025-09-16
2148,PG19851_raw.txt,2949,"More than once, too, we have drawn up beside the road where troops were passing, and turned out some really excellent hot doughnuts for them.
",action_space,2025-09-16
2149,PG36255_raw.txt,1659,"Creamer run out upon her porch, look wildly around, and then she began to scream for Mabel.
",action_space,2025-09-17
2150,PG36255_raw.txt,1696,"She ran across the yard and swarmed over the fence into the Creamers’ premises like a boy.
",action_space,2025-09-17
2151,PG36255_raw.txt,1801,"Joe helped the shaking laundryman to lift down the baskets of wash that were already stacked three tiers deep in the wagon.
",action_space,2025-09-17
2152,PG36255_raw.txt,1805,"Fortunately the basket placed on top of the baby’s temporary cradle had been the larger of the two, and had completely and safely covered the lower basket.
",action_space,2025-09-17
2153,PG36255_raw.txt,1814,"Mrs. Creamer ran a block up the street to meet the automobile, and she could not thank the Corner House girl and Joe Eldred enough.
",action_space,2025-09-17
2154,PG1164_raw.txt,3572,"Beside her, on the floor, was a pile of trousers.
",descriptive_space,2025-09-17
2155,PG1164_raw.txt,3645,"The machine bothers my head.
",perceived_space,2025-09-17
2156,PG6236_raw.txt,6762,"The blanket on his head was scarcely wetted.
",perceived_space,2025-09-17
2157,PG6236_raw.txt,6763,"He wrung the water out of his clothes, and ran softly up the shore.
",action_space,2025-09-17
2158,PG6236_raw.txt,6814,"Slowly, slowly up, foot by foot, yard by yard, until one-third of the distance was climbed.
",action_space,2025-09-17
2159,PG6236_raw.txt,6833,"for though there was a strange mist on the brain, the body felt its way with a singular certainty, as might some molluscan dweller of the sea, sensitive like a plant, intuitive like an animal.
",perceived_space,2025-09-17
2160,PG6236_raw.txt,6838,"Slowly, heavily, the body drew up to the shelf of limestone, and crouched in an inert bundle.
",action_space,2025-09-17
2161,PG6236_raw.txt,6871,"Legions of birds circled over him with cries so shrill that at first he did not hear Carterette’s voice calling up to him.
",perceived_space,2025-09-17
2162,PG6236_raw.txt,6893,"He fell back from the edge to a place in the grass where, tying the rope round his body, and seating himself, he could brace his feet against a ledge of rock.
",action_space,2025-09-17
2163,PG6236_raw.txt,6898,"Twice he felt the rope suddenly jerk when she lost her footing, but it came in evenly still, and he used a nose of rock as a sort of winch.
",perceived_space,2025-09-17
2164,PG6236_raw.txt,6899,"The climber was nearly two-thirds of the way up when a cannon-shot boomed out over the water, frightening again the vast covey of birds which shrieked and honked till the air was a maelstrom of cries.
",perceived_space,2025-09-17
2165,PG6236_raw.txt,6911,"A mist swam before his eyes.
",perceived_space,2025-09-17
2167,PG6236_raw.txt,6945,"A few moments later, Elie Mattingley was being rowed swiftly to the Victoire, where Richambeau was swearing viciously as he looked through his telescope.
",action_space,2025-09-17
2167,PG6236_raw.txt,6945,"A few moments later, Elie Mattingley was being rowed swiftly to the Victoire, where Richambeau was swearing viciously as he looked through his telescope.
",action_space,2025-09-17
2168,PG6236_raw.txt,6957,"The white tent was carried away, but the cannon-balls flew over or merely battered the solid rock, the shells were thrown beyond, and no harm was done.
",action_space,2025-09-17
2169,PG52509_raw.txt,2066,"The three crouching at the edge of the woods watched it all with bitter disappointment and alarm.
",visual_space,2025-09-17
2170,PG52509_raw.txt,2096,"The two who remained watched her breathlessly as she crossed the lawn and ascended the steps of the little porch.
",visual_space,2025-09-17
2171,PG52509_raw.txt,2097,"Then the door closed behind her and they heard and saw no more.
",perceived_space,2025-09-17
2172,PG52509_raw.txt,2134,"Madame rose, pushed aside her chair, and left the room without further remark.
",action_space,2025-09-17
2173,PG52509_raw.txt,2135,"And Virginie, with loudly beating heart, heard her pass through the living-room and linger a moment at her desk, rustling the papers about.
",perceived_space,2025-09-17
2174,PG52509_raw.txt,2149,"Virginie gathered all her courage and tiptoed through the dining-room and on into the living-room beyond.
",action_space,2025-09-17
2175,PG52509_raw.txt,2150,"Her knees shook so that she could scarcely walk, and a mist seemed to float before her eyes.
",perceived_space,2025-09-17
2176,PG52509_raw.txt,2151,"She felt sure that her pounding heart could be heard by Madame herself in the room above.
",perceived_space,2025-09-17
2177,PG52509_raw.txt,2152,"The desk stood in a big bay window, and was closed, but not locked.
",descriptive_space,2025-09-17
2178,PG52509_raw.txt,2153,"Virginie pulled open the drawer, which gave with a resisting squeak, so loud that her very heart stood still at the appalling sound.
",perceived_space,2025-09-17
2179,PG52509_raw.txt,2154,"She stood motionless for what seemed an hour, but nothing happened and she gradually came to the conclusion that the sound must have passed unnoticed.
",perceived_space,2025-09-17
2180,PG52509_raw.txt,2155,"Then she bent to look at the contents of the drawer.
",visual_space,2025-09-17
2181,PG52509_raw.txt,2243,"Then Virginie, the precious Crimson Patch clutched to her heart, slipped silently out of the door that Melanie held open and fled away across the lawn.
",action_space,2025-09-17
2182,PG52509_raw.txt,2244,"And ere the door was closed, she had reached the edge of the woods and flung herself into the arms Patricia held out to her.
",action_space,2025-09-17
2183,PG52509_raw.txt,2245,"It was a mad ride back to the city, a ride in which they broke the speed-limit many times and slowed down to normal pace as the outskirts of the town appeared.
",action_space,2025-09-17
2184,PG52509_raw.txt,2246,"Virginie sat with Patricia on the rear seat.
",descriptive_space,2025-09-17
2185,PG52509_raw.txt,2273,"Chet Jackson's home was in an unpretentious side street, a neat little box of a house, and as the car drew up at the curb, a large, comfortable, motherly woman, with a wide smile extremely like that of her youngest son's, appeared at the door.
",action_space,2025-09-17
2186,PG52509_raw.txt,2281,"And she led them into a neat, ugly little bedroom and left them to themselves.
",action_space,2025-09-17
2187,PG52509_raw.txt,2305,"Patricia, without a word, walked away to the window and left her alone to the sacredness of her sorrow.
",action_space,2025-09-17
2188,PG38981_raw.txt,2249,"Finally he arose and paced nervously back and forth across the room, glancing at the diminutive figure of The Thinking Machine each time as he turned.
",action_space,2025-09-17
2189,PG30028_raw.txt,4506,"Dense clouds of smoke were pouring from the shafts of the nearest mine, while, at a little distance, could be seen the mills, their whole interior already ablaze with light.
",perceived_space,2025-09-17
2190,PG30028_raw.txt,4507,"In that end of the buildings containing the sorting rooms and Haight's office, the fire was raging, having come in contact with quantities of chemicals which had increased its fury.
",perceived_space,2025-09-17
2191,PG30028_raw.txt,4509,"But Leslie uttered a sharp cry, and ran swiftly down the path to where Lyle lay unconscious, followed quickly by Ned.
",action_space,2025-09-17
2192,PG30028_raw.txt,4511,"Then, as she knelt beside the unconscious form, there came another terrific explosion, which seemed to jar even the rocks about them to their very foundations, while from the already smoking shafts, the flames now issued, towering higher and higher, and adding new terror to the scene.
",perceived_space,2025-09-17
2193,PG30028_raw.txt,4514,"The rain now began to descend in torrents, and the first dash of the storm seemed to revive Lyle, whom Leslie and Ned had raised to a sitting posture in their efforts to restore her to consciousness.
",perceived_space,2025-09-17
2194,PG30028_raw.txt,4515,"Slowly she opened her eyes with a bewildered look, then springing to her feet, still weak and trembling, but resolute and determined, she gazed about her at the flaming shafts and burning mills, and suddenly cried,
",perceived_space,2025-09-17
2195,PG30028_raw.txt,4523,"She ran swiftly down the path leading the way, while they followed only too gladly, their hearts filled with new hope.
",action_space,2025-09-17
2196,PG30028_raw.txt,4528,"a heavy rain was still falling, but the wind had subsided, and the clouds had lifted and were already breaking away.
",perceived_space,2025-09-17
2197,PG30028_raw.txt,4529,"Arriving at the tunnels, they found a crowd of men, among them a number who had made their escape from the mines.
",action_space,2025-09-17
2198,PG30028_raw.txt,4560,"Suddenly the rocks by which they were surrounded began to quiver and vibrate;
",perceived_space,2025-09-17
2199,PG30028_raw.txt,4561,"there was a deafening roar followed by a terrific crash, and an instant later, a mass of loosened rock was tearing its way through the shaft.
",perceived_space,2025-09-17
2200,PG30028_raw.txt,4580,"With desperate energy, he began tearing away the earth and rocks with his hands, then to his intense relief, after a few moments' work, he heard voices on the other side.
",perceived_space,2025-09-17
2201,PG30028_raw.txt,4583,"Houston shouted, and they hastened to the rescue, and the entrance was very quickly cleared sufficiently for Houston to crawl through.
",action_space,2025-09-17
2202,PG30028_raw.txt,4604,"Nearly overcome by the suffocating gases and the smoke, and faint from pain and loss of blood, Houston had just staggered into the tunnel, when he heard the welcome sound of the voices of Lyle and of Morton Rutherford, and knew that they were saved.
",perceived_space,2025-09-17
2203,PG30028_raw.txt,4629,"The sun, shining as brightly and serenely as though storms were unknown, looked down into that beautiful canyon upon a strange scene of ruin, desolation and death.
",perceived_space,2025-09-17
2204,PG30028_raw.txt,4647,"The room had been darkened, and in accordance with the physician's directions, Jack's beard had been shaven and his hair closely cut, to relieve his head as much as possible.
",action_space,2025-09-17
2205,PG30028_raw.txt,4649,"As Houston approached the bed in the dim light, he scarcely recognized his friend, so great was the change in his appearance, but as he drew nearer, he started visibly.
",action_space,2025-09-17
2206,PG178_raw.txt,1829,"“Don’t speak of that,” she murmured, glancing at the open window.
",visual_space,2025-09-17
2207,PG178_raw.txt,1837,"Bernard looked out of the window too.
",visual_space,2025-09-17
2208,PG178_raw.txt,1838,"Angela was leaning against the railing of the balcony, in profile, just as she had stood while he painted her, against the polished parapet at Siena.
",descriptive_space,2025-09-17
2209,PG178_raw.txt,1848,"The place was full of movement and sound, but he had tilted back his chair against the great green box of an orange-tree, and in this easy attitude, vaguely and agreeably conscious of the music, he directed his gaze to the star-sprinkled vault of the night.
",perceived_space,2025-09-17
2210,PG178_raw.txt,1862,"The lighted windows of the Kursaal still glittered in the bosky darkness, and the lamps along the terrace had not been extinguished;
",perceived_space,2025-09-17
2211,PG178_raw.txt,1864,"here and there only a lingering couple--the red tip of a cigar and the vague radiance of a light dress--gave animation to the place.
",perceived_space,2025-09-17
2212,PG178_raw.txt,1865,"But Bernard sat there still in his tilted chair, beneath his orange-tree;
",descriptive_space,2025-09-17
2213,PG178_raw.txt,1867,"He was on the point of rising, however, when he saw three figures come down the empty vista of the terrace--figures which even at a distance had a familiar air.
",perceived_space,2025-09-17
2214,PG178_raw.txt,1868,"He immediately left his seat and, taking a dozen steps, recognized Angela Vivian, Blanche Evers and Captain Lovelock.
",action_space,2025-09-17
2215,PG178_raw.txt,1869,"In a moment he met them in the middle of the terrace.
",action_space,2025-09-17
2216,PG25920_raw.txt,93,"Across the placid lake the distant shore was a bank of variegated hues.
",descriptive_space,2025-09-17
2217,PG25920_raw.txt,94,"Even the frowning height on which the pre-revolutionary fortress stood had yielded to the season's magic and looked gay in burning colors of shrub and vine.
",perceived_space,2025-09-17
2218,PG25920_raw.txt,95,"Beyond the jaws of the cove upon the shore of which Polktown was builded, a smart little steamboat flaunted a banner of smoke across the sky.
",perceived_space,2025-09-17
2219,PG25920_raw.txt,117,"Nelson dropped into step with her and they went on down the hill for several moments in a silence which, to these two who knew each other so well, suggested a more certain understanding than speech.
",action_space,2025-09-17
2220,PG25920_raw.txt,271,"In the midst of the meal there was a rap upon the kitchen door and Marty clumsily arose to answer the summons.
",perceived_space,2025-09-17
2221,PG54358_raw.txt,1379,"Daggett stepped back to allow the strangers to go into the house.
",action_space,2025-09-17
2222,PG54358_raw.txt,1382,"By some miracle of persuasion or threat, he secured a two-seated carriage and an ancient horse for the next day's sight-seeing.
",action_space,2025-09-17
2223,PG54358_raw.txt,1383,"A great roar of laughter went up from the drivers of the long line of carriages before the Keystone House, as he drove by.
",perceived_space,2025-09-17
2224,PG54358_raw.txt,1401,"Brant had already clambered into the carriage.
",action_space,2025-09-17
2225,PG54358_raw.txt,1403,"As they drove down the street, the strangers were aware that every passer-by stopped to look at them.
",action_space,2025-09-17
2226,PG54358_raw.txt,1404,"People glanced casually at the horse and carriage, as one among a multitude which had started over the field that morning, then, at sight of the driver, their eyes widened, and sometimes they grinned.
",perceived_space,2025-09-17
2227,PG54358_raw.txt,1406,"The three men had lighted long black cigars, and were talking among themselves.
",action_space,2025-09-17
2228,PG54358_raw.txt,1407,"The cool morning air which blew into their faces from the west seemed to restore Brant's equanimity, and he offered Daggett a cigar, which Daggett took and put into his pocket.
",perceived_space,2025-09-17
2229,PG54358_raw.txt,1423,"The earth trembled for hours.
",perceived_space,2025-09-17
2230,PG23192_raw.txt,2467,"The boatmen had made coffee and boiled some rice in cocoa-milk for the breakfast, so that within fifteen minutes the boat was headed up-stream, on the spurt for Cruces.
",action_space,2025-09-17
2231,PG23192_raw.txt,2468,"Now urged by four paddlers instead of two, it fairly flew, cleaving the current while the dim shores and water grew lighter.
",perceived_space,2025-09-17
2232,PG23192_raw.txt,2469,"The mountain divide ahead was gradually drawing closer, and all the country along the stream seemed steeper.
",perceived_space,2025-09-17
2233,PG23192_raw.txt,2470,"One by one ranches were passed which in the midst of cleared forest and jungle looked more prosperous than the ranches of the lower river.
",perceived_space,2025-09-17
2234,PG23192_raw.txt,2546,"It was delightfully cool there, where the rooms were high and large and simply furnished with cane chairs and couches.
",perceived_space,2025-09-17
2235,PG23192_raw.txt,2550,"Servants glided hither-thither, to bring glasses of lemonade and pine-apple juice, and to distribute the bed-rooms; and when Charley found himself confronted by a real bed, with a bath at his disposal, he thought that they all were in right good hands.
",action_space,2025-09-17
2236,PG23192_raw.txt,2592,"That evening, after supper, Dona Isabella played charmingly on the guitar, while amidst the shrubbery before the house the enormous fire-flies made long streaks of light or blazed like jewels on leaf and twig.
",perceived_space,2025-09-17
2237,PG23192_raw.txt,2624,"After the early breakfast, at which all the family hospitably presided, back of the house were found waiting three saddle horses, and two bullocks for pack animals.
",action_space,2025-09-17
2238,PG23192_raw.txt,2660,"gayly colored parrots flew screaming, or hung upside down and screamed.
",perceived_space,2025-09-17
2239,PG23192_raw.txt,2661,"The whole dense forest was alive with strange animals and strange cries.
",perceived_space,2025-09-17
2240,PG23192_raw.txt,2674,"The rain made traveling worse, and worse waxed the old road.
",perceived_space,2025-09-17
2241,PG23192_raw.txt,2679,"Several times dead mules, perhaps with their necks broken, were passed; and frequently were passed trunks and other baggage, thrown aside, all of which showed that this trail of the old fortune-hunters was now the trail of the new fortune-hunters, also, bound for California.
",action_space,2025-09-17
2242,PG23192_raw.txt,2682,"Scarcely had he spoken, when on a sudden the trail emerged from the forest, to creep along the face of another precipice.
",perceived_space,2025-09-17
2243,PG23192_raw.txt,2683,"The path was only a ledge jutting out not more than three feet from the solid wall hung with vines;
",descriptive_space,2025-09-17
2244,PG23192_raw.txt,2684,"at the edge was a sheer drop of thousands of feet--or maybe not more than 2000, but to Charley, whose left foot hung over the drop, it looked like 20,000.
",perceived_space,2025-09-17
2245,PG23192_raw.txt,2685,"The horses trod gingerly, with ears pricked, carefully avoiding scraping the wall lest they be forced over.
",perceived_space,2025-09-17
2246,PG23192_raw.txt,2688,"Gazing off, Charley saw what might have been a whole world spread beneath him: league after league of rolling, misty green, where the jungle was dwarfed by distance so that it looked like a lawn!
",perceived_space,2025-09-17
2247,PG23192_raw.txt,2690,"""I smell salt water!"" exclaimed Mr. Grigsby.
",perceived_space,2025-09-17
2248,PG23192_raw.txt,2697,"The road grew worse still, as if the rain here had been harder.
",perceived_space,2025-09-17
2249,PG23192_raw.txt,2728,"Over the broad Pacific the sun hung low, and in the harbor, about a mile and a half from the end of a street which gave the view, lay a large black steamer with smoke welling from her stacks.
",perceived_space,2025-09-17
2250,PG23192_raw.txt,2819,"The smoke from her stacks seemed thicker, as if she was on the very point of leaving her anchorage.
",perceived_space,2025-09-17
2251,PG23192_raw.txt,2820,"Charley, anxiously gazing, imagined that he could see her move!
",action_space,2025-09-17
2252,PG32203_raw.txt,1365,"It was pretty near a day's journey, and there couldn't 'a' been a nicer trip for a bride and groom, ridin' through the woods and over the hills about the middle of October, the leaves jest turnin' and the weather neither hot nor cold.
",perceived_space,2025-09-17
2253,PG45474_raw.txt,494,"An open traveling bag stood on the table.
",descriptive_space,2025-09-17
2254,PG45474_raw.txt,499,"Cashier Alexander entered the room hurriedly from another part of the bank.
",action_space,2025-09-17
2255,PG45474_raw.txt,564,"Dark was just coming on.
",perceived_space,2025-09-17
2256,PG54350_raw.txt,1857,"Mr. Fogson drove home slowly.
",action_space,2025-09-17
2257,PG54350_raw.txt,1865,"Warm weather had set in, and audiences became small.
",perceived_space,2025-09-17
2258,PG54350_raw.txt,1905,"As they neared the coast, the ocean breeze entered cool and refreshing through the open windows.
",perceived_space,2025-09-17
2259,PG54350_raw.txt,1969,"Jed followed his new acquaintance up to a suite of two rooms on the second floor.
",action_space,2025-09-17
2260,PG54350_raw.txt,1970,"A young boy was at the window.
",descriptive_space,2025-09-17
2261,PG54350_raw.txt,2020,"They descended the steps that led from the bluff to the beach, and walked leisurely up and down on the sand.
",action_space,2025-09-17
2262,PG54350_raw.txt,2021,"Presently Chester expressed a wish to sit down, and before long was engaged with a small wooden spade in making a sand fortification.
",action_space,2025-09-17
2263,PG37857_raw.txt,1565,"He conducted him into the back room, and kept him there until Jack began to be impatient.
",action_space,2025-09-17
2264,PG37857_raw.txt,1567,"""I tell you, Jack,"" said he, when they were well on their way to the railroad depot to purchase their tickets, ""when one has been here and done the best he could in the office, it comes hard to say good-bye.
",action_space,2025-09-17
2265,PG37857_raw.txt,1575,"But at last the window was opened, and, falling in behind the others, they purchased tickets which were to carry them farther west than they had ever been before.
",action_space,2025-09-17
2266,PG37857_raw.txt,1582,"The boys took coffee and sandwiches, and during the meal hardly spoke to one another.
",action_space,2025-09-17
2267,PG37857_raw.txt,1596,"Julian was sitting on one bench, and Jack, having turned his seat over, was sitting on the other, and, having arranged their beds, they lay down on them; but it was a long time before they fell asleep.
",action_space,2025-09-17
2268,PG37857_raw.txt,1636,"The train had been gathering headway all the while, and was now running at the rate of thirty-five miles an hour.
",action_space,2025-09-17
2269,PG37857_raw.txt,1647,"Jack released the door and leaned up heavily against it.
",action_space,2025-09-17
2270,PG37857_raw.txt,1664,"In the next car there was no one who looked like Claus, and when they opened the door of the next car, and entered the vestibuled part of the train, they found themselves in an entry which was fitted up in the most gorgeous manner.
",perceived_space,2025-09-17
2271,PG498_raw.txt,2125,"It was a fresh, crystal morning, with icicles hanging like dazzling pendants from the trees and a glaze of pale blue on the surface of the snow.
",perceived_space,2025-09-17
2272,PG498_raw.txt,2234,"It was a raw, blustering day, snow on the ground and a look in the sky of more to follow.
",perceived_space,2025-09-17
2273,PG498_raw.txt,2235,"Both Miranda and Jane had taken cold and decided that they could not leave the house in such weather, and this deflection from the path of duty worried Miranda, since she was an officer of the society.
",perceived_space,2025-09-17
2274,PG17545_raw.txt,144,"""Nesbit got back last night,"" announced Warner from his sofa beside the other window.
",descriptive_space,2025-09-17
2275,PG17545_raw.txt,150,"Norma tapped sharply on the glass, and beckoned to a gentleman on the opposite pavement, her brow clearing.
",action_space,2025-09-17
2276,PG17545_raw.txt,160,"In his air, his carriage, his expression, was that which never fails to attract and hold attention--force, vitality, individuality.
",perceived_space,2025-09-17
2277,PG38431_raw.txt,2364,"They could see out into the night which was now all black and silver.
",perceived_space,2025-09-17
2278,PG38431_raw.txt,2365,"The forest that edged the clearing in which stood the Lodge was as black as ever an evergreen forest could be.
",perceived_space,2025-09-17
2279,PG38431_raw.txt,2366,"The tops of the trees were silvered by the moonbeams, but the shadows at the foot of the trees were like ink.
",perceived_space,2025-09-17
2280,PG38431_raw.txt,2367,"In the open the new-fallen snow glittered as though the moonlight fell on precious stones.
",perceived_space,2025-09-17
2281,PG38431_raw.txt,2390,"Not twenty yards from the house, and sitting on its haunches in the snow, was an object that at first Neale thought was a dog.
",perceived_space,2025-09-17
2282,PG38431_raw.txt,2391,"The shadow it cast upon the moon-lit snow showed pointed ears, however, and a bushy tail.
",perceived_space,2025-09-17
2283,PG38431_raw.txt,2409,"Then, from the rear of the house where Tom Jonah was confined in the back kitchen, the roar of the old dog's bark answered the fox's yapping.
",perceived_space,2025-09-17
2284,PG38431_raw.txt,2410,"And then from somewhere--was it from above and inside the house, or outside and in the black woods?--there sounded a sharp explosion.
",perceived_space,2025-09-17
2285,PG38431_raw.txt,2413,"The little animal with the bushy tail that had raised its pointed nose to yap mournfully at the moon, had suddenly sprung straight up into the air.
",perceived_space,2025-09-17
2286,PG38431_raw.txt,2414,"It cleared the snow at least four feet.
",action_space,2025-09-17
2287,PG38431_raw.txt,2442,"He tramped paths through the new-fallen snow to the outbuildings before sunrise.
",action_space,2025-09-17
2288,PG38431_raw.txt,2461,"There had been no flash or sign of smoke from the edge of the forest, and Neale's vision swept the line of black shadow for hundreds of yards at the moment of the report.
",perceived_space,2025-09-17
2289,PG38431_raw.txt,2467,"He said nothing more to Hedden, but found the upper stairs at the rear of the house.
",action_space,2025-09-17
2290,PG38431_raw.txt,2468,"At the top was a heavy door, but it was not locked.
",action_space,2025-09-17
2291,PG38431_raw.txt,2469,"He thrust it open rather gingerly, and looked into the great, raftered loft.
",perceived_space,2025-09-17
2292,PG38431_raw.txt,2470,"The sun was above the treetops now and shone redly into the front windows.
",perceived_space,2025-09-17
2293,PG38431_raw.txt,2471,"There was light enough for him to see that as far as human occupants went, the garret of the Lodge was empty.
",visual_space,2025-09-17
2294,PG38431_raw.txt,2474,"Neale O'Neil stepped into the place and walked to the front of the building.
",action_space,2025-09-17
2295,PG38431_raw.txt,2475,"The windows were square and swung inward on hinges.
",descriptive_space,2025-09-17
2296,PG38431_raw.txt,2477,"The windows were all fastened with buttons.
",descriptive_space,2025-09-17
2297,PG38431_raw.txt,2479,"Neale shivered in the chill, dead air of the loft.
",perceived_space,2025-09-17
2298,PG38431_raw.txt,2482,"Suddenly the boy began opening the windows, one after the other.
",action_space,2025-09-17
2299,PG38431_raw.txt,2484,"Outside the snow that had fallen the evening before lay in a fluffy layer on the window sill.
",perceived_space,2025-09-17
2300,PG38431_raw.txt,2485,"At the third window he halted.
",action_space,2025-09-17
2301,PG38431_raw.txt,2486,"In this layer of light snow was a mark.
",perceived_space,2025-09-17
2302,PG38431_raw.txt,2502,"After the rear premises of the Lodge had been tracked up so before daylight, half a dozen people might have left the house by the rear door without their footprints being seen.
",action_space,2025-09-17
2303,PG38431_raw.txt,2518,"Tom Jonah was turned loose, and he almost at once dashed around the house to the spot where the body of the fox lay.
",action_space,2025-09-17
2304,PG35239_raw.txt,4738,"Only Kitty Mills smiled at him, and she did not know that she smiled, for her light heart was heavy enough that day.
",no_space,2025-09-17
2305,PG45100_raw.txt,3037,"The wind outside steadily rose and howled wolfishly around the little house.
",perceived_space,2025-09-17
2306,PG45100_raw.txt,3038,"An ilex-tree, which overhung the roof, was beating fiercely upon it, and its strong branches tore at the little house like the claws of a wild beast seeking to destroy it.
",perceived_space,2025-09-17
2307,PG45100_raw.txt,3042,"The wind grew fiercer and the night wilder.
",perceived_space,2025-09-17
2308,PG45100_raw.txt,3061,"The spring in the Sierras was not so far advanced as in Washington, but the sun shone bravely and the birds, who rested under the southern eaves of the little adobe house on the mountain-side, flashed back and forth merrily in the clear, blue air.
",perceived_space,2025-09-17
2309,PG45100_raw.txt,3062,"The place had undergone the subtle change which a woman’s presence makes everywhere.
",perceived_space,2025-09-17
2310,PG45100_raw.txt,3063,"Another room or two and a rude veranda had been added to the original structure.
",perceived_space,2025-09-17
2311,PG45100_raw.txt,3064,"Blooming plants at the open windows leaned their bold, pretty faces to the sun;
",perceived_space,2025-09-17
2312,PG45100_raw.txt,3065,"a table on the veranda held magazines and books, and a woman’s shawl was thrown over the back of a rustic chair.
",descriptive_space,2025-09-17
2313,PG45100_raw.txt,3066,"A little dog--a woman’s dog--was racing gaily up and down the sunny plateau on which the little house stood.
",perceived_space,2025-09-17
2314,PG45100_raw.txt,3067,"All around was the serene stillness of the mountains and far below in the valleys could be heard through the thin, sharp air the tinkle of a sheep bell and a faint echo of the herdsman’s voice.
",perceived_space,2025-09-17
2315,PG45100_raw.txt,3068,"Standing in the golden glow of the sun was Roger March.
",perceived_space,2025-09-17
2316,PG45100_raw.txt,3070,"A woman in a garden hat was kneeling down before a bed of violets picking a few blossoms which had dared to show their downcast faces to the rude world.
",perceived_space,2025-09-17
2317,PG15571_raw.txt,759,"And he settled himself on the woodpile to wait until dark before he went home.
",action_space,2025-09-17
2318,PG35488_raw.txt,368,"Some from the vicinity of the Wetherals took refuge in Fort Hunter, which consisted of a rectangular stockade, with a log blockhouse rising from the corner, and with cabins inside to serve indifferently as barracks for the Provincial soldiers and as temporary lodgings for the people of both sexes and every age who took refuge there.
",descriptive_space,2025-09-17
2319,PG35488_raw.txt,381,"All the warm sunny morning, they lay on the floor of the principal room.
",perceived_space,2025-09-17
2320,PG35488_raw.txt,383,"While the men slumbered, or turned heavily over on the floor, or stared drowsily at the wooden ceiling, or stretched and yawned, Dick amused himself by climbing up the ladder to the loft overhead.
",perceived_space,2025-09-17
2321,PG35488_raw.txt,386,"Terrified into dumbness, Dick's gaze involuntarily turned towards the window opposite the door.
",visual_space,2025-09-17
2322,PG35488_raw.txt,387,"The oiled paper that had served instead of glass had been swiftly and silently cut away with a knife, and three savage heads appeared above the window base, each shining eye directed along a different rifle-barrel towards one of the prostrate reapers.
",perceived_space,2025-09-17
2323,PG35488_raw.txt,389,"Before he could form a thought, the six rifles blazed forth in concert, and an instant later the room below was filled with smoke, shouts of pain, and furious curses.
",perceived_space,2025-09-17
2324,PG35488_raw.txt,390,"A terrible chorus of piercing war-screams from outside the house showed that the redskins who had crept up so silently were in large number.
",perceived_space,2025-09-17
2325,PG35488_raw.txt,391,"Dick tarried no longer, but sprang up into the loft and ran wildly to a little window at the end of it.
",action_space,2025-09-17
2326,PG35488_raw.txt,393,"He thrust out his head and looked down.
",descriptive_space,2025-09-17
2327,PG35488_raw.txt,394,"This little window was over the one through which three of the savages had fired into the room down-stairs.
",descriptive_space,2025-09-17
2328,PG35488_raw.txt,397,"Up from the ladder hatchway, amidst the noise of heavy bodies falling and of the men rushing to their arms and yelling and swearing, came the sound of another volley, fired probably through the doorway.
",perceived_space,2025-09-17
2329,PG35488_raw.txt,400,"The noise from the room below indicated that knives, tomahawks, and guns had business enough down there.
",perceived_space,2025-09-17
2330,PG35488_raw.txt,401,"After what seemed a space of several minutes, Dick cautiously looked again out of the window.
",visual_space,2025-09-17
2331,PG35488_raw.txt,402,"He saw now but one savage, and that one soon disappeared through the lower window, into the room where his fellows were completing the slaughter of the unprepared reapers.
",visual_space,2025-09-17
2332,PG35488_raw.txt,405,"A sound of sharp, eager grunting, detached from the general hubbub below, arose immediately beneath the hatchway.
",perceived_space,2025-09-17
2333,PG35488_raw.txt,407,"The little window at which Dick stood was neither glazed nor papered.
",descriptive_space,2025-09-17
2334,PG35488_raw.txt,427,"The stillness of the woods was suddenly broken by a loud detonation.
",perceived_space,2025-09-17
2335,PG30344_raw.txt,877,"It was not many minutes after but he was at the door, and came in, introduced by his own gentleman, as above, and after by my woman Amy.
",action_space,2025-09-17
2336,PG30344_raw.txt,921,"Below was three roasted partridges and a quail.
",descriptive_space,2025-09-17
2337,PG20888_raw.txt,994,"Refreshed by the night air, the old man partially sobered, walked with a steady step, and talked more eloquently and profusely than ever.
",perceived_space,2025-09-17
2338,PG20888_raw.txt,1013,"The ditch was this night full of swift water, which tore at the button willows on the bank and gurgled against the bridge timbers.
",perceived_space,2025-09-17
2339,PG20888_raw.txt,1016,"The following Saturday evening Ramon was again riding across the _mesa_, clad in his dirty hunting clothes, with his shotgun hung in the cinches of his saddle.
",action_space,2025-09-17
2340,PG20888_raw.txt,1029,"He slipped from his horse, letting the reins fall to the ground, and went running up the rocky slope, cleverly using every bit of cover until he came within range.
",action_space,2025-09-17
2341,PG20888_raw.txt,1112,"He could also hear faintly a rattle of wagons, foot steps and low human voices coming from the front of the house.
",perceived_space,2025-09-17
2342,PG20888_raw.txt,1141,"The door opened softly and a tall, black-robed figure was silhouetted for a moment against the daylight before the door closed again.
",perceived_space,2025-09-17
2343,PG90_raw.txt,4782,"Dimly through the darkness of a moonless night he saw the awful blackness of the jungle, yet it touched no responsive chord of terror within him now as it had done in the past.
",perceived_space,2025-09-17
2344,PG90_raw.txt,4788,"Morison could hear a lion roaring directly opposite him and so close that he felt he must be almost to the shore.
",perceived_space,2025-09-17
2345,PG90_raw.txt,4790,"After what seemed to the tired man an eternity of time he felt the brush of branches against the canoe and heard the swirl of the water about them.
",perceived_space,2025-09-17
2346,PG90_raw.txt,4805,"He saw two spots of flame a short distance from and above him.
",visual_space,2025-09-17
2347,PG90_raw.txt,4811,"Presently he heard a slight commotion in the river beneath him and something banged against one of his feet, followed almost instantly by a sound that he felt he could not have mistaken—the click of great jaws snapping together.
",perceived_space,2025-09-17
2348,PG90_raw.txt,4830,"The river suggested fishing and so he dawdled upon its shores, catching fish after a fashion of his own devising and eating them raw.
",perceived_space,2025-09-17
2349,PG90_raw.txt,4831,"When night came he curled up in a great tree beside the stream—the one from which he had been fishing during the afternoon—and was soon asleep.
",action_space,2025-09-17
2350,PG90_raw.txt,4844,"He reached down and clutched the figure beneath him and dragged it up among the branches.
",action_space,2025-09-17
2351,PG21883_raw.txt,3380,"He picked her up in his arms, and carried her into the house.
",action_space,2025-09-17
2352,PG20458_raw.txt,3809,"He dodged Peter this evening to escape their usual after-dinner talk, and went to his room.
",action_space,2025-09-17
2353,PG20458_raw.txt,3936,"He led Peter to a chair.
",action_space,2025-09-17
2354,PG20458_raw.txt,3938,"Monte lighted a cigarette, sank into a near-by chair, and waited.
",action_space,2025-09-17
2355,PG41037_raw.txt,2211,"She looked down the trail and caught sight of a man just turning where the others had turned.
",visual_space,2025-09-17
2356,PG41037_raw.txt,2215,"A movement at the roadside attracted her.
",perceived_space,2025-09-17
2357,PG41037_raw.txt,2273,"From the shore came no sign nor sound of disturbance.
",perceived_space,2025-09-17
2358,PG41037_raw.txt,2278,"""The shore looks peaceable enough,"" remarked Mr. Ogden.
",perceived_space,2025-09-17
2359,PG41037_raw.txt,2285,"The search-light beams lighted up the shore while the Captain was speaking and those officers who had binoculars scanned the town for evidences of excitement.
",perceived_space,2025-09-17
2360,PG41037_raw.txt,2286,"A few people strolled about the streets turning their faces from the glare as the travelling rays momentarily flooded them with daytime brilliancy.
",perceived_space,2025-09-17
2361,PG41037_raw.txt,2297,"From the high ground of the garden in front of the house she could now see the boats returning to the ship laden down with the liberty party.
",visual_space,2025-09-17
2362,PG41037_raw.txt,2473,"Then their quick ears heard footfalls of someone approaching from the town, and fearful of discovery they rolled over and over in the grass and shrubs, away from the trail, only to be discovered eventually by Dorlan and his men and marched back to the consulate as prisoners.
",perceived_space,2025-09-17
2363,PG41037_raw.txt,2480,"Soon after turning from the trail he was following at a discreet distance the six men carrying off little Soledad.
",action_space,2025-09-17
2364,PG41037_raw.txt,2496,"It was nearly dusk when a small native boy came bounding out of the quarters of General Gonzales, and the General himself appeared in the dimly lighted doorway.
",perceived_space,2025-09-17
2365,PG41037_raw.txt,2505,"Arriving at the well he made no attempt to draw the water but stood looking back in the direction of the house.
",visual_space,2025-09-17
2366,PG25082_raw.txt,83,"The wind soon brought him the message that coyotes were just ahead and he traced the scent upwind, anxious for the first sight of his former running mates.
",perceived_space,2025-09-17
2367,PG53802_raw.txt,4822,"At that sunny hour of the afternoon, in Longfields, night had fallen in the city of Milan.
",descriptive_space,2025-09-17
2368,PG53802_raw.txt,4823,"The great opera house was crowded.
",descriptive_space,2025-09-17
2369,PG44037_raw.txt,4449,"He ran to the bridge, signalled ""Stand by!"" to the engine-room, and ordered the firing of the recall gun.
",action_space,2025-09-17
2370,PG44037_raw.txt,4458,"Then the ship steamed off to the second field, five miles distant, to pick up the second party.
",action_space,2025-09-17
2371,PG44037_raw.txt,4461,"The storm had now taken form and was advancing swiftly, and the fields in the northeast were hidden in a spreading darkness.
",perceived_space,2025-09-17
2372,PG44037_raw.txt,4465,"When he looked at the black clouds rising from behind the coast, he doubted that the _Dictator_ could do it in time.
",visual_space,2025-09-17
2373,PG44037_raw.txt,4521,"The ship struggled bravely to force her way on; but the ice, wedged all about her, was too heavy.
",perceived_space,2025-09-17
2374,PG32310_raw.txt,1527,"So saying, Dorothy curled down upon a mass of mighty ferns, laid her head on her arm and went to sleep.
",action_space,2025-09-17
2375,PG32310_raw.txt,1636,"Then the lady led her in to the low chair beside Gwen's bed, with a tenderness so motherly that Dorothy lost all feeling of awkwardness with the sick girl.
",action_space,2025-09-17
2376,PG41483_raw.txt,1123,"I gave the heavy barrel a shove with my foot and rolled it over.
",action_space,2025-09-17
2377,PG1154_raw.txt,4999,"I could see, nevertheless that her words had made an impression on him.
",visual_space,2025-09-17
2378,PG25866_raw.txt,2565,"Just then the door opened and a young soldier came out, followed by his wife, looking little and pathetic with great dark hollows under her eyes, and a forced smile on her trembling lips.
",action_space,2025-09-17
2379,PG25866_raw.txt,2594,"Then the lights were turned out one by one and there in the shelter of the tall piano, curtained by the darkness the two lay down.
",perceived_space,2025-09-17
2380,PG25866_raw.txt,2596,"The house settled slowly to quiet.
",perceived_space,2025-09-17
2381,PG25866_raw.txt,2603,"In a room quite near there were soft sounds as of suppressed weeping.
",perceived_space,2025-09-17
2382,PG25866_raw.txt,2628,"She was awakened by the rattling of the pots and pans in the tiny kitchen.
",perceived_space,2025-09-17
2383,PG25866_raw.txt,2631,"The first sunlight was streaming redly through the window screens, and the freshness of the morning was everywhere, for all the windows were wide open.
",perceived_space,2025-09-17
2384,PG25866_raw.txt,2632,"The stillness of the country, broken only by the joyous chorus of the birds, struck her as a wonderful thing.
",perceived_space,2025-09-17
2385,PG25866_raw.txt,2634,"Music with the scent of clover!
",perceived_space,2025-09-17
2386,PG25866_raw.txt,2635,"The cheery little home noises in the kitchen seemed a pleasant background for the peace of the Sabbath morning.
",perceived_space,2025-09-17
2387,PG25866_raw.txt,2654,"She handed Ruth a two-gallon galvanized tin bucket containing a couple of inches of water, obviously clean, and added a brief towel to the toilet arrangements.
",action_space,2025-09-17
2388,PG25866_raw.txt,2669,"The wild roses shimmered along the roadside in the early sun, and bees and butterflies were busy about their own affairs.
",perceived_space,2025-09-17
2389,PG41656_raw.txt,2190,"And gathering up her skirts she rushed for the door, reaching it just as Buster entered, the collision sending that young gentleman sprawling on the floor.
",action_space,2025-09-17
2390,PG41656_raw.txt,2226,"He sat down at the table, scrupulously cleaned and dusted by Buster after he had removed the dishes, and, drawing a blank sheet of paper towards him, dipped the pen in the ink, preparatory to calling upon his inspiration.
",action_space,2025-09-17
2391,PG34339_raw.txt,1835,"The goblins hearing no more noise in that quarter, had ceased to apprehend an immediate invasion, and kept no watch.
",perceived_space,2025-09-18
2392,PG34339_raw.txt,1850,"Turning a sharp corner, he thought he heard strange sounds.
",perceived_space,2025-09-18
2393,PG34339_raw.txt,1857,"But for all his thinking he could not tell what he ought to do, until suddenly he became aware of a glimmer of light in the distance.
",perceived_space,2025-09-18
2394,PG34339_raw.txt,1859,"Yet again turning a corner, led by the dim light, he spied something quite new in his experience of the underground regions--a small irregular shape of something shining.
",perceived_space,2025-09-18
2395,PG34339_raw.txt,1864,"The sides of the cave were full of shining minerals like those of the palace-hall; and the company was evidently of a superior order, for every one wore stones about head, or arms, or waist, shining, dull, gorgeous colors in the light of the fire.
",perceived_space,2025-09-18
2396,PG34339_raw.txt,1867,"He crept through the hole as softly as he could, scrambled a good way down the wall toward them without attracting attention, and then sat down and listened.
",action_space,2025-09-18
2397,PG34339_raw.txt,1971,"There were voices in the outer cave.
",perceived_space,2025-09-18
2398,PG34339_raw.txt,2106,"The dew lay in round drops upon the leaves, and hung like tiny diamonds from the blades of grass about her path.
",perceived_space,2025-09-18
2399,PG34339_raw.txt,2112,"but she had never in her life been out before sunrise, and everything was so fresh and cool and lively and full of something coming, that she felt too happy to be afraid of anything.
",perceived_space,2025-09-18
2400,PG34339_raw.txt,2114,"But she never thought of that, for now in the morning light, with its far outlook over the country, no path could have been more open and airy and cheerful.
",perceived_space,2025-09-18
2401,PG34339_raw.txt,2119,"And still the path grew rougher and steeper, and the mountain grew wilder, till Irene began to think she was going a very long way from home; and when she turned to look back, she saw that the level country had vanished and the rough bare mountain had closed in about her.
",perceived_space,2025-09-18
2403,PG34339_raw.txt,2121,"Everything around her was getting brighter and brighter as the sun came nearer;
",perceived_space,2025-09-18
2403,PG34339_raw.txt,2121,"Everything around her was getting brighter and brighter as the sun came nearer;
",perceived_space,2025-09-18
2404,PG34339_raw.txt,2123,"Then she saw that the little stream ran out of a hole in that rock, that the path did not go past the rock, and that the thread was leading her straight up to it.
",visual_space,2025-09-18
2405,PG34339_raw.txt,2124,"A shudder ran through her from head to foot when she found that the thread was actually taking her into the hole out of which the stream ran.
",perceived_space,2025-09-18
2406,PG34339_raw.txt,2127,"Right into the hole she went, which was high enough to let her walk without stooping.
",action_space,2025-09-18
2407,PG34339_raw.txt,2128,"For a little way there was a brown glimmer, but at the first turn it all but ceased, and before she had gone many paces she was in total darkness.
",perceived_space,2025-09-18
2408,PG34339_raw.txt,2135,"Sometimes she heard the noise of water, a dull gurgling inside the rock.
",perceived_space,2025-09-18
2409,PG34339_raw.txt,2136,"By and by she heard the sounds of blows, which came nearer and nearer;
",perceived_space,2025-09-18
2410,PG34339_raw.txt,2139,"At last she spied a dull red shine, and came up to the mica-window, and thence away and round about, and right into a cavern, where glowed the red embers of a fire.
",perceived_space,2025-09-18
2411,PG23738_raw.txt,1114,"She ran up the stairs, around the passage, and ushered me into the room of graceful adventure and grotesque nightmare.
",action_space,2025-09-18
2412,PG23738_raw.txt,1115,"I stopped on the threshold.
",action_space,2025-09-18
2413,PG23738_raw.txt,1117,"This, with the little bathroom attached, occupied the entire large frontage of the house.
",descriptive_space,2025-09-18
2414,PG23738_raw.txt,1118,"This long, spacious room;
",descriptive_space,2025-09-18
2415,PG23738_raw.txt,1119,"floors covered by my Chinese rugs, walls echoing the rugs' smoke-blue, my piano in a bright corner, my special easychairs and writing-table in their due places, welcomed me with such familiar comfort that I could not identify the neglected chamber where I had slept one night in the old bed with the four pineapple-topped posts.
",perceived_space,2025-09-18
2416,PG23738_raw.txt,1128,"When she left me alone, I walked to the different windows, contemplating the stretches of lawn dotted with budding apple trees and the lake that lay beyond shining in the sun.
",perceived_space,2025-09-18
2417,PG23738_raw.txt,1131,"I looked at the yellow country road meandering past the lake into unseen distance.
",visual_space,2025-09-18
2418,PG23738_raw.txt,1135,"When a chiming dinner-gong summoned me downstairs, I found Vere awaiting me beside Phillida.
",perceived_space,2025-09-18
2419,PG23738_raw.txt,1145,"Afterward, I was conducted into the kitchen by the lady of the house, to view the new fittings and improvements.
",action_space,2025-09-18
2420,PG23738_raw.txt,1156,"At the door of my room, I pushed a wall-switch that lighted simultaneously three lamps.
",action_space,2025-09-18
2421,PG23738_raw.txt,1159,"There flashed out of the dusk a large lamp upon my writing-table, a tall floor-lamp beside the piano, and a reading-lamp on a stand beside my bed at the far end of the room.
",descriptive_space,2025-09-18
2422,PG23738_raw.txt,1160,"All three were shaded in a smoke-blue and rose-color effect that long since had caught my fancy for night work;
",perceived_space,2025-09-18
2423,PG23738_raw.txt,1163,"Yet, as I closed the door behind me and stood in that softly brilliant radiance, a shudder shook me from head to foot with the violence of an electric shock.
",perceived_space,2025-09-18
2424,PG23738_raw.txt,1174,"The dusk outside the windows offered nothing unusual to be seen.
",perceived_space,2025-09-18
2425,PG23738_raw.txt,1175,"I finished my unpacking and sat down at my writing-table.
",action_space,2025-09-18
2426,PG23738_raw.txt,1198,"The Horror was at the open window opposite the foot of my bed, staring in upon me with slavering covetousness of the prey It watched.
",perceived_space,2025-09-18
2427,PG23738_raw.txt,1199,"I lay there, and felt It seek for me across the darkness with tentacles of evil that groped for some part of me upon which It might lay hold.
",perceived_space,2025-09-18
2428,PG23738_raw.txt,1200,"The room was still.
",perceived_space,2025-09-18
2429,PG23738_raw.txt,1201,"Between the draperies, the window showed nothing to the eye except a dark square faintly tinged with the night luminance of the sky.
",perceived_space,2025-09-18
2430,PG23738_raw.txt,1203,"But gradually I became aware of a hideous odor of mould and mildew, of must and damp decay that loaded the air with disgust.
",perceived_space,2025-09-18
2431,PG23738_raw.txt,1222,"Rosy light from the lamp flashed over the room.
",perceived_space,2025-09-18
2432,PG23738_raw.txt,1223,"All the quiet comfort of the place sprang into view as if to reassure me; the piano open as I had left it, the table strewn with my evening's work, each bit of furniture, each drapery or trinket undisturbed.
",perceived_space,2025-09-18
2433,PG23738_raw.txt,1225,"In the hush I heard my panting breath and the tick of my watch on the stand.
",perceived_space,2025-09-18
2434,PG23738_raw.txt,1227,"As I mechanically read the hour, a cock somewhere shrilled its second call before dawn.
",perceived_space,2025-09-18
2435,PG23738_raw.txt,1241,"The lamps I had left lighted burned no longer.
",perceived_space,2025-09-18
2436,PG23738_raw.txt,1247,"Reaching for the lamp beside me on its stand, I found the little chain.
",action_space,2025-09-18
2437,PG23738_raw.txt,1248,"I felt the chain draw in my fingers and heard the click that should have meant light; but no answering brightness sprang up.
",perceived_space,2025-09-18
2438,PG23738_raw.txt,1310,"The room was dark, yet the darker bulk of furniture loomed out enough to be distinguishable.
",perceived_space,2025-09-18
2439,PG23738_raw.txt,1403,"I pulled the chain of my reading-lamp, and this time light flashed over the room.
",perceived_space,2025-09-18
2440,PG23738_raw.txt,1406,"As I drew on my dressing-gown I heard a clock downstairs strike four.
",perceived_space,2025-09-18
2441,PG23738_raw.txt,1407,"Not a breath or a step stirred in the house.
",perceived_space,2025-09-18
2442,PG23738_raw.txt,1408,"The damp freshness of coming dawn crept in my windows, bringing scents of tansy and bitter-sweet from the fields to strive against the unknown fragrance in my room.
",perceived_space,2025-09-18
2443,PG23738_raw.txt,1417,"Vere sat opposite her at the round table.
",descriptive_space,2025-09-18
2444,PG23738_raw.txt,1436,"In a mirror across the room I glimpsed my own countenance looking quite as usual.
",perceived_space,2025-09-18
2445,PG23738_raw.txt,1440,"We strolled through the old orchard toward the dam.
",action_space,2025-09-18
2446,PG39063_raw.txt,1410,"He stood at the cabin door, watching them as they hurried down to their boat.
",visual_space,2025-09-18
2447,PG4303_raw.txt,656,"Nothing more was said of Lilian, and very soon they went to the room where she awaited them.
",action_space,2025-09-18
2448,PG4303_raw.txt,821,"Without, a roaring wind stripped the autumnal leafage of the garden, and from time to time drenched the windows with volleys of rain.
",perceived_space,2025-09-18
2449,PG4303_raw.txt,899,"The most striking object was a great stuffed bird that stood in a glass-case before the window--a capercailzie shot by Quarrier long ago in Norway, and presented to his brother-in-law.
",descriptive_space,2025-09-18
2450,PG4303_raw.txt,900,"Tobias settled himself in a chair, and kicked a coal from the bars of the grate.
",descriptive_space,2025-09-18
2451,PG42427_raw.txt,5695,"She had felt the fierce bounding of the stout little boat, the gusts of windy spray that flew over them, with a tinge of relief, since the buffeting made the inner pain less keen.
",perceived_space,2025-09-18
2452,PG42427_raw.txt,5721,"The room that had been prepared for her opened into the saloon.
",descriptive_space,2025-09-18
2453,PG42427_raw.txt,5762,"At two the affair ended and the carriages drew up to the windy porte-cochère.
",perceived_space,2025-09-18
2454,PG42427_raw.txt,5783,"He sat down at one of the desks and began the decoding of the text.
",action_space,2025-09-18
2455,PG42427_raw.txt,5811,"He rose and went quickly to the telephone in the next room.
",action_space,2025-09-18
2456,PG42427_raw.txt,5967,"The Admiral lifted himself from his chair.
",action_space,2025-09-18
2457,PG42427_raw.txt,6106,"Hatless, he rushed through the little garden, cleared the rear hedge at a bound, and fled, like a runaway from hell, toward the darkness of the vast parade-ground.
",action_space,2025-09-18
2458,PG42427_raw.txt,6109,"As Bersonin stood by the wistaria gate beside the pulsing motor, confused thoughts rushed through his mind into an eddying phantasmagoria.
",perceived_space,2025-09-18
2459,PG42427_raw.txt,6217,"The chauffeur swung himself from the seat into the crowd.
",action_space,2025-09-18
2460,PG42427_raw.txt,6245,"Then she opened the door and passed into the saloon.
",action_space,2025-09-18
2461,PG42427_raw.txt,6247,"She felt for the electric switch, but before she could find it, another movement sent her reeling against a stand.
",perceived_space,2025-09-18
2462,PG42427_raw.txt,6249,"There was a clicking sound, a soft whir, and then the music of _samisen_ filled the dark room.
",perceived_space,2025-09-18
2463,PG42427_raw.txt,6319,"Only the rush of the wind outside and the passionate sobbing of the girl who knelt in the dark room, her face buried in her hand, her heart tossed on the cross-tides of anguish and of joy.
",perceived_space,2025-09-18
2464,PG42427_raw.txt,6323,"The dawn had come--its pale, faint radiance sifted through the heavy glass ports and dimly lit the room.
",perceived_space,2025-09-18
2465,PG42427_raw.txt,6325,"She sprang to her feet, opened the door and hurried up the companion-way.
",action_space,2025-09-18
2466,PG42427_raw.txt,6330,"On the long, dimly-lighted roadways where the flying hoofs beat their furious tattoo, few carts were astir, and the trolleys had not yet appeared on the wider thoroughfares.
",perceived_space,2025-09-18
2467,PG42427_raw.txt,6339,"He went in, locking the door behind him.
",action_space,2025-09-18
2468,PG42427_raw.txt,6340,"There were no electric lights--he had been there heretofore only by day--and the carriage lamps made only a subdued glimmer that was reflected from the polished metal of the great winged thing resting on its carrier.
",perceived_space,2025-09-18
2469,PG26593_raw.txt,3222,"Nora went over to the casement window and stared at the darkening mountains.
",visual_space,2025-09-18
2470,PG26593_raw.txt,3233,"""I'm a silly fool, I suppose,"" she murmured, turning back into the room again.
",action_space,2025-09-18
2471,PG36442_raw.txt,1182,"Through that perfect stillness a cry had rung out, sudden as a shot.
",perceived_space,2025-09-18
2472,PG47378_raw.txt,3161,"But with her maid’s knock at the door the outer world had entered, with all its urgent claims and insistence.
",perceived_space,2025-09-18
2473,PG47378_raw.txt,3214,"The messenger at the door took in his card, and he heard Clavering, who was walking up and down the floor dictating to a stenographer, say in his agreeable voice, “Show the gentleman into the room at once.”
",action_space,2025-09-18
2474,PG47378_raw.txt,3222,"The masses of books and papers and type–writers’ and stenographers’ desks filled the room in an uncomfortable degree.
",perceived_space,2025-09-18
2475,PG47378_raw.txt,3322,"An electric lamp shone for a moment into the carriage and revealed Clavering sitting upright, his head raised, his fists clenched;
",perceived_space,2025-09-18
2476,PG47378_raw.txt,3503,"She went back to her father’s bedside and to reading the book she had laid down.
",action_space,2025-09-18
2477,PG47378_raw.txt,3517,"Elizabeth went to the window, whence she could see the Clavering house blazing with light and an army of liveried servants moving to and fro.
",visual_space,2025-09-18
2478,PG24826_raw.txt,179,"In the cool, shady drawing-room all was in perfect order too.
",perceived_space,2025-09-18
2479,PG24826_raw.txt,180,"There were flowers in the tall Indian vases on the mantelpiece, a great bowl of roses on the mosaic centre-table, and, as usual, a bunch of pansies on the little round table by the armchair in which Miss Wealthy always sat.
",descriptive_space,2025-09-18
2480,PG24826_raw.txt,231,"""The window-seat for me!"" cried Hildegarde, tossing her hat on the bed, and then leaning out of the window with both arms on the sill.
",action_space,2025-09-18
2481,PG18093_raw.txt,5253,"As he entered the living-room of the scow, Everett bowed frigidly to Lem Crabbe, and forgot to extend his hand to Lon.
",action_space,2025-09-18
2482,PG18093_raw.txt,5406,"Everett Brimbecomb took the letter Lon Cronk handed him, without rising from his chair.
",action_space,2025-09-18
2483,PG18093_raw.txt,5443,"Fledra dropped her comb and looked soberly at the other.
",action_space,2025-09-18
2484,PG18093_raw.txt,5466,"She slipped to the floor, picked up the sealed letter with her name on it, and climbed into bed again, while examining it closely.
",action_space,2025-09-18
2485,PG18093_raw.txt,5522,"She opened the window and looked out.
",visual_space,2025-09-18
2486,PG18093_raw.txt,5523,"It was but a short drop to the path at the side of the house.
",descriptive_space,2025-09-18
2487,PG18093_raw.txt,5525,"In another minute she had reached the road and had turned toward Brimbecomb's.
",action_space,2025-09-18
2488,PG18093_raw.txt,5526,"To escape any eyes in the house she had just left, she scurried to the graveyard.
",action_space,2025-09-18
2489,PG18093_raw.txt,5527,"For an instant only did she halt, and, somber-eyed, glance over the graves.
",visual_space,2025-09-18
2490,PG18093_raw.txt,5528,"She could easily mark the spot where she had lain so long with Floyd, and tears welled into her eyes as she thought of him.
",perceived_space,2025-09-18
2491,PG18093_raw.txt,5538,"Silence, as dense as that in God's Acre near her, reigned in the house.
",perceived_space,2025-09-18
2492,PG18093_raw.txt,5540,"Suddenly she heard a rapid step upon the road and crept back again to the corner of the building.
",perceived_space,2025-09-18
2493,PG18093_raw.txt,5542,"He stopped a moment and looked at Shellington's house, with a shrug of his shoulders.
",visual_space,2025-09-18
2494,PG18093_raw.txt,5545,"From her hiding-place in the shadow of the porch she came slowly forward.
",action_space,2025-09-18
2495,PG18093_raw.txt,5647,"The wind came sharply from the north as, dejectedly, the girl made her way to the river.
",perceived_space,2025-09-18
2496,PG18093_raw.txt,5651,"How many times had she seen the dark boat snuggled in the gloom as she saw it now!
",perceived_space,2025-09-18
2497,PG18093_raw.txt,5756,"The following day Shellington left for New York, immediately after breakfast.
",action_space,2025-09-18
2498,PG18093_raw.txt,5758,"An hour passed before she got up softly and turned on the light.
",action_space,2025-09-18
2499,PG18093_raw.txt,5760,"When she had finished, she stole along the hall to Horace's study, and left there the tear-stained envelops for him and her brother.
",action_space,2025-09-18
2500,PG18093_raw.txt,5761,"Once back in her room, she donned her street-clothes rapidly, and, after taking a silent farewell of the surroundings she loved, climbed through the window and dropped to the ground.
",action_space,2025-09-18
2501,PG18093_raw.txt,5762,"She crept stealthily to the back of the house and approached the dog-kennels.
",action_space,2025-09-18
2502,PG18093_raw.txt,5764,"Whines from several of the dogs made Fledra step inside, whence she glanced out misgivingly to see if she had been observed.
",perceived_space,2025-09-18
2503,PG18093_raw.txt,5766,"From a distant corner she heard the rattle of a chain.
",perceived_space,2025-09-18
2504,PG18093_raw.txt,5775,"The girl took the collar from the dog's neck and, picking him up quickly, retraced her steps.
",action_space,2025-09-18
2505,PG18093_raw.txt,5778,"Then she ran until she was far from the house;
",action_space,2025-09-18
2506,PG18093_raw.txt,5779,"but her steps lagged more and more as she neared the river.
",action_space,2025-09-18
2507,PG18093_raw.txt,5788,"Shuddering, Fledra went down the stairs into the living-room, where Lem and Lon awaited her.
",action_space,2025-09-18
2508,PG18093_raw.txt,5814,"Fledra heard the grinding of the boat against the landing as it was pulled slowly away, and she sprang to the window.
",perceived_space,2025-09-18
2509,PG18093_raw.txt,5815,"She took one last glimpse of the promised land, one lingering look at the twinkling lights, which shone like glow-worms and seemed to signal sympathy to the terrified girl.
",perceived_space,2025-09-18
2510,PG18093_raw.txt,5856,"Lon stepped backward from the chair, and whirled about so quickly that his coat was jerked from Fledra's grasp.
",action_space,2025-09-18
2511,PG18093_raw.txt,5903,"Fledra fled into the back room, and, closing the door quickly, slipped the bolt.
",action_space,2025-09-18
2512,PG18093_raw.txt,5904,"She glanced about the cabin, which through the candlelight looked dirty and miserably mean.
",perceived_space,2025-09-18
2513,PG18093_raw.txt,5908,"She picked it up, and, opening the door, shoved it far into the other room.
",action_space,2025-09-18
2514,PG18093_raw.txt,5920,"Herds of cattle grazed calmly on the hills, and she could hear the faint tinkling of their bells above the chug-chug of Middy's small steamer ahead.
",perceived_space,2025-09-18
2515,PG18093_raw.txt,5929,"When it was ready, she took her seat opposite Cronk, and Lem dragged a chair to the table by the aid of the hook on his arm.
",action_space,2025-09-18
2516,PG18093_raw.txt,5988,"The sheets were cold, while the pillow showed only a faint impression where Fledra's dark head had rested.
",perceived_space,2025-09-18
2517,PG18093_raw.txt,6014,"Not many minutes later Ann herself ushered Everett into the drawing-room, where she had spent such happy hours with him.
",action_space,2025-09-18
2518,PG18093_raw.txt,6075,"She sank again to the chair.
",action_space,2025-09-18
2519,PG18093_raw.txt,6198,"When he entered the boy's room Floyd was lying flat on his back, staring fixedly at Miss Shellington, who was deciphering the letter for him.
",action_space,2025-09-18
2520,PG18093_raw.txt,6233,"When Horace ushered Brimbecomb into his home, so firm was his belief that the young lawyer had been instrumental in removing Fledra that he restrained himself with difficulty from wringing a confession from the man by violence.
",action_space,2025-09-18
2521,PG18093_raw.txt,6300,"He threw the paper at the trembling girl, as he continued, ""Brimbecomb dropped it on the floor.
",action_space,2025-09-18
2522,PG18093_raw.txt,6424,"She was sitting near the window, her eyes pensive and sad.
",descriptive_space,2025-09-18
2523,PG18093_raw.txt,6493,"The spring days were beautiful, too beautiful to be in accord with her sadness.
",perceived_space,2025-09-18
2524,PG18093_raw.txt,6512,"As the gloom of the night deepened, Fledra could no more discern the outline of the steamer ahead, only its stern light disclosing its position.
",perceived_space,2025-09-18
2525,PG18093_raw.txt,6514,"Suddenly a light burst over the crest of the hills opposite, and the edge of the moon's disk rose higher and higher, until the glowing ball threw its soft, pale light over Cayuga and the surrounding country.
",perceived_space,2025-09-18
2526,PG18093_raw.txt,6792,"After the dishes were cleared away Fledra knelt by the open window, and peered out upon the water.
",visual_space,2025-09-18
2527,PG18093_raw.txt,6806,"Lon was staring out upon the lake with eyes somber and restless, eyes darkening under thoughts that threshed through his brains like a whirlwind.
",perceived_space,2025-09-18
2528,PG18093_raw.txt,6860,"Fledra glanced out of the window at the scow.
",visual_space,2025-09-18
2529,PG31870_raw.txt,1761,"Molly shook her head, danced sideways, wheeled, and finally collided with Pratt's grey pony.
",action_space,2025-09-18
2530,PG31870_raw.txt,1812,"A section of rail fence went down with a crash.
",action_space,2025-09-18
2531,PG4552_raw.txt,2237,"Kells was sitting upon a rock near the fire with a cup of coffee in his hand.
",descriptive_space,2025-09-18
2532,PG4552_raw.txt,2243,"There was a different atmosphere by daylight, and it was dominated by Kells.
",perceived_space,2025-09-18
2533,PG4552_raw.txt,2256,"About noon the cavalcade rode out of the mouth of a canon into a wide valley, surrounded by high, rounded foot-hills.
",action_space,2025-09-18
2534,PG4552_raw.txt,2258,"A wide, shallow, noisy stream split the valley.
",perceived_space,2025-09-18
2535,PG4552_raw.txt,2261,"It was narrow, rough-sided, and floored, but the trail was good.
",descriptive_space,2025-09-18
2536,PG4552_raw.txt,2262,"Presently it opened out into a beautiful V-shaped gulch, very different from the high-walled, shut-in canons.
",descriptive_space,2025-09-18
2537,PG4552_raw.txt,2263,"It had a level floor, through which a brook flowed, and clumps of spruce and pine, with here and there a giant balsam.
",descriptive_space,2025-09-18
2538,PG4552_raw.txt,2264,"Huge patches of wild flowers gave rosy color to the grassy slopes.
",perceived_space,2025-09-18
2539,PG4552_raw.txt,2265,"At the upper end of this gulch Joan saw a number of widely separated cabins.
",visual_space,2025-09-18
2540,PG4552_raw.txt,2279,"There were doors and windows with nothing in them.
",descriptive_space,2025-09-18
2541,PG4552_raw.txt,2299,"A door had been cut through the back wall.
",descriptive_space,2025-09-18
2542,PG4552_raw.txt,2301,"When she swept this aside she came upon several steep steps that led up to a smaller, lighter cabin of two rooms, separated by a partition of boughs.
",descriptive_space,2025-09-18
2543,PG4552_raw.txt,2302,"She dropped the blanket behind her and went up the steps.
",action_space,2025-09-18
2544,PG4552_raw.txt,2304,"It had no door or opening except the one by which she had entered.
",descriptive_space,2025-09-18
2545,PG4552_raw.txt,2305,"It was light because the chinks between the logs were open.
",descriptive_space,2025-09-18
2546,PG4552_raw.txt,2306,"The furnishings were a wide bench of boughs covered with blankets, a shelf with a blurred and cracked mirror hanging above it, a table made of boxes, and a lantern.
",descriptive_space,2025-09-18
2547,PG4552_raw.txt,2307,"This room was four feet higher than the floor of the other cabin.
",descriptive_space,2025-09-18
2548,PG4552_raw.txt,2308,"And at the bottom of the steps leaned a half-dozen slender trimmed poles.
",descriptive_space,2025-09-18
2549,PG4552_raw.txt,2315,"There were birds nesting in the chinks;
",descriptive_space,2025-09-18
2550,PG4552_raw.txt,2317,"through an opening near her face she saw a wild rose-bush and the green slope of the gulch;
",visual_space,2025-09-18
2551,PG4552_raw.txt,2318,"a soft, warm, fragrant breeze blew in, stirring her hair.
",perceived_space,2025-09-18
2552,PG4552_raw.txt,2319,"How strange that there could be beautiful and pleasant things here in this robber den;
",perceived_space,2025-09-18
2553,PG4552_raw.txt,2321,"that the sun shone and the sky gleamed blue.
",perceived_space,2025-09-18
2554,PG4552_raw.txt,2467,"Joan dropped the curtain, and in the darkness of her cabin she saw that white, haunting face, and when she covered her eyes she still saw it.
",perceived_space,2025-09-18
2555,PG4552_raw.txt,2481,"Gulden, huge, stolid, gloomy, was entering the cabin.
",perceived_space,2025-09-18
2556,PG4552_raw.txt,2503,"An uneasy stir and murmur ran through the room.
",perceived_space,2025-09-18
2557,PG4552_raw.txt,2535,"Then she yielded to the temptation to peep once more under the edge of the curtain.
",perceived_space,2025-09-18
2558,PG4552_raw.txt,2536,"The room was cloudy and blue with smoke.
",perceived_space,2025-09-18
2559,PG4552_raw.txt,2570,"But she had seen enough, and, turning away, she stumbled to the bed and lay there with an ache in her heart.
",action_space,2025-09-18
2560,PG4552_raw.txt,2572,"She saw bright, cold stars shining between the logs.
",perceived_space,2025-09-18
2561,PG4552_raw.txt,2573,"The night wind swept in cold and pure, with the dew of the mountain in it.
",perceived_space,2025-09-18
2562,PG4552_raw.txt,2574,"She heard the mourn of wolves, the hoot of an owl, the distant cry of a panther, weird and wild.
",perceived_space,2025-09-18
2563,PG4552_raw.txt,2575,"Yet outside there was a thick and lonely silence.
",perceived_space,2025-09-18
2564,PG4552_raw.txt,2576,"In that other cabin, from which she was mercifully shut out, there were different sounds, hideous by contrast.
",perceived_space,2025-09-18
2565,PG4552_raw.txt,2583,"Her view from both rooms was restricted to the green slope of the gulch up to yellow crags and the sky.
",visual_space,2025-09-18
2566,PG20471_raw.txt,304,"Slipping from the driver's seat, he caught her outstretched hand in both his own, his gray eyes alive with the light of a joyful anticipation which Grace had been quick to catch.
",action_space,2025-09-18
2567,PG20471_raw.txt,344,"Leaving the driver's seat, Tom opened the door of the tonneau and stretched forth an inviting hand.
",action_space,2025-09-18
2568,PG20471_raw.txt,450,"Her Golden Summer had indeed descended upon her in all its radiant glory.
",perceived_space,2025-09-18
2569,PG29278_raw.txt,1708,"And at last against the pallor of the sky, mountain after mountain lifted itself out of the shadowy cloud mass, and peak after peak defined itself, stretching on and on like an army of giants.
",perceived_space,2025-09-18
2570,PG29278_raw.txt,1709,"Then the ridges grew blacker again, and back of one edge a sharp flare of light flamed, and a blood red disc of a moon came pushing furiously up into the sky, flinging down a transforming radiance.
",perceived_space,2025-09-18
2571,PG29278_raw.txt,1710,"In the valley the silvery birches gleamed like wood nymphs against the ebony firs.
",perceived_space,2025-09-18
2572,PG29278_raw.txt,1711,"Beauty had touched the world again.
",perceived_space,2025-09-18
2573,PG29278_raw.txt,1743,"The moonlight flooded the mountain side with vague, uncertain light and the descent was a difficult and dangerous matter.
",perceived_space,2025-09-18
2574,PG29278_raw.txt,1746,"The moon was their only clue to direction and the moon seemed to be slipping past the peaks at a confusing speed.
",perceived_space,2025-09-18
2575,PG29278_raw.txt,1749,"The ledge on which they found themselves ended abruptly, like a bluff, and peering over its edge they looked down into the dark tops of tall fir trees.
",visual_space,2025-09-18
2576,PG29278_raw.txt,1762,"She tripped over roots; she caught upon brambles.
",action_space,2025-09-18
2577,PG29278_raw.txt,1764,"It had grown darker and darker and the moon had vanished utterly behind the clouds.
",perceived_space,2025-09-18
2578,PG29278_raw.txt,1765,"The air was damp and cold.
",perceived_space,2025-09-18
2579,PG29278_raw.txt,1766,"A wind was rising.
",perceived_space,2025-09-18
2580,PG29278_raw.txt,1769,"It wound on back across the mountain side and rounded a wooded spur.
",descriptive_space,2025-09-18
2581,PG29278_raw.txt,1801,"A cold sprinkle of rain fell, plastering her middy shiveringly to her, but the rain soon stopped and the path grew clearer and more and more defined as they stumbled along it to its end.
",perceived_space,2025-09-18
2582,PG29278_raw.txt,1803,"It was not really a cabin.
",descriptive_space,2025-09-18
2583,PG29278_raw.txt,1804,"It was just three walls of logs built against the rocky face of the mountain.
",descriptive_space,2025-09-18
2584,PG29278_raw.txt,1808,"The place was so tiny that a bed of boughs and blankets on the floor covered most of the space, save for a few boxes.
",descriptive_space,2025-09-18
2585,PG29278_raw.txt,1809,"Outside the doors were the ashes of old fires.
",descriptive_space,2025-09-18
2586,PG20870_raw.txt,2285,"The chords were very sweet, very deep and melodious.
",perceived_space,2025-09-18
2587,PG20870_raw.txt,2394,"She poured the liquid into a glass, and handed it to the sick girl.
",action_space,2025-09-18
2588,PG20870_raw.txt,2444,"A tap at the door stopped the conversation.
",perceived_space,2025-09-18
2589,PG20870_raw.txt,2566,"The room was very large, and was undoubtedly used formerly as a billiard parlor, for it was situated in the top of the big house, and on all sides were windows, even a colored glass skylight in the roof.
",descriptive_space,2025-09-18
2590,PG20870_raw.txt,2567,"The floors were of hardwood and covered partially with foreign rugs.
",descriptive_space,2025-09-18
2591,PG20870_raw.txt,2568,"There were low divans, but no tables nor chairs.
",descriptive_space,2025-09-18
2592,PG20870_raw.txt,2671,"I could throw myself from this window,"" and she went toward the open casement.
",action_space,2025-09-18
2593,PG20870_raw.txt,2697,"There was a tap at the door.
",perceived_space,2025-09-18
2594,PG20870_raw.txt,2699,"A very young girl stepped into the room timidly.
",action_space,2025-09-18
2595,PG20870_raw.txt,2701,"Helka opened the cigar box.
",action_space,2025-09-18
2596,PG20870_raw.txt,2749,"But after running her fingers across the strings she laid it down again.
",action_space,2025-09-19
2597,PG20870_raw.txt,2802,"They went up to the suite of rooms occupied by the young ladies.
",action_space,2025-09-19
2598,PG20870_raw.txt,2817,"The young men entered the room, where Belle, pale as a drooping white rose, lay on a couch under the window.
",action_space,2025-09-19
2599,PG20870_raw.txt,2833,"A hall boy tapped at the door and announced that some one wished to see Mr. Kimball.
",action_space,2025-09-19
2600,PG20870_raw.txt,2836,"In the hotel office they met two detectives sent by Mr. Rand.
",action_space,2025-09-19
2601,PG20870_raw.txt,2888,"The door suddenly opened.
",action_space,2025-09-19
2602,PG20870_raw.txt,3104,"It was the first time Cora had been out in the hall, and she looked around in wonderment.
",visual_space,2025-09-19
2603,PG20870_raw.txt,3105,"It was dark and dirty, so different from Helka's apartment.
",perceived_space,2025-09-19
2604,PG20870_raw.txt,3112,"The fresh air blew upon them.
",perceived_space,2025-09-19
2605,PG20870_raw.txt,3140,"A roadway was not too distant to be seen.
",visual_space,2025-09-19
2606,PG20870_raw.txt,3203,"An automobile dashed by.
",action_space,2025-09-19
2607,PG20870_raw.txt,3229,"It was night, and the room was quite dark.
",perceived_space,2025-09-19
2608,PG46926_raw.txt,1941,"It was enough that he entered the house for Nanny to fling herself into an attitude of despair.
",action_space,2025-09-19
2609,PG46926_raw.txt,1986,"The burying-ground runs eight feet above the ring; and there’s good grass there, and a nice tilt to the ground, and proper trees all round for the sporting public to climb into.
",descriptive_space,2025-09-19
2610,PG46926_raw.txt,2267,"The first glimmer of light was in the sky and the day opened cold and clear.
",perceived_space,2025-09-19
2611,PG46926_raw.txt,2268,"Stars shone overhead and the road tinkled with ice underfoot;
",perceived_space,2025-09-19
2612,PG46926_raw.txt,2328,"The bull-ring of Sheepstor is a grassy field of near an acre in extent, surrounded west and east with beech trees, hemmed by a road and a little river southward, and flanked by the churchyard wall on the north.
",descriptive_space,2025-09-19
2613,PG46926_raw.txt,2349,"Into the beech trees many boys had also climbed.
",action_space,2025-09-19
2614,PG46926_raw.txt,2450,"In getting away David fell and Bartley immediately went to his corner.
",action_space,2025-09-19
2615,PG46926_raw.txt,2580,"Then a roar rose round the ring and a hundred men and boys crowded in upon it.
",perceived_space,2025-09-19
2616,PG46926_raw.txt,2594,"Snow fell heavily now and detail was vanishing under it.
",perceived_space,2025-09-19
2617,PG46926_raw.txt,2624,"Snow began to fall in earnest at last.
",perceived_space,2025-09-19
2618,PG46926_raw.txt,2625,"Heavier and heavier it came, until Sheepstor and the churchyard and the bull-ring, with hills and valleys round about, vanished under a silent, far-flung cloth of silver.
",perceived_space,2025-09-19
2619,PG46926_raw.txt,2626,"After all the riot and life, noise and blood-letting, peace fell like a pall at noon.
",perceived_space,2025-09-19
2620,PG46926_raw.txt,2632,"On a day in summer, David Bowden wandered up the higher valleys of Meavy and stopped in a little dingle where the newborn river tumbled ten feet over a great apron of granite into a pool beneath.
",action_space,2025-09-21
2621,PG46926_raw.txt,2633,"In four separate threads the stream spouted over this mossy ledge, and then joined her foaming forces below.
",perceived_space,2025-09-21
2622,PG46926_raw.txt,2634,"Grey-green sallows thronged the top of this natural weir and the wind flashed a twinkle of silver into their foliage as the leaves leapt and turned.
",perceived_space,2025-09-21
2623,PG46926_raw.txt,2635,"Low hills sloped to this spot and made a natural nest.
",descriptive_space,2025-09-21
2624,PG46926_raw.txt,2637,"Beside the pool, wherein Meavy gathered again her scattered tresses, an old ruin stood; and round about the dwelling-places of primæval man glimmered grey upon the heath.
",perceived_space,2025-09-21
2625,PG46926_raw.txt,2640,"Broken walls eight feet high surrounded it;
",descriptive_space,2025-09-21
2626,PG46926_raw.txt,2641,"an oven still gaped in one angle, and the wide chimney-shaft now made a green twilight of dewy ferns and mosses.
",perceived_space,2025-09-21
2627,PG46926_raw.txt,2642,"Bowden crept into the ruin and looked about him, as he had already done many times before.
",visual_space,2025-09-21
2628,PG46926_raw.txt,2643,"At his feet lay old moulds hollowed out of the granite; and where molten tin once ran, now glittered water caught from the last shower.
",perceived_space,2025-09-21
2629,PG46926_raw.txt,2647,"he thought of white wheaten loaves baking in the oven; he almost smelt them; and he saw above this loneliness the thin blue ringlets of peat smoke that soon would rise and curl on the west wind’s fingers and tell chance wanderers that a home lay hidden by water’s brink in the glen beneath.
",perceived_space,2025-09-21
2630,PG46926_raw.txt,2648,"The place was very sequestered, very remote from all other habitations; and he liked it the better for that.
",descriptive_space,2025-09-21
2631,PG46926_raw.txt,2655,"The facts that most impressed Bowden at the moment were certain loads of lime and sand, together with granite boulders, water-worn, from the stream bed close at hand.
",perceived_space,2025-09-21
2632,PG46926_raw.txt,2658,"While he sat here now, slowly, stolidly planning the future and waiting for Margaret to meet him, certain black-faced, horned sheep approached, drew up at a safe distance and lifted their yellow eyes to him inquiringly.
",perceived_space,2025-09-21
2633,PG46926_raw.txt,2810,"He marched to the stream, put down his bill and tasted the water;
",action_space,2025-09-21
2634,PG46926_raw.txt,2812,"Under the little bridge they went, and the drake, screwing round his head, cast an upward glance at the parapet as he passed by.
",action_space,2025-09-21
2635,PG46926_raw.txt,2991,"To Margaret Stanbury belonged the mind that suffers sadness at the return of autumn; and even with this autumn, which was to see her marry the man she loved, her usual emotions wakened as the light again faded out of the ling;
",perceived_space,2025-09-21
2636,PG46926_raw.txt,2992,"as the brake-fern once more flashed its first auburn signal from the hills;
",perceived_space,2025-09-21
2637,PG46926_raw.txt,2993,"as the lamp of the autumnal furze went out and left the Moor darkling.
",perceived_space,2025-09-21
2638,PG46926_raw.txt,2994,"Grey rain swept the desert and the fog-banks gathered together in high places.
",perceived_space,2025-09-21
2639,PG46926_raw.txt,2996,"Winter returned with the careless step of a conqueror.
",perceived_space,2025-09-21
2640,PG46926_raw.txt,2997,"Now he delayed for a little, while belated flowers bloomed hastily and ephemeral things, leaping into life, hurried through their brief hours during some golden interval of sunlight and warmth;
",perceived_space,2025-09-21
2641,PG46926_raw.txt,2998,"but the inevitable came nearer as surely as the days grew short and the nights long, as surely as the sun’s chariot flamed on a narrower path and the way of the moon ascended into higher heaven.
",perceived_space,2025-09-21
2642,PG46926_raw.txt,3047,"Among reddening banks of bracken that spread in a tangle above a little hollow, where scarlet and purple of the bramble fluttered, and sloes took the hue of ripeness, there thrust up an object, livid and gigantic.
",perceived_space,2025-09-21
2643,PG46926_raw.txt,3081,"Then the twins returned to their boats and she entered her lover’s home.
",action_space,2025-09-21
2644,PG46926_raw.txt,3221,"Mr. Hartley Crocker approached them and took off his hat.
",action_space,2025-09-21
2645,PG46926_raw.txt,3246,"The place smelt of leather and cobbler’s wax; but, as Mr. Bowden had prophesied in the past, these harmless odours vanished when the meal began.
",perceived_space,2025-09-21
2646,PG46926_raw.txt,3270,"The wine was opened and poured into thirty glasses.
",action_space,2025-09-21
2647,PG46926_raw.txt,3355,"Now nearly a score of pipes began to glow, and the wedding guests set out on many roads.
",perceived_space,2025-09-21
2648,PG46926_raw.txt,3385,"then she and her husband were swallowed up by the roaming, red light that misted under the sunset.
",perceived_space,2025-09-21
2649,PG46926_raw.txt,3403,"On the floor of the room lay no carpet;
",descriptive_space,2025-09-21
2650,PG46926_raw.txt,3409,"Margaret began to fear for the tea, but David was a punctual man, and at five minutes past the appointed time a light flashed in the outer darkness, a cart creaked and jolted over the rough way, a dog barked and Rhoda’s deep tones answered it.
",perceived_space,2025-09-21
2651,PG46926_raw.txt,3458,"Two nights agone the moon was full, and Rhoda went out for to breathe the air and see if there was a fox down by the fowl-house.
",perceived_space,2025-09-21
2652,PG46926_raw.txt,3500,"She lighted a candle and exhibited the glory of her best room to Rhoda’s gaze.
",perceived_space,2025-09-21
2653,PG46926_raw.txt,3560,"The horn lantern was lighted and Madge led Rhoda where her husband had planted a row of flat stepping-stones across the river.
",action_space,2025-09-21
2654,PG46926_raw.txt,3562,"In the light of the flame their shining noses and lustrous eyes flashed out of the gloom, and they leapt about the women.
",perceived_space,2025-09-21
2655,PG46926_raw.txt,3581,"At noon in early May, when the willow’s golden flowers ran up the still naked stems like fire;
",perceived_space,2025-09-21
2656,PG46926_raw.txt,3582,"when the clouds in the sky were large and fleecy and the birds sang again from dawn till even, Bartley, walking beside the leat, where it wound like a silver ribbon between Lowery Tor and Lowery Farm, met Rhoda Bowden.
",perceived_space,2025-09-21
2657,PG46926_raw.txt,3735,"Beautiful spring weather, to be sure.
",perceived_space,2025-09-21
2658,PG46926_raw.txt,3793,"The east wind roared over Madge where she sat snug in a little pit;
",perceived_space,2025-09-21
2659,PG46926_raw.txt,3794,"but the sun was warm and found her there.
",perceived_space,2025-09-21
2660,PG46926_raw.txt,3816,"At hand morning and night alternately swung up over the uttermost eastern desolation that even Dartmoor offers.
",perceived_space,2025-09-21
2661,PG46926_raw.txt,3820,"She saw her father’s fields on the hillside and knew them by their names.
",visual_space,2025-09-21
2662,PG46926_raw.txt,3828,"She looked at a small cottage near Lowery, far distant on the opposite side of the river.
",visual_space,2025-09-21
2663,PG46926_raw.txt,3830,"The roof was of turf, mended with a piece of corrugated iron kept in its place by heavy stones;
",descriptive_space,2025-09-21
2664,PG46926_raw.txt,3831,"the broken windows were stuffed with clouts.
",descriptive_space,2025-09-21
2665,PG46926_raw.txt,3832,"A few fowls pecked about the threshold, and adjoining the dwelling stood a cow-byre under the same roof with it.
",descriptive_space,2025-09-21
2666,PG46926_raw.txt,3833,"The front gate was rotted away and rusty pieces of an old iron bedstead had taken its place.
",descriptive_space,2025-09-21
2667,PG13905_raw.txt,1253,"One day John was out in the forest, not far from the Hermit's hut, cutting wood for the winter, which was near at hand.
",action_space,2025-09-21
2668,PG13905_raw.txt,1285,"He turned from the tree in which the bear had now found a place of safety behind a crotch, and pointed his arrow at John.
",action_space,2025-09-21
2669,PG13905_raw.txt,1292,"The two lads clinched, swayed, and finally fell to the ground, rolling over and over.
",action_space,2025-09-21
2670,PG13905_raw.txt,1300,"Presently he also rose, sullenly, and pulled on his cap which had fallen off.
",action_space,2025-09-21
2671,PG13905_raw.txt,1320,"John found the Hermit sitting as usual beside the door of his hut, reading his book.
",descriptive_space,2025-09-21
2672,PG720_raw.txt,2602,"She swung the bow of the canoe towards the river, but did not let go the gunwale, keeping her hand on it in irresolute thoughtfulness.
",action_space,2025-09-21
2673,PG720_raw.txt,2625,"When she recovered herself from the effort she tried vainly to catch a glimpse of the canoe that seemed to have dissolved suddenly into the white mist trailing over the heated waters of the Pantai.
",perceived_space,2025-09-21
2674,PG720_raw.txt,2635,"She went straight towards the cooking-shed, observing that the embers of the fire there glowed more brightly than usual, as if somebody had been adding fresh fuel to the fires during the evening.
",perceived_space,2025-09-21
2675,PG720_raw.txt,2636,"As she approached, Babalatchi, who had been squatting in the warm glow, rose and met her in the shadow outside.
",perceived_space,2025-09-21
2676,PG720_raw.txt,2695,"A couple of bats, encouraged by the darkness and the peaceful state of affairs, resumed their silent and oblique gambols above Almayer's head, and for a long time the profound quiet of the house was unbroken, save for the deep breathing of the sleeping man and the faint tinkle of silver in the hands of the woman preparing for flight.
",perceived_space,2025-09-21
2677,PG720_raw.txt,2696,"In the increasing light of the moon that had risen now above the night mist, the objects on the verandah came out strongly outlined in black splashes of shadow with all the uncompromising ugliness of their disorder, and a caricature of the sleeping Almayer appeared on the dirty whitewash of the wall behind him in a grotesquely exaggerated detail of attitude and feature enlarged to a heroic size.
",perceived_space,2025-09-21
2678,PG720_raw.txt,2698,"Then the boards in the passage creaked, the lizard vanished, and Almayer stirred uneasily with a sigh: slowly, out of the senseless annihilation of drunken sleep, he was returning, through the land of dreams, to waking consciousness.
",perceived_space,2025-09-21
2679,PG720_raw.txt,2701,"Stars above, stars all round him; and from the stars under his feet rose a whisper full of entreaties and tears, and sorrowful faces flitted amongst the clusters of light filling the infinite space below.
",perceived_space,2025-09-21
2680,PG720_raw.txt,2736,"The shadowy woman seemed to shrink and recede a little from him towards the doorway, and there was a shriek.
",perceived_space,2025-09-21
2681,PG720_raw.txt,2784,"but he could not stop the sounds that seemed to him to run out in a hot stream, swirl about his feet, and rise in scalding waves about him, higher, higher, drowning his heart, touching his lips with a feel of molten lead, blotting out his sight in scorching vapour, closing over his head, merciless and deadly.
",perceived_space,2025-09-21
2682,PG720_raw.txt,2824,"A light draught from the river ran over the courtyard in a wave of bowing grass and, entering the verandah, touched Almayer's forehead with its cool breath, in a caress of infinite pity.
",perceived_space,2025-09-21
2683,PG720_raw.txt,2825,"The curtain in the women's doorway blew out and instantly collapsed with startling helplessness.
",perceived_space,2025-09-21
2684,PG720_raw.txt,2829,"The wind passed out of the empty house in a tremulous sigh, and all was still.
",perceived_space,2025-09-21
2685,PG720_raw.txt,2833,"In the middle of a shadowless square of moonlight, shining on a smooth and level expanse of young rice-shoots, a little shelter-hut perched on high posts, the pile of brushwood near by and the glowing embers of a fire with a man stretched before it, seemed very small and as if lost in the pale green iridescence reflected from the ground.
",perceived_space,2025-09-21
2686,PG720_raw.txt,2834,"On three sides of the clearing, appearing very far away in the deceptive light, the big trees of the forest, lashed together with manifold bonds by a mass of tangled creepers, looked down at the growing young life at their feet with the sombre resignation of giants that had lost faith in their strength.
",perceived_space,2025-09-21
2687,PG720_raw.txt,2838,"The pathway ended at the foot of the piles on which the hut was built, in a circular space covered with ashes and bits of burnt wood.
",descriptive_space,2025-09-21
2688,PG720_raw.txt,2841,"The glowing embers shone redly in a small circle, throwing a gleam into his wide-open eyes, and at every deep breath the fine white ash of bygone fires rose in a light cloud before his parted lips, and danced away from the warm glow into the moonbeams pouring down upon Bulangi's clearing.
",perceived_space,2025-09-21
2689,PG720_raw.txt,2853,"Startled by the vividness of his fancy, he would open his eyes, and, leaping out into the sunlight, resume his aimless wanderings around the clearing.
",perceived_space,2025-09-21
2690,PG720_raw.txt,2854,"As he skirted in his weary march the edge of the forest he glanced now and then into its dark shade, so enticing in its deceptive appearance of coolness, so repellent with its unrelieved gloom, where lay, entombed and rotting, countless generations of trees, and where their successors stood as if mourning, in dark green foliage, immense and helpless, awaiting their turn.
",perceived_space,2025-09-21
2691,PG720_raw.txt,2858,"An acrid smell of damp earth and of decaying leaves took him by the throat, and he drew back with a scared face, as if he had been touched by the breath of Death itself.
",perceived_space,2025-09-21
2692,PG720_raw.txt,2862,"He would wait for his enemies in the sunlight, where he could see the sky and feel the breeze.
",perceived_space,2025-09-21
2693,PG720_raw.txt,2867,"He saw the bearded faces and the white jackets of the officers, the light on the levelled barrels of the rifles.
",perceived_space,2025-09-21
2694,PG720_raw.txt,2882,"The sun went down slowly.
",perceived_space,2025-09-21
2695,PG720_raw.txt,2883,"The shadow of the western forest marched over the clearing, covered the man's scorched shoulders with its cool mantle, and went on hurriedly to mingle with the shadows of other forests on the eastern side.
",perceived_space,2025-09-21
2696,PG720_raw.txt,2884,"The sun lingered for a while amongst the light tracery of the higher branches, as if in friendly reluctance to abandon the body stretched in the green paddy-field.
",perceived_space,2025-09-21
2697,PG720_raw.txt,2885,"Then Dain, revived by the cool of the evening breeze, sat up and stared round him.
",perceived_space,2025-09-21
2698,PG720_raw.txt,2886,"As he did so the sun dipped sharply, as if ashamed of being detected in a sympathising attitude, and the clearing, which during the day was all light, became suddenly all darkness, where the fire gleamed like an eye.
",perceived_space,2025-09-21
2699,PG720_raw.txt,2887,"Dain walked slowly towards the creek, and, divesting himself of his torn sarong, his only garment, entered the water cautiously.
",action_space,2025-09-21
2700,PG720_raw.txt,2915,"A slight grating noise, then the dry sound as of two pieces of wood struck against each other.
",perceived_space,2025-09-21
2701,PG720_raw.txt,2917,"He took up an armful of brushwood, and, without taking his eyes from the path, held it over the embers of his fire.
",action_space,2025-09-21
2702,PG720_raw.txt,2918,"He waited, undecided, and saw something gleam amongst the bushes;
",perceived_space,2025-09-21
2703,PG720_raw.txt,2919,"then a white figure came out of the shadows and seemed to float towards him in the pale light.
",perceived_space,2025-09-21
2704,PG720_raw.txt,2924,"A small blue gleam crept amongst the dry branches, and the crackling of reviving fire was the only sound as they faced each other in the speechless emotion of that meeting;
",perceived_space,2025-09-21
2705,PG720_raw.txt,2931,"It has the same meaning for the man of the forests and the sea as for the man threading the paths of the more dangerous wilderness of houses and streets.
",action_space,2025-09-21
2706,PG720_raw.txt,2961,"Their forms melted in the play of light and shadow at the foot of the big trees, but the murmur of tender words lingered over the empty clearing, grew faint, and died out.
",perceived_space,2025-09-21
2707,PG720_raw.txt,2962,"A sigh as of immense sorrow passed over the land in the last effort of the dying breeze, and in the deep silence which succeeded, the earth and the heavens were suddenly hushed up in the mournful contemplation of human love and human blindness.
",perceived_space,2025-09-21
2708,PG720_raw.txt,2963,"They walked slowly back to the fire.
",action_space,2025-09-21
2709,PG720_raw.txt,2968,"He spoke of its terraced fields, of the murmuring clear rills of sparkling water that flowed down the sides of great mountains, bringing life to the land and joy to its tillers.
",perceived_space,2025-09-21
2710,PG720_raw.txt,3003,"The fire was burning very low, and small clouds--precursors of the storm--crossed the face of the moon in rapid succession, and their flying shadows darkened the clearing.
",perceived_space,2025-09-21
2711,PG720_raw.txt,3006,"Through a break in the flying clouds a sudden and fleeting brightness descended upon the clearing.
",perceived_space,2025-09-21
2712,PG720_raw.txt,3035,"The reflection of a distant flash of lightning lit up the clouds over their heads, and was followed after a short interval by the faint rumble of thunder, which mingled with Almayer's voice as he began to speak.
",perceived_space,2025-09-21
2713,PG720_raw.txt,3143,"There was not a glimmer of light in the sky now, and the tops of the trees were as invisible as their trunks, being lost in the mass of clouds that hung low over the woods, the clearing, and the river.
",perceived_space,2025-09-21
2714,PG720_raw.txt,3145,"Only the fire glimmered like a star forgotten in this annihilation of all visible things, and nothing was heard after Dain ceased speaking but the sobs of Nina, whom he held in his arms, kneeling beside the fire.
",perceived_space,2025-09-21
2715,PG720_raw.txt,3186,"By the dim glow of the burning-out fire he saw their two motionless figures.
",perceived_space,2025-09-21
2716,PG720_raw.txt,3208,"Ali answered to his call, and, pushing their way through the dense bush, they stepped into the canoe hidden under the overhanging branches.
",action_space,2025-09-21
2717,PG720_raw.txt,3213,"In the great stillness before the bursting out of the thunderstorm they could hear the sound of oars working regularly in their row-locks.
",perceived_space,2025-09-21
2718,PG720_raw.txt,3214,"The sound approached steadily, and Dain, looking through the branches, could see the faint shape of a big white boat.
",perceived_space,2025-09-21
2719,PG720_raw.txt,3224,"The little canoe swung into the stream, and as it sprung forward in response to the vigorous dig of the paddles they could hear an angry shout.
",action_space,2025-09-21
2720,PG720_raw.txt,3236,"The sun, rising above the calm waters of the Straits, marked its own path by a streak of light that glided upon the sea and darted up the wide reach of the river, a hurried messenger of light and life to the gloomy forests of the coast; and in this radiance of the sun's pathway floated the black canoe heading for the islet which lay bathed in sunshine, the yellow sands of its encircling beach shining like an inlaid golden disc on the polished steel of the unwrinkled sea.
",perceived_space,2025-09-21
2721,PG720_raw.txt,3237,"To the north and south of it rose other islets, joyous in their brilliant colouring of green and yellow, and on the main coast the sombre line of mangrove bushes ended to the southward in the reddish cliffs of Tanjong Mirrah, advancing into the sea, steep and shadowless under the clear, light of the early morning.
",perceived_space,2025-09-21
2722,PG720_raw.txt,3240,"Almayer was the last to leave the boat, and together with Ali ran it higher up on the beach.
",action_space,2025-09-21
2723,PG720_raw.txt,3242,"Almayer sat sideways on the gunwale, and with his arms crossed on his breast, looked to the southward upon the sea.
",visual_space,2025-09-21
2724,PG720_raw.txt,3243,"After carefully laying Nina down in the shade of the bushes growing in the middle of the islet, Dain threw himself beside her and watched in silent concern the tears that ran down from under her closed eyelids, and lost themselves in that fine sand upon which they both were lying face to face.
",action_space,2025-09-21
2725,PG720_raw.txt,3258,"He rose and walked towards Almayer, who still sat absorbed in his contemplation of the sea.
",perceived_space,2025-09-21
2726,PG720_raw.txt,3295,"He ceased, and they both sat silent side by side, not looking at each other, but gazing at the vast expanse of the sea.
",visual_space,2025-09-21
2727,PG720_raw.txt,3330,"A thunderbolt has fallen from that sky, and suddenly all is still and dark around me for ever.
",perceived_space,2025-09-21
2728,PG720_raw.txt,3369,"They all looked at it and remained standing in silence till the little canoe came gently on the beach and a man landed and walked towards them.
",perceived_space,2025-09-21
2729,PG720_raw.txt,3384,"He followed their figures moving in the crude blaze of the vertical sun, in that light violent and vibrating, like a triumphal flourish of brazen trumpets.
",perceived_space,2025-09-21
2730,PG720_raw.txt,3388,"He looked at them embarking, and at the canoe growing smaller in the distance, with rage, despair, and regret in his heart, and on his face a peace as that of a carved image of oblivion.
",perceived_space,2025-09-21
2731,PG720_raw.txt,3392,"As the sun declined, the sea-breeze sprang up from the northward and shivered with its breath the glassy surface of the water.
",perceived_space,2025-09-21
2732,PG720_raw.txt,3404,"It was the sail of the prau that had caught the sunlight and stood out, distinct with its gay tint, on the dark red of the cape.
",perceived_space,2025-09-21
2733,PG720_raw.txt,3405,"The yellow triangle crept slowly from cliff to cliff, till it cleared the last point of land and shone brilliantly for a fleeting minute on the blue of the open sea.
",perceived_space,2025-09-21
2734,PG720_raw.txt,3408,"Round the little islet the air was full of the talk of the rippling water.
",perceived_space,2025-09-21
2735,PG720_raw.txt,3409,"The crested wavelets ran up the beach audaciously, joyously, with the lightness of young life, and died quickly, unresistingly, and graciously, in the wide curves of transparent foam on the yellow sand.
",perceived_space,2025-09-21
2736,PG720_raw.txt,3410,"Above, the white clouds sailed rapidly southwards as if intent upon overtaking something.
",perceived_space,2025-09-21
2737,PG720_raw.txt,3443,"Finally he picked up the table and sat on it while the monkey let itself down from the roof-stick by its chain and perched on his shoulder.
",action_space,2025-09-22
2738,PG720_raw.txt,3448,"After some time he got up and went to the door of a room on the right of the verandah.
",action_space,2025-09-22
2739,PG720_raw.txt,3452,"The door was locked, and he stood biting his lower lip, trying to think of the place where the key could be.
",action_space,2025-09-22
2740,PG720_raw.txt,3454,"He went over to the doorway where the red curtain hung down in motionless folds, and hesitated for a moment before pushing it aside with his shoulder as if breaking down some solid obstacle.
",action_space,2025-09-22
2741,PG720_raw.txt,3455,"A great square of sunshine entering through the window lay on the floor.
",perceived_space,2025-09-22
2742,PG720_raw.txt,3458,"near it the brass nails of Nina's European trunk shone in the large initials N. A. on the cover.
",visual_space,2025-09-22
2743,PG720_raw.txt,3462,"He looked round and saw it near the door where he stood.
",visual_space,2025-09-22
2744,PG720_raw.txt,3463,"It was red with rust.
",descriptive_space,2025-09-22
2745,PG720_raw.txt,3468,"He went out again on the verandah and stood by the table thinking.
",action_space,2025-09-22
2746,PG720_raw.txt,3479,"He went towards the office door and with some difficulty managed to open it.
",action_space,2025-09-22
2747,PG720_raw.txt,3480,"He entered in a cloud of dust that rose under his feet.
",perceived_space,2025-09-22
2748,PG720_raw.txt,3487,"In the middle of the room the big office desk, with one of its legs broken, careened over like the hull of a stranded ship;
",descriptive_space,2025-09-22
2749,PG720_raw.txt,3488,"most of the drawers had fallen out, disclosing heaps of paper yellow with age and dirt.
",descriptive_space,2025-09-22
2750,PG720_raw.txt,3491,"He desisted, and his eyes wandered slowly from object to object.
",visual_space,2025-09-22
2751,PG720_raw.txt,3493,"The desk, the paper, the torn books, and the broken shelves, all under a thick coat of dust.
",descriptive_space,2025-09-22
2752,PG720_raw.txt,3499,"He came out quickly, slammed the door after him, turned the key, and, taking it out, ran to the front rail of the verandah, and, with a great swing of his arm, sent the key whizzing into the river.
",action_space,2025-09-22
2753,PG720_raw.txt,3501,"Then he sat again on the table and looked fixedly at the door of the room he had just left.
",visual_space,2025-09-22
2754,PG720_raw.txt,3503,"He heard a dry sound of rustling;
",perceived_space,2025-09-22
2755,PG720_raw.txt,3504,"sharp cracks as of dry wood snapping;
",perceived_space,2025-09-22
2756,PG720_raw.txt,3505,"a whirr like of a bird's wings when it rises suddenly, and then he saw a thin stream of smoke come through the keyhole.
",perceived_space,2025-09-22
2757,PG720_raw.txt,3511,"He could hear the yells of alarm and surprise in the settlement.
",perceived_space,2025-09-22
2758,PG720_raw.txt,3516,"The smoke burst through the crevices of the door, and Ali, with the hammock in his arms, cleared in one bound the steps of the verandah.
",perceived_space,2025-09-22
2759,PG720_raw.txt,3519,"The door split from top to bottom, and a rush of flame and smoke drove Almayer away from the table to the front rail of the verandah.
",perceived_space,2025-09-22
2760,PG720_raw.txt,3520,"He held on there till a great roar overhead assured him that the roof was ablaze.
",perceived_space,2025-09-22
2761,PG720_raw.txt,3522,"On the other side of the ditch, separating Almayer's courtyard from the settlement, a crowd of the inhabitants of Sambir looked at the burning house of the white man.
",visual_space,2025-09-22
2762,PG720_raw.txt,3523,"In the calm air the flames rushed up on high, coloured pale brick-red, with violet gleams in the strong sunshine.
",perceived_space,2025-09-22
2763,PG720_raw.txt,3524,"The thin column of smoke ascended straight and unwavering till it lost itself in the clear blue of the sky, and, in the great empty space between the two houses the interested spectators could see the tall figure of the Tuan Putih, with bowed head and dragging feet, walking slowly away from the fire towards the shelter of ""Almayer's Folly.""
",perceived_space,2025-09-22
2764,PG720_raw.txt,3534,"In the dim light of the rooms with their closed shutters, in the bright sunshine of the verandah, wherever he went, whichever way he turned, he saw the small figure of a little maiden with pretty olive face, with long black hair, her little pink robe slipping off her shoulders, her big eyes looking up at him in the tender trustfulness of a petted child.
",perceived_space,2025-09-22
2765,PG720_raw.txt,3547,"Ali had heard a great noise as of running about inside the room and groans.
",perceived_space,2025-09-22
2766,PG720_raw.txt,3559,"During a great flood the jetty of Lingard and Co. left the bank and floated down the river, probably in search of more cheerful surroundings;
",action_space,2025-09-22
2767,PG720_raw.txt,3560,"even the flock of geese--""the only geese on the east coast""--departed somewhere, preferring the unknown dangers of the bush to the desolation of their old home.
",perceived_space,2025-09-22
2768,PG720_raw.txt,3604,"Ford glanced in through the doorway.
",visual_space,2025-09-22
2769,PG720_raw.txt,3605,"In the dim light of the room he could see Almayer lying on his back on the floor, his head on a wooden pillow, the long white beard scattered over his breast, the yellow skin of the face, the half-closed eyelids showing the whites of the eye only. .
",perceived_space,2025-09-22
2770,PG720_raw.txt,3618,"The steamer was leaving next morning, and the old statesman came as usual for a last chat.
",action_space,2025-09-24
2771,PG43806_raw.txt,1592,"Therefore it was Nathan rode on at the best speed of his horse, and his comrade found it difficult to maintain the pace, consequently there was no opportunity for conversation during twenty minutes or more, at the end of which time they were come up with Abbott.
",action_space,2025-09-24
2772,PG43806_raw.txt,1632,"Nathan and Evan rode swiftly and in silence during twenty minutes or more after leaving Abbott, understanding full well that the trail was growing fresher each instant; and then the former saw a certain suspicious movement of branches at one side of the path some distance away.
",perceived_space,2025-09-24
2773,PG43806_raw.txt,1712,"After a brief consultation the two lads concluded it would be safe to leave the prisoner with Abbott, particularly since Colonel McDowells had so instructed them; and in less than two hours from the time of leaving the encampment, they were riding back at full speed, hoping it might be possible to arrive before the force had started on the march toward King's Mountain.
",action_space,2025-09-24
2774,PG43806_raw.txt,1732,"I saw them making their way up the hill when the shot was flying around them like hail, and it was as if neither realized the peril, or, realizing it, as if he heeded not the possibility that death might come at any instant.
",perceived_space,2025-09-24
2775,PG4310_raw.txt,4690,"the blind of Rosamund's sitting-room showed that there was lamplight within; and at ten o'clock Warburton still hung about the square, hoping--against his reason--that she might come forth.
",perceived_space,2025-09-24
2776,PG4310_raw.txt,4691,"He went home, and wrote to her.
",action_space,2025-09-24
2777,PG4310_raw.txt,4700,"He stood looking at the house for a moment, then approached, and knocked at the door.
",action_space,2025-09-24
2778,PG4310_raw.txt,4715,"The streets of Paris, dim vistas under a rosy dawn, had no reality for his eyes; the figures flitting here and there, the voices speaking a foreign tongue, made part of a phantasm in which he himself moved no less fantastically.
",perceived_space,2025-09-24
2779,PG4310_raw.txt,4723,"Then he found himself seated in a corner of the railway carriage, an unknown landscape slipping away before his eyes.
",perceived_space,2025-09-24
2780,PG4310_raw.txt,4779,"The sun still beat upon him, and he streamed at every pore.
",perceived_space,2025-09-24
2781,PG4310_raw.txt,4781,"This way and that, along the broad and narrow walks, he hurried in torment, until of a sudden, at a great distance, he descried a figure seated on a bench.
",perceived_space,2025-09-24
2782,PG4310_raw.txt,4784,"When he awoke a sense of strangeness hung about him, and, as he sat up in bed, he remembered.
",perceived_space,2025-09-24
2783,PG4310_raw.txt,4788,"Looking around, he perceived at length a thread of light, of daylight undoubtedly, which must come from the window.
",perceived_space,2025-09-24
2784,PG4310_raw.txt,4789,"He got out of bed, cautiously crossed the floor, found the window, and the means of opening it, then unlatched the shutters which had kept the room in darkness.
",action_space,2025-09-24
2785,PG4310_raw.txt,4790,"At once a flood of sunshine poured in.
",perceived_space,2025-09-24
2786,PG4310_raw.txt,4791,"Looking forth, he saw a quiet little street of houses and gardens, and beyond, some miles away, a mountain peak rising against the cloudless blue.
",visual_space,2025-09-24
2787,PG4310_raw.txt,4793,"He rang the bell, and learnt that the hour was nearly eleven.
",action_space,2025-09-24
2788,PG4310_raw.txt,4806,"He passed through the length of the town, crossed the little river Nivelle, where he paused for a moment on the bridge, to gaze at the panorama of mountains, all but to the summit clad in soft verdure, and presently turned into an inland road, which led him between pastures and fields of maize, gently upwards.
",perceived_space,2025-09-24
2789,PG4310_raw.txt,4807,"On a height before him stood a house, which he believed to be that he sought;
",visual_space,2025-09-24
2790,PG4310_raw.txt,4862,"Next morning he bathed, and had a long walk, coming back by way of the Coppingers' house, but passing quickly, and seeing no one.
",action_space,2025-09-24
2791,PG4310_raw.txt,4871,"The weather was very hot--unusually hot, said people at the hotel.
",perceived_space,2025-09-24
2792,PG4310_raw.txt,4872,"As he climbed the hill between three and four o'clock, the sun's ardour reminded him of old times in the tropics.
",perceived_space,2025-09-24
2793,PG4310_raw.txt,4873,"He passed along the shady avenue, and the house door was opened to him by a Basque maid-servant, who led him to the drawing-room.
",action_space,2025-09-24
2794,PG4310_raw.txt,4874,"Here, in a dim light which filtered through the interstices of shutters, sat the lady of the house alone.
",perceived_space,2025-09-24
2795,PG4310_raw.txt,4885,"Blazing hot, but it won't last long.
",perceived_space,2025-09-24
2796,PG4310_raw.txt,4915,"On the fourth day of his waiting, the weather suddenly broke, rain fell in torrents, and continued for forty-eight hours.
",perceived_space,2025-09-24
2797,PG4310_raw.txt,4917,"Returning to the hotel on the second evening of deluge, he looked in at the post-office, and this time a letter was put into his hand.
",action_space,2025-09-24
2798,PG4310_raw.txt,4933,"Will thrust the letter into his pocket, went out into the street, and walked to the hotel through heavy rain, without thinking to open his umbrella.
",perceived_space,2025-09-24
2799,PG4310_raw.txt,4934,"Next morning, the sky was clear again, the sunny air fresh as that of spring.
",perceived_space,2025-09-24
2800,PG4310_raw.txt,4936,"He took train to Hendaye, the little frontier town, at the mouth of the Bidassoa, crossed the river in a boat, stepped on to Spanish soil, and climbed the hill on which stands Fuenterabbia.
",action_space,2025-09-24
2801,PG4310_raw.txt,4938,"Then he took a carriage, and drove up the gorge of Bidassoa, enjoying the wild mountain scenery as much as he had enjoyed anything in his life.
",perceived_space,2025-09-24
2802,PG4310_raw.txt,4939,"The road bridged the river;
",descriptive_space,2025-09-24
2803,PG4310_raw.txt,4941,"All round him were green slopes of the Pyrenees, green with pasture and with turf, with bracken, with woods of oak.
",perceived_space,2025-09-24
2804,PG4310_raw.txt,4943,"he touched a warm flank with his palm, and looked into the mild, lustrous eyes of the beast that passed near him.
",perceived_space,2025-09-24
2805,PG4310_raw.txt,4953,"crags and precipices, wooded ravines and barren heights glooming magnificently under a sky warm with afterglow;
",perceived_space,2025-09-24
2806,PG4310_raw.txt,4954,"beside him the torrent leapt and roared, and foamed into whiteness.
",perceived_space,2025-09-24
2807,PG4310_raw.txt,4965,"livid clouds pelted him with rain, and the wind chilled his face;
",perceived_space,2025-09-24
2808,PG4310_raw.txt,5028,"The dogcart came round in the morning, and as he stood beside it, stowing away a gun or something, the horse made a movement forward, and the wheel went over his toe.
",action_space,2025-09-24
2809,PG4310_raw.txt,5092,"On arriving at The Haws, he found Jane gardening, and spoke with her before he went in to see his mother.
",action_space,2025-09-24
2810,PG4310_raw.txt,5102,"They stood among the garden scents, amid the flowers, which told of parting summer, and conversed with voices softened by tender solicitude.
",perceived_space,2025-09-24
2811,PG4310_raw.txt,5104,"They entered the house together.
",action_space,2025-09-24
2812,PG4310_raw.txt,5107,"White, motionless, beautiful in its absolute calm, the visage might have been that of the dead;
",no_space,2025-09-24
2813,PG4310_raw.txt,5109,"The eyelids rose a look of confused trouble darkened the features then the lips relaxed in a happy smile.
",no_space,2025-09-24
2814,PG4310_raw.txt,5166,"Will was walking there alone, his eyes turned now and then to the white window of his mother's room.
",visual_space,2025-09-24
2815,PG4310_raw.txt,5167,"Jane came forth with her rosy morning face, her expression graver than of wont.
",no_space,2025-09-24
2816,PG4310_raw.txt,5238,"At the end of an hour's talk, she went out into the garden, where presently she was found by her brother, who had walked back at his utmost pace, and wore a perturbed countenance.
",action_space,2025-09-24
2817,PG4310_raw.txt,5250,"They talked for a little, then Will went into the house alone, and found his mother as she sat in her wonted place, the usual needlework on her lap.
",action_space,2025-09-24
2818,PG4310_raw.txt,5287,"These letters arrived in the evening, and, after reading them, Warburton was so moved that he had to go out and walk under the starry sky, in quiet streets.
",perceived_space,2025-09-24
2819,PG4310_raw.txt,5304,"Norbert advanced to him with a shout of welcome, and from a chair in the background rose Mrs. Franks.
",action_space,2025-09-24
2820,PG20929_raw.txt,3966,"Being a man of slow utterance and of a mind necessarily bent towards the concrete, all he could confess to himself throughout the terrible business was, that there had been a cataclysm.
",no_space,2025-09-24
2821,PG20929_raw.txt,3967,"He remembered the coldness of his feet;
",no_space,2025-09-24
2822,PG20929_raw.txt,3969,"As he turned it over and over in his mind a lady recurred with the persistence of a refrain in a ballad; and words, quite unaccustomed words, tripped over his tongue to meet her.
",no_space,2025-09-24
2823,PG20929_raw.txt,3970,"What a lovely vision she had made!--""Una donzella non con uman' volto (a gentle lady not of human look).""
",no_space,2025-09-24
2824,PG43482_raw.txt,849,"While the others were so engaged, the forester came and sat down on the floor by the marshal, and watched her put the finishing touches to the damaged costume.
",visual_space,2025-09-24
2825,PG43482_raw.txt,875,"When Timothy arrived at the Bryn Mawr station, that afternoon, he found himself in the centre of a dense crowd, which was surging up the road.
",perceived_space,2025-09-24
2827,PG43482_raw.txt,878,"In spite of his efforts to maintain his usual dignified carriage, he was swept along at a fairly rapid pace, through a gateway, and up a long path to the side of a low stone arch;
",perceived_space,2025-09-24
2827,PG43482_raw.txt,878,"In spite of his efforts to maintain his usual dignified carriage, he was swept along at a fairly rapid pace, through a gateway, and up a long path to the side of a low stone arch;
",perceived_space,2025-09-24
2828,PG43482_raw.txt,920,"It was the open air, and the gay costumes, and the spirit of Old England, which had somehow taken possession of him.
",perceived_space,2025-09-24
2829,PG43071_raw.txt,561,"The taxi struggled bravely along for a couple of blocks.
",perceived_space,2025-09-24
2830,PG43071_raw.txt,581,"The young man was smiling in his corner of the cab.
",descriptive_space,2025-09-24
2831,PG43071_raw.txt,589,"It must be admitted that he almost funked when he opened the door of the cab and let in a gust of wind and snow that almost took his breath away.
",perceived_space,2025-09-24
2832,PG43071_raw.txt,591,"He blinked around in all directions as the taxicab chortled off into the white whirlwind.
",perceived_space,2025-09-24
2833,PG43071_raw.txt,592,"So dense was the flying snow that he could scarcely see the houses on the inner side of the pavement;
",perceived_space,2025-09-24
2834,PG43071_raw.txt,594,"Then he shuffled off through the great drifts on the walk, pointed toward a fashionable apartment building whose lights glimmered fantastically against the whistling, shifting screen.
",perceived_space,2025-09-24
2835,PG43071_raw.txt,601,"""She's stuck, sir,"" said the driver, opening the door.
",action_space,2025-09-24
2836,PG43071_raw.txt,620,"Buzzy sat up and glared at him in the darkness.
",visual_space,2025-09-24
2837,PG43071_raw.txt,655,"He stood there in the blinding snow, watching his fare struggle to the sidewalk.
",visual_space,2025-09-24
2838,PG43071_raw.txt,656,"Then he decided to follow along behind him until the ""young gent"" was safely within the doors of No. 511.
",action_space,2025-09-24
2839,PG43071_raw.txt,659,"There was a heavy, stubborn iron gate at the foot, which he had some difficulty in opening because of the snow.
",perceived_space,2025-09-24
2840,PG43071_raw.txt,661,"Together they seized upon the gate and yanked with all their might and main.
",action_space,2025-09-24
2841,PG43071_raw.txt,667,"The light in the hall beyond shone through the glass doors, illuminating the box-like coop in which they paused, each selfishly to occupy himself in catching his breath and at the same time shake the snow from his person.
",perceived_space,2025-09-24
2842,PG43071_raw.txt,674,"Fortunately the wind outside was making such a noise that his son did not hear the remark.
",perceived_space,2025-09-24
2843,PG43071_raw.txt,696,"The footman appeared a moment later with a whisk broom.
",visual_space,2025-09-24
2844,PG43071_raw.txt,699,"The elder slipped into the warm hall, feeling his nose in considerable agitation.
",perceived_space,2025-09-24
2845,PG43071_raw.txt,725,"He was staring thoughtfully at the floor, and paid no attention to his father's maunderings.
",perceived_space,2025-09-24
2846,PG43071_raw.txt,742,"He took Mr. Bosworth's overcoat and hat and laid them carefully on the Italian hall seat before venturing to reply.
",action_space,2025-09-24
2847,PG43071_raw.txt,789,"Mr. Van Pycke, in his stocking feet, preceded the footman up the stairs, treading very tenderly, as if in mortal fear of tacks.
",perceived_space,2025-09-24
2848,PG43071_raw.txt,795,"From behind closed doors--distant closed doors, by the way--came the sound of laughter and joyous conversation, faintly audible to the young man in the hall.
",perceived_space,2025-09-24
2849,PG43071_raw.txt,817,"Bellows disappeared quickly down the hall.
",action_space,2025-09-24
2850,PG43071_raw.txt,822,"He sat down suddenly in the nearest chair and continued to gaze blankly at the figures down the room.
",visual_space,2025-09-24
2851,PG43071_raw.txt,860,"From the dining-room, four rooms away, came the more distinct sounds of laughter and conversation.
",perceived_space,2025-09-24
2852,PG43071_raw.txt,912,"A pink-cheeked gentleman with a crêpe mustache arose from a chair in the extreme background.
",action_space,2025-09-24
2853,PG19538_raw.txt,4214,"He slid down several steps and threw the light of his torch across to the opposite stairs.
",action_space,2025-09-24
2854,PG19538_raw.txt,4215,"""Bang!"" went something that sounded like a falling stone.
",perceived_space,2025-09-24
2855,PG19538_raw.txt,4217,"""Click! Bang!"" and down the opposite stairway streamed a ray of light.
",perceived_space,2025-09-24
2856,PG19538_raw.txt,4218,"Billie shut off his electric torch and waited.
",action_space,2025-09-24
2857,PG19538_raw.txt,4219,"Then on the steps there appeared a foot, then another, until a whole human body was in sight.
",visual_space,2025-09-24
2858,PG19538_raw.txt,4220,"Then ""click, snap!"" and the light disappeared.
",perceived_space,2025-09-24
2859,PG19590_raw.txt,2967,"Aaron Harlowe was lying on his cot in the little rustic hospital at Temple Camp.
",descriptive_space,2025-09-24
2860,PG19590_raw.txt,2970,"The birds sang outside of it, you could hear the breeze blowing in the trees, you could hear the ripple of paddles on the lake.
",perceived_space,2025-09-24
2861,PG19590_raw.txt,2971,"Tom Slade sat upon the side of the cot.
",descriptive_space,2025-09-24
2862,PG42085_raw.txt,2714,"Having relieved himself of a few more violent remarks, he calmed down a little, strode over to the window and flung it wide.
",action_space,2025-09-24
2863,PG42085_raw.txt,2722,"He thought he knew her so well--thought he had sounded every depth and shallow of her nature.
",no_space,2025-09-24
2864,PG42085_raw.txt,2723,"All their lives they had had these little breezes, which had blown over almost at once and been forgotten.
",no_space,2025-09-24
2865,PG42085_raw.txt,2831,"He stopped, and bared his head to the cool sea breeze.
",perceived_space,2025-09-24
2866,PG42085_raw.txt,2833,"They strolled back to the hotel together;
",action_space,2025-09-24
2867,PG42085_raw.txt,2835,"Chris' portmanteau and suit-case stood already by the door.
",descriptive_space,2025-09-24
2868,PG42085_raw.txt,2838,"""She's sitting over there in the window.""
",descriptive_space,2025-09-24
2869,PG42085_raw.txt,2842,"He went out into the garden, and stayed there until he knew that lunch must be almost finished, then he strolled in.
",action_space,2025-09-24
2870,PG42085_raw.txt,2843,"Chris and his wife were in the lounge, dressed for traveling.
",descriptive_space,2025-09-24
2871,PG42085_raw.txt,2844,"Marie was looking anxiously towards the door as he came slowly forward and her wistful face lightened as she saw him.
",perceived_space,2025-09-24
2872,PG42085_raw.txt,2853,"There was a taxi at the door, piled with luggage;
",descriptive_space,2025-09-24
2873,PG42085_raw.txt,2863,"Feathers was standing by the door of the taxi, his rather shabby slouch hat tilted over his eyes, his hands thrust into his pockets.
",descriptive_space,2025-09-24
2874,PG42085_raw.txt,2875,"The taxicab wheeled about and out into the road.
",action_space,2025-09-24
2875,PG42085_raw.txt,2876,"A sudden mist blurred Marie's eyes as she turned in her seat for a last look.
",perceived_space,2025-09-24
2876,PG42085_raw.txt,2884,"He walked away from the door and into the hotel.
",action_space,2025-09-24
2877,PG42085_raw.txt,2889,"Feathers turned and looked round the crowded lounge as he went slowly up the stairs to his room;
",visual_space,2025-09-24
2878,PG42085_raw.txt,2890,"strange that it seemed more empty and deserted to him than ever before.
",perceived_space,2025-09-24
2879,PG42085_raw.txt,2892,"As the train drew slowly out of the station, Chris looked across at his wife with a rather nervous smile.
",visual_space,2025-09-24
2880,PG42085_raw.txt,2901,"Chris threw down a magazine he had picked up.
",action_space,2025-09-24
2881,PG42085_raw.txt,2919,"They seemed to have left the sunshine behind them with the sea, for as they neared London the sky grew overcast and large raindrops splashed down and against the windows.
",perceived_space,2025-09-24
2882,PG42085_raw.txt,2941,"But they secured a taxi in the end, and Chris slammed the door and sat down beside his wife with a sigh of relief.
",action_space,2025-09-24
2883,PG42085_raw.txt,2972,"Chris let down the window with a run and looked out.
",visual_space,2025-09-24
2884,PG42085_raw.txt,2976,"Marie went on into the house.
",action_space,2025-09-24
2885,PG42085_raw.txt,3061,"She ran upstairs to dress, feeling almost happy;
",action_space,2025-09-24
2886,PG42085_raw.txt,3063,"It was a sunny afternoon, and a heavy shower of rain overnight had washed the smoky face of London clean and left it with a wonderful touch of brightness.
",perceived_space,2025-09-24
2887,PG42085_raw.txt,3193,"Mountain air is just what you want to put some color into those pale cheeks.
",perceived_space,2025-09-24
2888,PG42085_raw.txt,3290,"Then Chris came out of the house and got into the taxi.
",action_space,2025-09-24
2889,PG42085_raw.txt,3292,"She let the curtain fall and looked round the room.
",visual_space,2025-09-24
2890,PG42085_raw.txt,3297,"She went through the dividing door to his deserted room.
",action_space,2025-09-24
2891,PG42085_raw.txt,3371,"He drew his chair a little nearer to hers.
",action_space,2025-09-24
2892,PG42085_raw.txt,3394,"""There's a letter from Chris,"" Miss Chester said, as Marie entered the room.
",action_space,2025-09-24
2893,PG42085_raw.txt,3398,"She sat down on the side of the bed and broke open the envelope with trembling hands.
",action_space,2025-09-24
2894,PG42085_raw.txt,3494,"He had taken up a cigarette case belonging to Chris, and was opening and shutting it with nervous aimlessness.
",action_space,2025-09-24
2895,PG42085_raw.txt,3667,"Miss Chester came into the room at that moment.
",action_space,2025-09-24
2896,PG42085_raw.txt,3710,"She went into the hall with Feathers when he left.
",action_space,2025-09-24
2897,PG42085_raw.txt,3764,"Miss Chester stooped for her ball of wool, which had fallen to the floor.
",action_space,2025-09-24
2898,PG42085_raw.txt,3768,"She went behind Miss Chester's chair and clasped her arms loosely round the old lady's neck, standing so that she could not be seen.
",action_space,2025-09-24
2899,PG42085_raw.txt,3782,"The sun was shining and there was not a cloud in the sky as she flung the window wide.
",perceived_space,2025-09-24
2900,PG42085_raw.txt,3783,"Across the rows of houses and crowded chimney-pots she seemed to hear the voice of the country calling to her--seemed to hear the wind in the trees and smell the magic of the hay.
",perceived_space,2025-09-24
2901,PG42085_raw.txt,3787,"It gave her a little shock to see it lying on the breakfast-table.
",perceived_space,2025-09-24
2902,PG42085_raw.txt,3788,"It was as if for a space she had forgotten how to suffer and grieve, and now the sight of his handwriting had dragged her back to it once again.
",perceived_space,2025-09-24
2903,PG42085_raw.txt,3792,"Her heart felt as hard as a stone.
",no_space,2025-09-24
2904,PG42085_raw.txt,3965,"Heriot walked into the room.
",action_space,2025-09-24
2905,PG19196_raw.txt,1899,"Everybody laughs, and Chet walks all around the machine.
",action_space,2025-09-24
2906,PG40013_raw.txt,2958,"It was winter now, and besides the snow there was much mud around the hospital, which was freely tracked into it by all who entered.
",descriptive_space,2025-09-24
2907,PG41338_raw.txt,5398,"But the story was getting a little hazy in men's memories, and that kind of talk is passed around so often when a man runs for office in our country that it hasn't much significance.
",no_space,2025-09-24
2908,PG20832_raw.txt,1020,"The twelve girls in the boat landed and proceeded with Katherine and Hazel up the steps to the top of the Point, where a conference was held.
",action_space,2025-09-24
2909,PG20832_raw.txt,1120,"The Graham cottage was about a quarter of a mile to the south and farther up on the hill, but the screen of dense foliage shut it off from view at the girls' camp.
",descriptive_space,2025-09-24
2910,PG20832_raw.txt,1221,"I saw two girls half hidden in a clump of bushes up near the top of the hill.
",visual_space,2025-09-24
2911,PG20832_raw.txt,1243,"The atmosphere had become very warm in the afternoon, but the girls hardly noticed this condition until their work in the water was finished and they returned to the camp.
",perceived_space,2025-09-24
2912,PG20832_raw.txt,1373,"It was moonlight and I was looking out of my bedroom window.
",visual_space,2025-09-24
2913,PG20832_raw.txt,1375,"He was looking toward the house, and I suppose he saw me, for he picked up a stone and threw it at the window where I stood.
",visual_space,2025-09-24
2914,PG29278_raw.txt,846,"The honk of a motor horn, the reverberation of wheels upon the bridge, the slam of a door and the flurry of steps in the hall set up that instant, tumultuous commotion.
",perceived_space,2025-09-24
2915,PG29278_raw.txt,944,"She yawned and looked out of the window.
",visual_space,2025-09-24
2916,PG29278_raw.txt,953,"She leaned half out the window as the red roadster shot thunderously across the rustic bridge and brought up sharply on the driveway below.
",action_space,2025-09-24
2917,PG29278_raw.txt,1008,"Through the windows upon the other side came the voices of bridge players upon the veranda without.
",perceived_space,2025-09-24
2918,PG29278_raw.txt,1010,"Other windows opened upon the veranda in the front of the Lodge from which they had just come.
",descriptive_space,2025-09-24
2919,PG29278_raw.txt,1037,"Deliberately he stared at the small braid-bound head, the shadowy dark of the eyes, the scarlet curve of the small mouth.
",no_space,2025-09-24
2920,PG29278_raw.txt,1186,"The furniture had been pushed back beneath the gallery where it was arranged in intimate little groups for future tete-a-tetes, except a few lounging chairs left on the black bear-skins by the chimney-piece.
",descriptive_space,2025-09-24
2921,PG29278_raw.txt,1187,"In one corner a screen of pine boughs and daisies shut off the musicians from the streets, and in the opposite corner an English man-servant was presiding over a huge silver punch bowl.
",descriptive_space,2025-09-24
2922,PG29278_raw.txt,1228,"Later, she found that same warmth in other men's eyes and in the eagerness with which they kept cutting in.
",no_space,2025-09-24
2923,PG29278_raw.txt,1260,"Masterfully he caught her arm and drew her out of doors.
",action_space,2025-09-24
2924,PG29278_raw.txt,1344,"He would be amused at the servants toiling up the stairs from the kitchens to the dining hall.
",action_space,2025-09-24
2925,PG29278_raw.txt,1392,"The sun struck great shafts of golden light amid the rich green of the forest, splashing the great tree boles with bold light and shade.
",perceived_space,2025-09-24
2926,PG29278_raw.txt,1393,"The air was fragrant with spruce and pine and faint, aromatic wintergreen.
",perceived_space,2025-09-24
2928,PG29278_raw.txt,1394,"A hot little wind rocked the reflections in the river and blew its wimpling surface into crinkled, lace-paper fantasies.
",perceived_space,2025-09-24
2928,PG29278_raw.txt,1394,"A hot little wind rocked the reflections in the river and blew its wimpling surface into crinkled, lace-paper fantasies.
",perceived_space,2025-09-24
2929,PG29278_raw.txt,1395,"Overhead the sky burned blue through the white-cottonballs of cloud.
",perceived_space,2025-09-24
2930,PG29278_raw.txt,1416,"""I love it,"" she told him, and looked happily at the green woods about them, and across the river, rushing now, to where the forest was clinging to sharply rising mountain flanks.
",visual_space,2025-09-24
2931,PG29278_raw.txt,1417,"Her eyes followed till they found the bare, shouldering peaks outlined against the blue and white of the cumulous sky.
",visual_space,2025-09-24
2932,PG29278_raw.txt,1419,"It was a wonderful world, a radiant world, a world of dream and delights.
",perceived_space,2025-09-24
2933,PG29278_raw.txt,1435,"It was still visible across the river, slipping over a hill's shoulder, but from their woods it was withdrawn and a dark shadow was stretching across them.
",visual_space,2025-09-24
2934,PG29278_raw.txt,1439,"They looked very threatening, blowing so suddenly over the mountain top, overcasting the brightness of the way.
",perceived_space,2025-09-24
2935,PG29278_raw.txt,1440,"And behind the scattered white were blowing gray ones, their edges frayed like torn clothes on a line, and after the gray ones loomed a dark, black one, rushing nearer.
",perceived_space,2025-09-24
2936,PG29278_raw.txt,1441,"And suddenly the woods at their right began to thresh about, with a surprised rustling, and a low mutter, as of smothered warning, ran over the shoulder of the mountain.
",perceived_space,2025-09-24
2937,PG29278_raw.txt,1450,"above and about her was soft greenness, like a fairy bower.
",perceived_space,2025-09-24
2938,PG29278_raw.txt,1451,"And when the rain came pouring like hail upon the leaves scarcely a drop won through to her.
",perceived_space,2025-09-24
2939,PG29278_raw.txt,1452,"They stood very still, unmoving, unspeaking while the shower fell.
",perceived_space,2025-09-24
2940,PG29278_raw.txt,1462,"""I don't like t-thunder,"" she told him absurdly, as a muttering roll shook the air above them.
",perceived_space,2025-09-24
2941,PG29278_raw.txt,1483,"The sun came out again to light them;
",perceived_space,2025-09-24
2942,PG29278_raw.txt,1484,"on the green leaves about them the wetness glittered and dried and the ephemeral shower seemed as unreal as the memory it evoked.
",perceived_space,2025-09-24
2943,PG29278_raw.txt,1502,"He looked across the river, which ran more deeply here between narrowed banks, and then glanced on ahead.
",visual_space,2025-09-24
2944,PG29278_raw.txt,1531,"The gray and white clouds were spread thinly over the sky and only a diffused brightness gave the suggestion of the west.
",perceived_space,2025-09-24
2945,PG29278_raw.txt,1533,"On barren slopes the day was clear again.
",perceived_space,2025-09-24
2946,PG29278_raw.txt,1622,"Slowly he took one, tapped its end upon a rock, and lighted it.
",action_space,2025-09-24
2947,PG29278_raw.txt,1679,"A bank of clouds had swallowed the last vestige of ruddy light.
",perceived_space,2025-09-24
2948,PG29278_raw.txt,1680,"The mountain peaks darkened.
",perceived_space,2025-09-24
2949,PG29278_raw.txt,1681,"It was growing night.
",perceived_space,2025-09-24
2950,PG29278_raw.txt,1709,"Then the ridges grew blacker again, and back of one edge a sharp flare of light flamed, and a blood red disc of a moon came pushing furiously up into the sky, flinging down a transforming radiance.
",perceived_space,2025-09-24
2951,PG29278_raw.txt,1710,"In the valley the silvery birches gleamed like wood nymphs against the ebony firs.
",perceived_space,2025-09-24
2952,PG29278_raw.txt,1743,"The moonlight flooded the mountain side with vague, uncertain light and the descent was a difficult and dangerous matter.
",perceived_space,2025-09-24
2953,PG29278_raw.txt,1746,"The moon was their only clue to direction and the moon seemed to be slipping past the peaks at a confusing speed.
",perceived_space,2025-09-24
2954,PG29278_raw.txt,1762,"She tripped over roots; she caught upon brambles.
",action_space,2025-09-24
2955,PG29278_raw.txt,1764,"It had grown darker and darker and the moon had vanished utterly behind the clouds.
",perceived_space,2025-09-24
2956,PG29278_raw.txt,1765,"The air was damp and cold.
",perceived_space,2025-09-24
2957,PG29278_raw.txt,1766,"A wind was rising.
",perceived_space,2025-09-24
2958,PG29278_raw.txt,1801,"A cold sprinkle of rain fell, plastering her middy shiveringly to her, but the rain soon stopped and the path grew clearer and more and more defined as they stumbled along it to its end.
",perceived_space,2025-09-24
2959,PG29278_raw.txt,1809,"Outside the doors were the ashes of old fires.
",descriptive_space,2025-09-24
2960,PG29278_raw.txt,1949,"Dazedly she stood and looked at him through the darkness out of which a few drops of rain were again falling.
",visual_space,2025-09-24
2961,PG29278_raw.txt,2037,"The sky had grown blacker and blacker.
",descriptive_space,2025-09-24
2962,PG29278_raw.txt,2039,"The wind that had been threshing the tree tops blew with increasing fury.
",perceived_space,2025-09-24
2963,PG29278_raw.txt,2041,"Thunder followed almost instantly, great crashing peals that seemed to be rending the heavens.
",perceived_space,2025-09-24
2964,PG29278_raw.txt,2045,"Rain came, in a torrent of water, heavy as lead, drenching her to the skin.
",perceived_space,2025-09-24
2965,PG29278_raw.txt,2074,"The rain was nearly over, but she was too wet and too cold to take comfort in that.
",perceived_space,2025-09-24
2966,PG29278_raw.txt,2075,"More and more laggingly she went and at last, when a hidden root tripped her, she made no effort to rise, but lay prostrate, her cheek upon her outflung arm, and yielded to the dark, drowsy oblivion that stole numbingly over her.
",perceived_space,2025-09-24
2967,PG29278_raw.txt,2081,"The sudden shower had sent them all scurrying for shelter, and when the climb was resumed, they crossed the river on those wide, flat stepping-stones that Johnny Byrd had missed, and re-formed in self-absorbed little twos and threes that failed to take note of the absence of the laggards.
",perceived_space,2025-09-24
2968,PG29278_raw.txt,2275,"She wanted to put her head back against those pillows and sleep forever but memory was rousing, too.
",perceived_space,2025-09-24
2969,PG29278_raw.txt,2277,"The khaki shirt sleeve had withdrawn from view and the answering voice came from a corner of the room.
",perceived_space,2025-09-24
2970,PG29278_raw.txt,2294,"Above it, on a wide mantel, was a disarray of books, cigar-boxes, pipes and papers, the papers weighted oddly with a jar of obviously pickled frogs.
",visual_space,2025-09-24
2971,PG29278_raw.txt,2295,"Upon the log walls several fishing rods were stretched on nails and a gun, a corn-popper, a rough coat and cap and a fishing net were all hung on neighboring hooks.
",descriptive_space,2025-09-24
2972,PG29278_raw.txt,2298,"The woodsman she could not see.
",no_space,2025-09-24
2973,PG29278_raw.txt,2300,"The khaki sleeve had appeared from the shadows and was holding a steaming cup to her lips.
",perceived_space,2025-09-24
2974,PG49677_raw.txt,2746,"In that room were Mary Bannister and Louise.
",descriptive_space,2025-09-24
2975,PG49677_raw.txt,2898,"From the shadows of the roadway that fronted the house, suddenly, sweetly, jubilantly on the night air, came the music of a chorus of fresh young voices singing:--
",perceived_space,2025-09-24
2976,PG14039_raw.txt,5421,"The front door, which alone in that country-side boasted two leaves, was wide open, and on the steps leading up to it, resplendent in fresh gingham, stood Mrs. Tuck.
",descriptive_space,2025-09-24
2977,PG14039_raw.txt,5463,"There's something about this air that turns a nightly mixture of mince-pies, pumpkin-pies, custard-pies, lemon-pies, and apple-pies, with cheese, into a substance as heavenly light as fresh-fallen manna.
",perceived_space,2025-09-24
2978,PG14039_raw.txt,5577,"The pillow beneath her cheek was wet.
",perceived_space,2025-09-24
2979,PG14039_raw.txt,5681,"Beyond them sloped the meager pasture-land; brown, almost barren even in the youth of the year.
",descriptive_space,2025-09-24
2980,PG14039_raw.txt,5682,"It was strewn with flat, outcropping rocks.
",descriptive_space,2025-09-24
2981,PG14039_raw.txt,5683,"Here and there rose a mighty oak.
",descriptive_space,2025-09-24
2982,PG14039_raw.txt,5684,"A splotch of green marked a spring.
",descriptive_space,2025-09-24
2983,PG14039_raw.txt,5685,"Below the spring one saw the pale blush of laurel in early June.
",visual_space,2025-09-24
2984,PG14039_raw.txt,5689,"His eyes wandered to a big stone that peeped from the loam in the very track of any passing wheel.
",visual_space,2025-09-24
2985,PG14039_raw.txt,5690,"The stone was covered with moss--old moss.
",descriptive_space,2025-09-24
2986,PG14039_raw.txt,5692,"Leighton walked on a few steps, and then paused again, his eyes fixed on a spot at the right of the lane where the old wall had tumbled and brought with it a tangled mass of fox-grape vine.
",visual_space,2025-09-24
2987,PG41097_raw.txt,86,"Quinn leaned back in her comfortable chair in the sunny south bay window, and as her eyes wandered about the cheerful room and out over the peaceful woodland view, her thoughts flashed back to the past.
",perceived_space,2025-09-24
2988,PG11440_raw.txt,827,"And in the garden the flowers began to sing and the fountain tinkled on the disk of bronze.
",perceived_space,2025-09-24
2989,PG11440_raw.txt,844,"Lights glittered through every crystal slab--and all were uncurtained--in the palace of ivory.
",perceived_space,2025-09-24
2990,PG11440_raw.txt,846,"Very haunting indeed was the booming of a bassoon, and like the dangerous advance of some galloping beast were the blows wielded by a powerful man on the huge, sonourous drum.
",perceived_space,2025-09-24
2991,PG29753_raw.txt,4801,"Steve waited until he heard the door of Constantine's room bang.
",perceived_space,2025-09-25
2992,PG29753_raw.txt,4803,"He walked unsteadily through the rooms of the lower floor, out on to the main balcony, and back again.
",action_space,2025-09-25
2993,PG29753_raw.txt,4804,"He could not think in these rooms;
",perceived_space,2025-09-25
2994,PG29753_raw.txt,4805,"he could not think in any corner of the whole tinsel house.
",perceived_space,2025-09-25
2995,PG29753_raw.txt,5325,"He went to the side doorway of the house to look out at the other houses and yards--pleasant, livable dwellings without romantic construction or extravagant details--the homes of the people who keep the world moving and mostly turning to the right.
",perceived_space,2025-09-25
2996,PG29753_raw.txt,5326,"He felt he had earned this brown house--and the woman who was upstairs examining the linen-closet capacity.
",perceived_space,2025-09-25
2997,PG16558_raw.txt,2247,"Another door led to the hall, a broad, old-fashioned affair, and crossing this he stood in the big front room occupied by the colonel and his wife.
",descriptive_space,2025-09-25
2998,PG16558_raw.txt,2253,"There was the big dressing-table and bureau on which had stood that ravished picture,--that photograph of the girl he loved which others were able to speak of, and one man to appropriate feloniously, while yet he had never seen it.
",descriptive_space,2025-09-25
2999,PG39599_raw.txt,768,"Although it was only two o'clock, the table was already set for tea in one corner of the clean, fresh kitchen, behind a tall screen.
",descriptive_space,2025-09-25
3000,PG39599_raw.txt,795,"The Indian rugs and blankets make the room look so bright and cosy by lamplight.""
",perceived_space,2025-09-25
3001,PG39599_raw.txt,801,"As the fork clacked noisily back and forth in the dish and the white foam rose high and stiff, her whistling grew louder.
",perceived_space,2025-09-25
3002,PG39599_raw.txt,926,"Now these same trees stood bleak and bare in the February twilight, almost knee-deep in drifts of snow.
",perceived_space,2025-09-25
3003,PG39599_raw.txt,927,"Instead of a green lacework of vines, icicles hung between the tall white pillars of the porch, gleaming like silver where the light from the front windows streamed out upon them, and lay in far-reaching paths across the snow.
",perceived_space,2025-09-25
3004,PG39599_raw.txt,965,"'Through the open door I can look into the other room, which is library, studio, parlour, and living-room all in one.
",visual_space,2025-09-25
3005,PG39599_raw.txt,1038,"Afterward they sat around the fire in the drawing-room, still talking of the Wares and the strange country to which they had moved, until a tooting of horns and a jingling of bells announced the coming of the sleighing party.
",perceived_space,2025-09-25
3006,PG39599_raw.txt,1040,"They stood waiting by the hall window, looking out on the stretches of moon-lighted snow.
",visual_space,2025-09-25
3007,PG39599_raw.txt,1041,"What a cold, white, glistening world it was!
",perceived_space,2025-09-25
3008,PG39599_raw.txt,1119,"The stars, peeping through her curtains, twinkled in friendly fashion at her, as if they were glad of her good fortune.
",perceived_space,2025-09-25
3009,PG39599_raw.txt,1129,"Out in the back yard a big tin wash-boiler sat propped up on stones, above a glowing camp-fire.
",descriptive_space,2025-09-25
3010,PG39599_raw.txt,1254,"He banged the tub up against the tree and walked off toward his tent, buttoning his shirt-sleeves, and muttering to himself as he went.
",action_space,2025-09-25
3011,PG39599_raw.txt,1266,"The kitchen clock struck eleven.
",perceived_space,2025-09-25
3012,PG39599_raw.txt,1403,"Taking out a crisp five-dollar bill, she folded the coin in it, and ran out toward the boys' tent.
",action_space,2025-09-25
3013,PG39599_raw.txt,1404,"The candle-light, streaming through the canvas, made a transparency on which the green-eyed gods of the Dacotahs stood out in startling distinctness.
",perceived_space,2025-09-25
3014,PG39599_raw.txt,1474,"The fire under the boiler was crackling merrily, and the water was steaming, when Joyce came out of her tent and started toward the kitchen.
",perceived_space,2025-09-25
3015,PG39599_raw.txt,1510,"She had pictured herself many a time, standing by a casement window with a dove clasped to her breast, and singing the song, ""Flutter, and fly, flutter, and fly, bear him my heart of gold.""
",no_space,2025-09-25
3016,PG39599_raw.txt,1615,"When they were almost opposite the camp at Lee's ranch, Joyce saw a familiar little figure trudging along the road, and wished with sisterly solicitude that they could avert a meeting.
",visual_space,2025-09-25
3017,PG39599_raw.txt,1632,"LLOYD sat with her elbows on the white kitchen table, watching Joyce at her Saturday afternoon baking.
",visual_space,2025-09-25
3018,PG39599_raw.txt,1644,"Lloyd started to her tent to wash her hands, but Jack's shout out in the road stopped her as she reached the door.
",action_space,2025-09-25
3019,PG39599_raw.txt,1765,"So he sat on the ground, his head bowed in his hands.
",descriptive_space,2025-09-25
3020,PG26137_raw.txt,411,"A broad hall opened straight before me, with a stairway leading to the second floor.
",visual_space,2025-09-25
3021,PG26673_raw.txt,293,"The blue smoke rising from the kitchen chimney appeared strangely like a plume streaming out from the rear.
",perceived_space,2025-09-25
3022,PG16096_raw.txt,3653,"As soon as he heard Bennett's step in the hall a little tremor of excitement possessed him.
",perceived_space,2025-09-25
3023,PG16096_raw.txt,3805,"As Lloyd entered the room she saw Bennett sitting bolt upright in his bed, staring straight before him, his small eyes, with their deforming cast, open to their fullest extent, the fingers of his shrunken, bony hands dancing nervously on the coverlet.
",visual_space,2025-09-25
3024,PG42923_raw.txt,998,"As he seated himself, he became aware almost without glancing across the table that something novel had arrived upon the scene--something youthful yet as immemorial as Erebus.
",visual_space,2025-09-25
3025,PG42923_raw.txt,1072,"The room in which he now worked was his library;
",descriptive_space,2025-09-25
3026,PG42923_raw.txt,1074,"beyond the office through another open door was a third room in which were stored many personal articles of indoor and outdoor use.
",descriptive_space,2025-09-25
3027,PG42923_raw.txt,1076,"On one wall hung his diploma from a New York Medical College;
",descriptive_space,2025-09-25
3028,PG42923_raw.txt,1077,"on another a diploma from Vienna for post-graduate study and hospital work.
",descriptive_space,2025-09-25
3029,PG42923_raw.txt,1094,"Outside the windows there was a tennis court;
",descriptive_space,2025-09-25
3030,PG42923_raw.txt,1096,"You saw his racquet on the wall; and if you had opened a closet, you would have found the flannels and the shoes.
",visual_space,2025-09-25
3031,PG42923_raw.txt,1097,"Elsewhere on the wall you saw his reel.
",visual_space,2025-09-25
3032,PG42923_raw.txt,1100,"Still elsewhere you saw his game bag and bird gun--he liked to call it by the older word, fowling-piece.
",visual_space,2025-09-25
3033,PG42923_raw.txt,1108,"Scattered about on tables and mantel-piece were fine old pipes and boxes of cigars and playing-cards.
",descriptive_space,2025-09-25
3034,PG42923_raw.txt,1111,"On his sideboard were temperate decanters: he had sideboard neighbors.
",descriptive_space,2025-09-25
3035,PG32826_raw.txt,4397,"From the window he watched her fly up the street like a scarlet bird, and realized what a child she was still, and, whereas he had felt a hundred that day at church, he now felt as old as the ancient Egyptians, as the Sphinx, a Sage in suffering and knowledge of life, beside his cousin.
",visual_space,2025-09-25
3036,PG32826_raw.txt,4471,"The cliffs which he saw rising white in the sunlight were the Norman cliffs.
",visual_space,2025-09-25
3037,PG32826_raw.txt,4551,"Along the river, when he crossed the Pont des Arts, he saw the stirring of Parisian life.
",visual_space,2025-09-25
3038,PG33731_raw.txt,2594,"There is my house--the one with the flag-staff.
",descriptive_space,2025-09-25
3039,PG53361_raw.txt,321,"Under the stairs hung a large gong.
",descriptive_space,2025-09-25
3040,PG28728_raw.txt,2039,"On one side were the stands for the Blues and directly facing them were those reserved for the ""Maroons.""
",descriptive_space,2025-09-25
3041,PG37209_raw.txt,221,"There are four buildings, occupying most of an unusually large block.
",descriptive_space,2025-09-25
3042,PG37209_raw.txt,224,"Flanking it are the two dormitories, East Hall and West Hall.
",descriptive_space,2025-09-25
3043,PG37209_raw.txt,225,"These, while of brick too, are modern and far more attractive.
",descriptive_space,2025-09-25
3044,PG37209_raw.txt,226,"Each contains sleeping-rooms to accommodate forty students, two masters’ studies, a recreation-hall, dining-room, kitchen, and service-rooms.
",descriptive_space,2025-09-25
3045,PG37209_raw.txt,227,"Behind East Hall is the gymnasium, a picturesque structure of random-set stone, gray stucco, and much glass.
",descriptive_space,2025-09-25
3046,PG37209_raw.txt,229,"From the gymnasium steps one looks across an attractive, well-kept quadrangle of shaded turf, vegetable and flower gardens, and tennis-courts.
",visual_space,2025-09-25
3047,PG37209_raw.txt,235,"At the other end of the porch, a gate-legged table was spread for the mid-day meal, and a middle-aged colored woman—who, when it pleased her, answered to the name of Aunt Persis—shuffled in and out of sight at intervals.
",descriptive_space,2025-09-25
3048,PG37209_raw.txt,319,"There was a generous-sized closet at each side of the door, and two windows set close together between the beds.
",descriptive_space,2025-09-25
3049,PG37209_raw.txt,320,"Under the windows was a wide seat, lacking only pillows to make it inviting.
",descriptive_space,2025-09-25
3050,PG37209_raw.txt,321,"From the casements the boys looked over or through the topmost branches of the maples that lined Washington Street and followed Summit Street as it continued its ascent of the hill and presently leveled out between a thick wood on one side and an open field on the other.
",visual_space,2025-09-25
3051,PG37209_raw.txt,361,"West Hall proved an exact duplicate of their own dormitory, and the dining-room occupied all the right end of it.
",descriptive_space,2025-09-25
3052,PG37209_raw.txt,376,"Crow looked appealingly at the other occupants of the table.
",visual_space,2025-09-25
3053,PG37209_raw.txt,429,"The windows, many paned, allowed uncertain glimpses of various articles: tops of red and blue and green, boxes of pencils, pads of paper, jars of candy, many bottles of ink, a catcher’s glove, a dozen tennis-balls, some paper kites—
",visual_space,2025-09-25
3054,PG10468_raw.txt,704,"John Merrick lived with the Doyles at their Willing Square apartments.
",descriptive_space,2025-09-25
3055,PG18829_raw.txt,224,"a train packed very full with men whose faces showed white at the windows,--indoor men, Eastern men,--and a private car at the end of the string.
",visual_space,2025-09-25
3056,PG18829_raw.txt,228,"There was no man up the tracks with a red flag to guard against a pile-up.
",visual_space,2025-09-25
3057,PG26233_raw.txt,447,"At the door of the blue-and-white room, the one upon which the girl had lavished her most tender fancies, she stood at length, looking in.
",visual_space,2025-09-25
3058,PG26233_raw.txt,448,"And as she looked something swam before her eyes.
",visual_space,2025-09-25
3059,PG26233_raw.txt,458,"He looked at his watch and saw that there was an hour before train time.
",visual_space,2025-09-25
3060,PG26233_raw.txt,459,"Then he sat down where he could see the top of the staircase and waited.
",visual_space,2025-09-25
3061,PG26233_raw.txt,463,"As she turned upon the landing she met Anthony's eyes looking up.
",visual_space,2025-09-25
3062,PG26233_raw.txt,476,"He watched her, standing with his arm on the high chimney-piece.
",visual_space,2025-09-25
3063,PG19064_raw.txt,7400,"A bucket of drinking water stood in a corner with a beaker beside it.
",descriptive_space,2025-09-25
3064,PG19064_raw.txt,7401,"For the rest there was a kit bag for a pillow at the head of each bed, while underneath were ammunition cases filled with rifle and revolver ammunition, and the walls were decorated with a whole arsenal of weapons.
",descriptive_space,2025-09-25
3065,PG28663_raw.txt,1750,"Kent had conducted him to a sort of rising ground, which afforded them a complete view of it, while the forest gave them an effectual concealment.
",visual_space,2025-09-25
3066,PG28663_raw.txt,1753,"Leslie feasted his eyes a long time upon the scene before he withdrew his gaze.
",visual_space,2025-09-25
3067,PG28663_raw.txt,1754,"Every wigwam was visible, and the squaws and children could be seen passing to and fro through the sort of street or highway.
",visual_space,2025-09-25
3068,PG28663_raw.txt,1757,"Leslie scanned each form that came under his eye, in the hope of distinguishing _one_; but he was disappointed, and compelled to see the night closely settle over the village without obtaining a glimpse of her.
",visual_space,2025-09-25
3069,PG28663_raw.txt,1770,"Kent, while it was yet light, had taken a survey of the village, and viewed it, too, with a scout's eye.
",visual_space,2025-09-25
3070,PG28663_raw.txt,1771,"He had distinguished the chief's lodge from the others, and rightly conjectured that this would be the most likely to contain Rosalind.
",visual_space,2025-09-25
3071,PG28663_raw.txt,1773,"This was situated in the center.
",descriptive_space,2025-09-25
3072,PG28663_raw.txt,1780,"Standing a second in front of the lodge, he glanced about him, but not a form was to be seen.
",visual_space,2025-09-25
3073,PG47854_raw.txt,1490,"The former extended across the entire back of the house and Helen counted eleven doors opening out of it.
",descriptive_space,2025-09-25
3074,PG47854_raw.txt,1492,"Behind the sheet iron partition, they found a huge old-fashioned rock fireplace with the crane still hanging in it.
",descriptive_space,2025-09-25
3075,PG47854_raw.txt,1486,"There was one large southeast room that must be the living-room and library combined.
",descriptive_space,2025-09-25
3076,PG47854_raw.txt,1487,"Back of this, opening out on a wide side porch, was the dining-room.
",descriptive_space,2025-09-25
3077,PG47854_raw.txt,1488,"On the opposite side of the front hallway was a sitting-room with a glass-enclosed extension for flowers, and between it and the kitchen was a good-sized hallway lined with shelves and long handy drawers beneath them.
",descriptive_space,2025-09-25
3078,PG47854_raw.txt,1513,"Kit stood with arms akimbo, looking up at the tall tapering pines.
",visual_space,2025-09-25
3079,PG4310_raw.txt,2160,"He examined the building;
",visual_space,2025-09-25
3080,PG4310_raw.txt,2161,"there were two storys above the shop;
",visual_space,2025-09-25
3081,PG4310_raw.txt,2163,"white blinds at the windows of the second showed it to be inhabited.
",visual_space,2025-09-25
3082,PG4310_raw.txt,2327,"Whilst this was being painted up, Allchin stood on the opposite side of the way, watching delightedly.
",visual_space,2025-09-25
3083,PG4310_raw.txt,2347,"At length, in a new little street of very red brick, not far from Fulham Palace Road at the Hammersmith end, he came upon a small house which exhibited in its parlour window a card inscribed: ""Two unfurnished rooms to be let to single gentlemen only.""
",visual_space,2025-09-25
3084,PG4310_raw.txt,2519,"The newspaper cutting showed an item of news interesting alike to the fashionable and the artistic world.
",visual_space,2025-09-25
3085,PG4310_raw.txt,2671,"His hands upon the counter, his body bent forward, Mr. Jollyman looked her for a moment in the face.
",visual_space,2025-09-25
3086,PG4310_raw.txt,2681,"Mr. Jollyman's eyes wandered to a gleam of sunny sky visible through the shop window.
",visual_space,2025-09-25
3087,PG4310_raw.txt,2684,"The grocer stood looking toward the doorway.
",visual_space,2025-09-25
3088,PG16674_raw.txt,4241,"Once outside, he walked to the edge of the mesa and gazed down the moon-lit San Gregorio.
",visual_space,2025-09-25
3089,PG16674_raw.txt,4242,"Half a mile away he saw a moving black spot on the white ribbon of road.
",visual_space,2025-09-25
3090,PG16674_raw.txt,4345,"In a wicker chaise-longue John Parker lounged on the porch outside his room;
",descriptive_space,2025-09-25
3091,PG16674_raw.txt,4506,"A quarter of an hour later Kay saw him and Pablo ride out of the yard and over the hills toward the west;
",visual_space,2025-09-25
3092,PG16674_raw.txt,4507,"she observed that Farrel was riding his father's horse, wherefore she knew that he had left Panchito behind for her.
",visual_space,2025-09-25
3093,PG16674_raw.txt,4513,"I watched him through my binoculars.
",visual_space,2025-09-25
3094,PG16674_raw.txt,4514,"He came down into the wash of the San Gregorio--and I did not see him come out.
",visual_space,2025-09-25
3095,PG19351_raw.txt,830,"His eyes were constantly on the road, which lay like a brown ribbon a full mile straight before him.
",visual_space,2025-09-25
3096,PG26725_raw.txt,1026,"Turning, they saw their friend Tim Mills, coming along at the same slouching gait in which he always walked.
",visual_space,2025-09-25
3097,PG26725_raw.txt,1077,"They soon came in sight of the little house where Mills said the deserter was.
",visual_space,2025-09-25
3098,PG26725_raw.txt,1078,"A soldier's horse was standing tied at the gate, with a sword hung from the saddle.
",visual_space,2025-09-25
3099,PG26725_raw.txt,1079,"The owner, in full uniform, was sitting on the porch.
",descriptive_space,2025-09-25
3100,PG26725_raw.txt,1101,"They stood, gripping their guns and watching him as he advanced.
",visual_space,2025-09-25
3101,PG17301_raw.txt,3041,"so after I turns out the light I camps down on the windowseat and gazes out over the shrubby towards the water.
",visual_space,2025-09-25
3102,PG17301_raw.txt,3042,"I could see the top of the Hibbs house and a little wharf down on the shore.
",visual_space,2025-09-25
3103,PG17301_raw.txt,3166,"Half an hour later I saw him strollin' out on the wharf with one of the big sisters, and I knew it must be Violet.
",visual_space,2025-09-25
